{
 "__fileName__": "base/meta/Observer/HUDActor.obs",
 "__snoID__": 1525,
 "__type__": "ObserverDefinition",
 "__typeHash__": 134857105,
 "aFOV": 0.6108651757240295,
 "wvLookAtOffsetVector": {
  "x": 0,
  "y": 0,
  "z": 0
 },
 "wvCameraOffsetVector": {
  "x": 30,
  "y": 0,
  "z": 0
 },
 "fOverrideListenerOffsetVector": false,
 "wvListenerOffsetVector": {
  "x": 0,
  "y": 0,
  "z": 0.6000000238418579
 },
 "flCameraOffsetScalar": 1,
 "flMaximumCameraOffsetScalar": 1.149999976158142,
 "unk_c9a32ec": -1,
 "unk_3ac51ed": -1,
 "fOrthographic": true,
 "flFocalPlane": 10,
 "flFStop": 0,
 "unk_101b2fc": 0,
 "unk_6749d34": 0,
 "unk_839bfef": 0,
 "flZFar": 300,
 "flHeight": 96,
 "flFogStartScalar": 1,
 "flFogExponentScalar": 1,
 "unk_551d996": 6,
 "unk_e8a7758": 10,
 "unk_4f566f0": -0.4363323152065277,
 "unk_4771732": 0.6981316804885864,
 "flFollowSpeed": 1,
 "flFollowMaxLag": 0.6600000262260437,
 "unk_f4da6b2": 1.2000000476837158,
 "unk_483b79": 1.5,
 "unk_57e840d": 0.0872664600610733,
 "unk_d6fad4": 0.0872664600610733,
 "unk_6b455b8": 1.0471975803375244,
 "unk_15b7944": 3,
 "fCameraPercentFogDensity": 1,
 "bVelocityCamera": false,
 "flVelocityCameraSpeedModifier": 1,
 "flVelocityCameraInterpolationSpeed": 8,
 "flVelocityCameraMaxDistance": 10,
 "flVelocityCameraMinSpeed": 3,
 "unk_ee8e3a": 0.019999999552965164,
 "unk_e45f065": 0.029999999329447746
}
