{
 "__fileName__": "base/meta/Observer/QST_Hell_Sightless_Eye_Lilith_Cabin.obs",
 "__snoID__": 987845,
 "__type__": "ObserverDefinition",
 "__typeHash__": 134857105,
 "aFOV": 0.7853981852531433,
 "wvLookAtOffsetVector": {
  "x": -8,
  "y": 5,
  "z": 2
 },
 "wvCameraOffsetVector": {
  "x": 17,
  "y": 24,
  "z": 10
 },
 "unk_5a947a6": false,
 "unk_5c0680d": {
  "x": 0,
  "y": 0,
  "z": 0.6000000238418579
 },
 "flCameraOffsetScalar": 0.800000011920929,
 "flMaximumCameraOffsetScalar": 1.149999976158142,
 "unk_c9a32ec": -1,
 "unk_3ac51ed": -1,
 "fOrthographic": false,
 "flFocalPlane": 10,
 "flFStop": 0,
 "unk_101b2fc": 0,
 "unk_6749d34": 0,
 "unk_839bfef": 0,
 "flZFar": 900,
 "flHeight": 96,
 "flFogStartScalar": 1,
 "flFogExponentScalar": 1,
 "unk_551d996": 6,
 "unk_e8a7758": 10,
 "unk_4f566f0": -1.0471975803375244,
 "unk_4771732": 1.3089969158172607,
 "flFollowSpeed": 1,
 "unk_9fb28df": 0.6600000262260437,
 "unk_f4da6b2": 3,
 "unk_483b79": 3,
 "unk_57e840d": 0.0872664600610733,
 "unk_d6fad4": 0.0872664600610733,
 "unk_6b455b8": 1.0471975803375244,
 "unk_15b7944": 3,
 "unk_d2b3efc": 1,
 "bVelocityCamera": false,
 "unk_9e17f0a": 1,
 "unk_8f82b03": 8,
 "unk_777445b": 10,
 "flItemUntargetable": 3,
 "unk_ee8e3a": 0.019999999552965164,
 "unk_e45f065": 0.029999999329447746
}
