{
 "__fileName__": "base/meta/Observer/QST_Hawe_Marsh_TempleDoor.obs",
 "__snoID__": 741525,
 "__type__": "ObserverDefinition",
 "__typeHash__": 134857105,
 "aFOV": 0.6981316804885864,
 "wvLookAtOffsetVector": {
  "x": 0,
  "y": 0,
  "z": 3.25
 },
 "wvCameraOffsetVector": {
  "x": 10,
  "y": 10,
  "z": 12
 },
 "unk_5a947a6": false,
 "unk_5c0680d": {
  "x": 0,
  "y": 0,
  "z": 0.6000000238418579
 },
 "flCameraOffsetScalar": 1,
 "unk_3fe5936": 1.149999976158142,
 "unk_c9a32ec": 3,
 "unk_3ac51ed": 3,
 "fOrthographic": false,
 "flFocalPlane": 10,
 "flFStop": 0,
 "unk_101b2fc": 0,
 "unk_6749d34": 0,
 "unk_839bfef": 0,
 "flZFar": 200,
 "flHeight": 96,
 "unk_3853352": 1,
 "unk_76194b5": 1,
 "unk_551d996": 6,
 "unk_e8a7758": 10,
 "unk_4f566f0": -1.0471975803375244,
 "unk_4771732": 1.3089969158172607,
 "flFollowSpeed": 1,
 "unk_9fb28df": 0.6600000262260437,
 "unk_f4da6b2": 1.2000000476837158,
 "unk_483b79": 1.5,
 "unk_57e840d": 0.0872664600610733,
 "unk_d6fad4": 0.0872664600610733,
 "unk_6b455b8": 1.0471975803375244,
 "unk_15b7944": 3,
 "unk_d2b3efc": 1,
 "bVelocityCamera": false,
 "unk_9e17f0a": 1,
 "unk_8f82b03": 8,
 "unk_777445b": 10,
 "flItemUntargetable": 3,
 "unk_ee8e3a": 0.019999999552965164,
 "unk_e45f065": 0.029999999329447746
}
