{
 "__fileName__": "data/base/meta/MarkerSet/Ancients_Ruins_EW_TR8_02 (Theme_Gore).mrk",
 "__snoID__": 1212520,
 "__type__": "MarkerSetDefinition",
 "__typeHash__": 4093179991,
 "tMarkerSet": [
  {
   "__type__": "Marker",
   "__typeHash__": 3132676386,
   "dwHash": 357519324,
   "nID": 1,
   "eType": 0,
   "transform": {
    "__type__": "PRTransform",
    "__typeHash__": 2588169118,
    "q": {
     "__type__": "bcQuat",
     "__typeHash__": 3955716320,
     "x": 0,
     "y": 0,
     "z": 0.9988560676574707,
     "w": -0.04781932756304741
    },
    "wp": {
     "x": 16.40839958190918,
     "y": 8.8048095703125,
     "z": 5.8005499839782715
    }
   },
   "snoname": {
    "__raw__": 938465,
    "__group__": 57,
    "__type__": "DT_SNO_NAME",
    "__typeHash__": 3339108615,
    "groupName": "Material",
    "name": "Merged_Decal_Blood_03"
   },
   "dwMarkerFlags": 1024,
   "vecScale": {
    "x": 0.9113860130310059,
    "y": 2.3613901138305664,
    "z": 1.6353199481964111
   },
   "ptBase": [
    {
     "__type__": "MarkerDecalData",
     "__typeHash__": 2650697781,
     "dwType": 2650697781,
     "dwPad": 0,
     "unk_1e3c3c3": 0,
     "flAngleThreshold": 3.1415927410125732,
     "unk_18f0908": 0,
     "unk_ec8f2d4": 0,
     "unk_b0425e7": []
    }
   ],
   "ptGroupData": [],
   "ptMarkerLinks": [],
   "unk_c339f69": -1,
   "dwSeed": 0,
   "tPrefabData": {
    "__type__": "PrefabData",
    "__typeHash__": 3988626058,
    "dwFlags": 0,
    "unk_32bf9c6": 0,
    "eFadeMethod": 0,
    "nFadeGroup": 0,
    "unk_d094b9a": 0,
    "eCullingLevel": 0,
    "unk_4bfd602": 0,
    "dwShaderMapOverride": 4294967295,
    "snoTraversalSurface": null,
    "unk_b0425e7": []
   }
  },
  {
   "__type__": "Marker",
   "__typeHash__": 3132676386,
   "dwHash": 359891168,
   "nID": 9,
   "eType": 0,
   "transform": {
    "__type__": "PRTransform",
    "__typeHash__": 2588169118,
    "q": {
     "__type__": "bcQuat",
     "__typeHash__": 3955716320,
     "x": 0,
     "y": 0,
     "z": 0.7009650468826294,
     "w": 0.7131956815719604
    },
    "wp": {
     "x": 16.427799224853516,
     "y": 6.654300212860107,
     "z": 8.120829582214355
    }
   },
   "snoname": {
    "__raw__": 938467,
    "__group__": 57,
    "__type__": "DT_SNO_NAME",
    "__typeHash__": 3339108615,
    "groupName": "Material",
    "name": "Merged_Decal_Blood_05"
   },
   "dwMarkerFlags": 1024,
   "vecScale": {
    "x": 1.477139949798584,
    "y": 1.477139949798584,
    "z": 1.477139949798584
   },
   "ptBase": [
    {
     "__type__": "MarkerDecalData",
     "__typeHash__": 2650697781,
     "dwType": 2650697781,
     "dwPad": 0,
     "unk_1e3c3c3": 0,
     "flAngleThreshold": 3.1415927410125732,
     "unk_18f0908": 0,
     "unk_ec8f2d4": 0,
     "unk_b0425e7": []
    }
   ],
   "ptGroupData": [],
   "ptMarkerLinks": [],
   "unk_c339f69": -1,
   "dwSeed": 0,
   "tPrefabData": {
    "__type__": "PrefabData",
    "__typeHash__": 3988626058,
    "dwFlags": 0,
    "unk_32bf9c6": 0,
    "eFadeMethod": 0,
    "nFadeGroup": 0,
    "unk_d094b9a": 0,
    "eCullingLevel": 0,
    "unk_4bfd602": 0,
    "dwShaderMapOverride": 4294967295,
    "snoTraversalSurface": null,
    "unk_b0425e7": []
   }
  },
  {
   "__type__": "Marker",
   "__typeHash__": 3132676386,
   "dwHash": 2965539286,
   "nID": 10,
   "eType": 0,
   "transform": {
    "__type__": "PRTransform",
    "__typeHash__": 2588169118,
    "q": {
     "__type__": "bcQuat",
     "__typeHash__": 3955716320,
     "x": 0.010825355537235737,
     "y": 0.0005074890796095133,
     "z": 0.36485153436660767,
     "w": 0.931002676486969
    },
    "wp": {
     "x": 16.180400848388672,
     "y": 4.920619964599609,
     "z": 8.011489868164062
    }
   },
   "snoname": {
    "__raw__": 1047084,
    "__group__": 24,
    "__type__": "DT_SNO_NAME",
    "__typeHash__": 3339108615,
    "groupName": "MarkerSet",
    "name": "Theme_Gore_I_Prefab"
   },
   "dwMarkerFlags": 0,
   "vecScale": {
    "x": 1,
    "y": 1,
    "z": 1
   },
   "ptBase": [
    {
     "__type__": "MarkerPrefabData",
     "__typeHash__": 3127494188,
     "dwType": 3127494188,
     "dwPad": 0,
     "arPrefabCustomizations": []
    }
   ],
   "ptGroupData": [],
   "ptMarkerLinks": [],
   "unk_c339f69": -1,
   "dwSeed": 0,
   "tPrefabData": {
    "__type__": "PrefabData",
    "__typeHash__": 3988626058,
    "dwFlags": 1048,
    "unk_32bf9c6": 0,
    "eFadeMethod": 0,
    "nFadeGroup": 0,
    "unk_d094b9a": 3,
    "eCullingLevel": 0,
    "unk_4bfd602": 0,
    "dwShaderMapOverride": 4294967295,
    "snoTraversalSurface": null,
    "unk_b0425e7": []
   }
  },
  {
   "__type__": "Marker",
   "__typeHash__": 3132676386,
   "dwHash": 3786794807,
   "nID": 12,
   "eType": 0,
   "transform": {
    "__type__": "PRTransform",
    "__typeHash__": 2588169118,
    "q": {
     "__type__": "bcQuat",
     "__typeHash__": 3955716320,
     "x": 0.07729814946651459,
     "y": 0.15112470090389252,
     "z": 0.9738510251045227,
     "w": -0.15099835395812988
    },
    "wp": {
     "x": 16.840999603271484,
     "y": 22.841299057006836,
     "z": 1.2638100385665894
    }
   },
   "snoname": {
    "__raw__": 1047725,
    "__group__": 24,
    "__type__": "DT_SNO_NAME",
    "__typeHash__": 3339108615,
    "groupName": "MarkerSet",
    "name": "Theme_Gore_J_Prefab"
   },
   "dwMarkerFlags": 0,
   "vecScale": {
    "x": 1,
    "y": 1,
    "z": 1
   },
   "ptBase": [
    {
     "__type__": "MarkerPrefabData",
     "__typeHash__": 3127494188,
     "dwType": 3127494188,
     "dwPad": 0,
     "arPrefabCustomizations": []
    }
   ],
   "ptGroupData": [],
   "ptMarkerLinks": [],
   "unk_c339f69": -1,
   "dwSeed": 0,
   "tPrefabData": {
    "__type__": "PrefabData",
    "__typeHash__": 3988626058,
    "dwFlags": 1048,
    "unk_32bf9c6": 0,
    "eFadeMethod": 0,
    "nFadeGroup": 0,
    "unk_d094b9a": 3,
    "eCullingLevel": 0,
    "unk_4bfd602": 0,
    "dwShaderMapOverride": 4294967295,
    "snoTraversalSurface": null,
    "unk_b0425e7": []
   }
  },
  {
   "__type__": "Marker",
   "__typeHash__": 3132676386,
   "dwHash": 357519325,
   "nID": 14,
   "eType": 0,
   "transform": {
    "__type__": "PRTransform",
    "__typeHash__": 2588169118,
    "q": {
     "__type__": "bcQuat",
     "__typeHash__": 3955716320,
     "x": 0.002723443554714322,
     "y": 0.10133010894060135,
     "z": 0.9944900274276733,
     "w": -0.02672884427011013
    },
    "wp": {
     "x": 16.95709991455078,
     "y": 24.227100372314453,
     "z": 0.14892299473285675
    }
   },
   "snoname": {
    "__raw__": 938465,
    "__group__": 57,
    "__type__": "DT_SNO_NAME",
    "__typeHash__": 3339108615,
    "groupName": "Material",
    "name": "Merged_Decal_Blood_03"
   },
   "dwMarkerFlags": 1024,
   "vecScale": {
    "x": 1,
    "y": 2.25,
    "z": 1
   },
   "ptBase": [
    {
     "__type__": "MarkerDecalData",
     "__typeHash__": 2650697781,
     "dwType": 2650697781,
     "dwPad": 0,
     "unk_1e3c3c3": 0,
     "flAngleThreshold": 3.1415927410125732,
     "unk_18f0908": 0,
     "unk_ec8f2d4": 0,
     "unk_b0425e7": []
    }
   ],
   "ptGroupData": [],
   "ptMarkerLinks": [],
   "unk_c339f69": -1,
   "dwSeed": 0,
   "tPrefabData": {
    "__type__": "PrefabData",
    "__typeHash__": 3988626058,
    "dwFlags": 0,
    "unk_32bf9c6": 0,
    "eFadeMethod": 0,
    "nFadeGroup": 0,
    "unk_d094b9a": 0,
    "eCullingLevel": 0,
    "unk_4bfd602": 0,
    "dwShaderMapOverride": 4294967295,
    "snoTraversalSurface": null,
    "unk_b0425e7": []
   }
  },
  {
   "__type__": "Marker",
   "__typeHash__": 3132676386,
   "dwHash": 355147482,
   "nID": 16,
   "eType": 0,
   "transform": {
    "__type__": "PRTransform",
    "__typeHash__": 2588169118,
    "q": {
     "__type__": "bcQuat",
     "__typeHash__": 3955716320,
     "x": 0,
     "y": 0,
     "z": 0,
     "w": 1
    },
    "wp": {
     "x": 17.225799560546875,
     "y": 27.701200485229492,
     "z": 0.0651772990822792
    }
   },
   "snoname": {
    "__raw__": 938463,
    "__group__": 57,
    "__type__": "DT_SNO_NAME",