{
 "__fileName__": "data/base/meta/MarkerSet/Ancient_ruins_Large_window_wall_01_PF.mrk",
 "__snoID__": 592555,
 "__type__": "MarkerSetDefinition",
 "__typeHash__": 4093179991,
 "tMarkerSet": [
  {
   "__type__": "Marker",
   "__typeHash__": 3132676386,
   "dwHash": 1173755392,
   "nID": 1,
   "eType": 0,
   "transform": {
    "__type__": "PRTransform",
    "__typeHash__": 2588169118,
    "q": {
     "__type__": "bcQuat",
     "__typeHash__": 3955716320,
     "x": -0.09783443808555603,
     "y": 0.12679661810398102,
     "z": -0.5193489193916321,
     "w": 0.8394210338592529
    },
    "wp": {
     "x": 0.5767560005187988,
     "y": -2.748300075531006,
     "z": 2.7266199588775635
    }
   },
   "snoname": {
    "value": 592172,
    "group": 24,
    "groupName": "MarkerSet"
   },
   "dwMarkerFlags": 0,
   "vecScale": {
    "x": 0.8703269958496094,
    "y": 0.8703269958496094,
    "z": 0.8703269958496094
   },
   "ptBase": [
    {
     "__type__": "MarkerPrefabData",
     "__typeHash__": 3127494188,
     "dwType": 3127494188,
     "dwPad": 0,
     "arPrefabCustomizations": []
    }
   ],
   "ptGroupData": [],
   "ptMarkerLinks": [],
   "unk_c339f69": -1,
   "dwSeed": 0,
   "tPrefabData": {
    "__type__": "PrefabData",
    "__typeHash__": 3988626058,
    "dwFlags": 0,
    "unk_32bf9c6": 0,
    "eFadeMethod": 0,
    "nFadeGroup": 0,
    "unk_d094b9a": 0,
    "eCullingLevel": 0,
    "unk_4bfd602": 0,
    "unk_6c0cb90": 4294967295,
    "snoTraversalSurface": {
     "value": -1,
     "group": 43,
     "groupName": "Surface"
    },
    "unk_b0425e7": []
   }
  },
  {
   "__type__": "Marker",
   "__typeHash__": 3132676386,
   "dwHash": 1173755393,
   "nID": 2,
   "eType": 0,
   "transform": {
    "__type__": "PRTransform",
    "__typeHash__": 2588169118,
    "q": {
     "__type__": "bcQuat",
     "__typeHash__": 3955716320,
     "x": -0.09783443808555603,
     "y": 0.12679661810398102,
     "z": -0.5193489193916321,
     "w": 0.8394210338592529
    },
    "wp": {
     "x": -0.4942440092563629,
     "y": 1.7790100574493408,
     "z": 1.6014399528503418
    }
   },
   "snoname": {
    "value": 592172,
    "group": 24,
    "groupName": "MarkerSet"
   },
   "dwMarkerFlags": 0,
   "vecScale": {
    "x": 0.8703269958496094,
    "y": 0.8703269958496094,
    "z": 0.8703269958496094
   },
   "ptBase": [
    {
     "__type__": "MarkerPrefabData",
     "__typeHash__": 3127494188,
     "dwType": 3127494188,
     "dwPad": 0,
     "arPrefabCustomizations": []
    }
   ],
   "ptGroupData": [],
   "ptMarkerLinks": [],
   "unk_c339f69": -1,
   "dwSeed": 0,
   "tPrefabData": {
    "__type__": "PrefabData",
    "__typeHash__": 3988626058,
    "dwFlags": 0,
    "unk_32bf9c6": 0,
    "eFadeMethod": 0,
    "nFadeGroup": 0,
    "unk_d094b9a": 0,
    "eCullingLevel": 0,
    "unk_4bfd602": 0,
    "unk_6c0cb90": 4294967295,
    "snoTraversalSurface": {
     "value": -1,
     "group": 43,
     "groupName": "Surface"
    },
    "unk_b0425e7": []
   }
  },
  {
   "__type__": "Marker",
   "__typeHash__": 3132676386,
   "dwHash": 1173755394,
   "nID": 3,
   "eType": 0,
   "transform": {
    "__type__": "PRTransform",
    "__typeHash__": 2588169118,
    "q": {
     "__type__": "bcQuat",
     "__typeHash__": 3955716320,
     "x": 0.6797349452972412,
     "y": 0.7149498462677002,
     "z": 0.15430285036563873,
     "w": 0.05475301668047905
    },
    "wp": {
     "x": 0.543071985244751,
     "y": -1.943019986152649,
     "z": -1.117900013923645
    }
   },
   "snoname": {
    "value": 592172,
    "group": 24,
    "groupName": "MarkerSet"
   },
   "dwMarkerFlags": 0,
   "vecScale": {
    "x": 0.8703269958496094,
    "y": 0.8703269958496094,
    "z": 0.8703269958496094
   },
   "ptBase": [
    {
     "__type__": "MarkerPrefabData",
     "__typeHash__": 3127494188,
     "dwType": 3127494188,
     "dwPad": 0,
     "arPrefabCustomizations": []
    }
   ],
   "ptGroupData": [],
   "ptMarkerLinks": [],
   "unk_c339f69": -1,
   "dwSeed": 0,
   "tPrefabData": {
    "__type__": "PrefabData",
    "__typeHash__": 3988626058,
    "dwFlags": 0,
    "unk_32bf9c6": 0,
    "eFadeMethod": 0,
    "nFadeGroup": 0,
    "unk_d094b9a": 0,
    "eCullingLevel": 0,
    "unk_4bfd602": 0,
    "unk_6c0cb90": 4294967295,
    "snoTraversalSurface": {
     "value": -1,
     "group": 43,
     "groupName": "Surface"
    },
    "unk_b0425e7": []
   }
  },
  {
   "__type__": "Marker",
   "__typeHash__": 3132676386,
   "dwHash": 1173755395,
   "nID": 4,
   "eType": 0,
   "transform": {
    "__type__": "PRTransform",
    "__typeHash__": 2588169118,
    "q": {
     "__type__": "bcQuat",
     "__typeHash__": 3955716320,
     "x": 0.7107867002487183,
     "y": 0.6870501041412354,
     "z": 0.12552231550216675,
     "w": 0.08359820395708084
    },
    "wp": {
     "x": -0.5767560005187988,
     "y": 2.748300075531006,
     "z": -2.7266199588775635
    }
   },
   "snoname": {
    "value": 592172,
    "group": 24,
    "groupName": "MarkerSet"
   },
   "dwMarkerFlags": 0,
   "vecScale": {
    "x": 0.8703269958496094,
    "y": 0.8703269958496094,
    "z": 0.8703269958496094
   },
   "ptBase": [
    {
     "__type__": "MarkerPrefabData",
     "__typeHash__": 3127494188,
     "dwType": 3127494188,
     "dwPad": 0,
     "arPrefabCustomizations": []
    }
   ],
   "ptGroupData": [],
   "ptMarkerLinks": [],
   "unk_c339f69": -1,
   "dwSeed": 0,
   "tPrefabData": {
    "__type__": "PrefabData",
    "__typeHash__": 3988626058,
    "dwFlags": 0,
    "unk_32bf9c6": 0,
    "eFadeMethod": 0,
    "nFadeGroup": 0,
    "unk_d094b9a": 0,
    "eCullingLevel": 0,
    "unk_4bfd602": 0,
    "unk_6c0cb90": 4294967295,
    "snoTraversalSurface": {
     "value": -1,
     "group": 43,
     "groupName": "Surface"
    },
    "unk_b0425e7": []
   }
  }
 ],
 "dwMarkerSetFlags": 131337,
 "nLabel": {
  "value": 4294967295,
  "group": 4
 },
 "unk_677237e": {
  "value": -1,
  "group": 51,
  "groupName": "Condition"
 },
 "unk_6d7f2e9": [],
 "unk_db67c2c": "0",
 "ptChunks": [],
 "unk_a3613db": [],
 "unk_6458d11": [],
 "unk_2bbd1d": {
  "__type__": "Type_c8d78ce7",
  "__typeHash__": 3369569511,
  "nWidth": 0,
  "nHeight": 0,
  "nDepth": 0,
  "dwPitch": 0,
  "dwSlicePitch": 0,
  "flGridSize": 0,
  "wpOrigin": {
   "x": 0,
   "y": 0,
   "z": 0
  },
  "unk_4b236f4": "0",
  "unk_aa0958e": [],
  "unk_aa09583": [],
  "unk_aa0957e": [],
  "unk_dd3cf4b": [],
  "unk_dd3cf40": [],
  "unk_dd3cf3b": []
 },
 "unk_69b6741": [],
 "unk_2f217b0": -1,
 "unk_d0a9662": "0"
}
