{
 "__fileName__": "data/base/meta/MarkerSet/Ancients_Ruins_S_01 (Merged).mrk",
 "__snoID__": 236057,
 "__type__": "MarkerSetDefinition",
 "__typeHash__": 4093179991,
 "tMarkerSet": [],
 "dwMarkerSetFlags": 131333,
 "nLabel": {
  "value": 4294967295,
  "type": "gbid",
  "group": 4
 },
 "unk_677237e": {
  "value": -1,
  "group": 51,
  "groupName": "Condition",
  "type": "sno"
 },
 "unk_6d7f2e9": [],
 "unk_db67c2c": "0",
 "ptChunks": [
  {
   "__type__": "Type_79fa66b0",
   "__typeHash__": 2046453424,
   "unk_eaeca19": {
    "__type__": "DT_VARIABLEARRAY",
    "__typeHash__": 3244749660,
    "__flags__": 2097152,
    "__external__": true,
    "value": {
     "__typeHash__": 2051550180,
     "__type__": "Type_7a482be4",
     "dataOffset": 32,
     "dataSize": 936
    }
   },
   "unk_7934bc2": {
    "__type__": "Type_cd5b4347",
    "__typeHash__": 3445310279,
    "unk_69b6741": {
     "__type__": "DT_VARIABLEARRAY",
     "__typeHash__": 3244749660,
     "__flags__": 2097153,
     "__external__": true,
     "value": {
      "__typeHash__": 1028015787,
      "__type__": "DT_BYTE",
      "dataOffset": 2448,
      "dataSize": 11424
     }
    }
   },
   "unk_2f217b0": 0,
   "aabbBounds": {
    "__type__": "AABB",
    "__typeHash__": 2408934,
    "wp": {
     "x": 30.47128677368164,
     "y": 12.592876434326172,
     "z": -27.974842071533203
    },
    "wvExt": {
     "x": 6.475673675537109,
     "y": 6.34320068359375,
     "z": 30.008243560791016
    }
   }
  },
  {
   "__type__": "Type_79fa66b0",
   "__typeHash__": 2046453424,
   "unk_eaeca19": {
    "__type__": "DT_VARIABLEARRAY",
    "__typeHash__": 3244749660,
    "__flags__": 2097152,
    "__external__": true,
    "value": {
     "__typeHash__": 2051550180,
     "__type__": "Type_7a482be4",
     "dataOffset": 13872,
     "dataSize": 72
    }
   },
   "unk_7934bc2": {
    "__type__": "Type_cd5b4347",
    "__typeHash__": 3445310279,
    "unk_69b6741": {
     "__type__": "DT_VARIABLEARRAY",
     "__typeHash__": 3244749660,
     "__flags__": 2097153,
     "__external__": true,
     "value": {
      "__typeHash__": 1028015787,
      "__type__": "DT_BYTE",
      "dataOffset": 14024,
      "dataSize": 40360
     }
    }
   },
   "unk_2f217b0": 0,
   "aabbBounds": {
    "__type__": "AABB",
    "__typeHash__": 2408934,
    "wp": {
     "x": 13.96709156036377,
     "y": 15.71742057800293,
     "z": -42.381797790527344
    },
    "wvExt": {
     "x": 19.9152774810791,
     "y": 21.32239532470703,
     "z": 17.16373062133789
    }
   }
  },
  {
   "__type__": "Type_79fa66b0",
   "__typeHash__": 2046453424,
   "unk_eaeca19": {
    "__type__": "DT_VARIABLEARRAY",
    "__typeHash__": 3244749660,
    "__flags__": 2097152,
    "__external__": true,
    "value": {
     "__typeHash__": 2051550180,
     "__type__": "Type_7a482be4",
     "dataOffset": 54384,
     "dataSize": 1224
    }
   },
   "unk_7934bc2": {
    "__type__": "Type_cd5b4347",
    "__typeHash__": 3445310279,
    "unk_69b6741": {
     "__type__": "DT_VARIABLEARRAY",
     "__typeHash__": 3244749660,
     "__flags__": 2097153,
     "__external__": true,
     "value": {
      "__typeHash__": 1028015787,
      "__type__": "DT_BYTE",
      "dataOffset": 57344,
      "dataSize": 22964
     }
    }
   },
   "unk_2f217b0": 0,
   "aabbBounds": {
    "__type__": "AABB",
    "__typeHash__": 2408934,
    "wp": {
     "x": 29.926233291625977,
     "y": 22.56320571899414,
     "z": -24.120445251464844
    },
    "wvExt": {
     "x": 9.494997024536133,
     "y": 12.542682647705078,
     "z": 30.657548904418945
    }
   }
  }
 ],
 "unk_a3613db": [],
 "unk_6458d11": [],
 "unk_2bbd1d": {
  "__type__": "Type_c8d78ce7",
  "__typeHash__": 3369569511,
  "nWidth": 0,
  "nHeight": 0,
  "nDepth": 0,
  "dwPitch": 0,
  "dwSlicePitch": 0,
  "flGridSize": 0,
  "wpOrigin": {
   "x": 0,
   "y": 0,
   "z": 0
  },
  "unk_4b236f4": "0",
  "unk_aa0958e": {
   "__type__": "DT_VARIABLEARRAY",
   "__typeHash__": 3244749660,
   "__flags__": 2097153,
   "__external__": true,
   "value": {
    "__typeHash__": 1028759507,
    "__type__": "DT_WORD",
    "dataOffset": 0,
    "dataSize": 0
   }
  },
  "unk_aa09583": {
   "__type__": "DT_VARIABLEARRAY",
   "__typeHash__": 3244749660,
   "__flags__": 2097153,
   "__external__": true,
   "value": {
    "__typeHash__": 1028759507,
    "__type__": "DT_WORD",
    "dataOffset": 0,
    "dataSize": 0
   }
  },
  "unk_aa0957e": {
   "__type__": "DT_VARIABLEARRAY",
   "__typeHash__": 3244749660,
   "__flags__": 2097153,
   "__external__": true,
   "value": {
    "__typeHash__": 1028759507,
    "__type__": "DT_WORD",
    "dataOffset": 0,
    "dataSize": 0
   }
  },
  "unk_dd3cf4b": {
   "__type__": "DT_VARIABLEARRAY",
   "__typeHash__": 3244749660,
   "__flags__": 2097153,
   "__external__": true,
   "value": {
    "__typeHash__": 1028759507,
    "__type__": "DT_WORD",
    "dataOffset": 0,
    "dataSize": 0
   }
  },
  "unk_dd3cf40": {
   "__type__": "DT_VARIABLEARRAY",
   "__typeHash__": 3244749660,
   "__flags__": 2097153,
   "__external__": true,
   "value": {
    "__typeHash__": 1028759507,
    "__type__": "DT_WORD",
    "dataOffset": 0,
    "dataSize": 0
   }
  },
  "unk_dd3cf3b": {
   "__type__": "DT_VARIABLEARRAY",
   "__typeHash__": 3244749660,
   "__flags__": 2097153,
   "__external__": true,
   "value": {
    "__typeHash__": 1028759507,
    "__type__": "DT_WORD",
    "dataOffset": 0,
    "dataSize": 0
   }
  }
 },
 "unk_69b6741": {
  "__type__": "DT_VARIABLEARRAY",
  "__typeHash__": 3244749660,
  "__flags__": 2097152,
  "__external__": true,
  "value": {
   "__typeHash__": 1028015787,
   "__type__": "DT_BYTE",
   "dataOffset": 0,
   "dataSize": 0
  }
 },
 "unk_2f217b0": -1,
 "unk_d0a9662": "0"
}
