{
 "__fileName__": "base/meta/MarkerSet/Cannibal_Edge_2x4_04_Prefab.mrk",
 "__snoID__": 1027110,
 "__type__": "MarkerSetDefinition",
 "__typeHash__": 4093179991,
 "tMarkerSet": [
  {
   "__type__": "Marker",
   "__typeHash__": 3132676386,
   "dwHash": 401398434,
   "nID": 5,
   "eType": 0,
   "transform": {
    "__type__": "PRTransform",
    "__typeHash__": 2588169118,
    "q": {
     "__type__": "bcQuat",
     "__typeHash__": 3955716320,
     "x": -7.450580596923828e-9,
     "y": -9.313225746154785e-9,
     "z": 0.8946061134338379,
     "w": 0.446855753660202
    },
    "wp": {
     "x": -0.39478299021720886,
     "y": 0.20795199275016785,
     "z": 0.061364199966192245
    }
   },
   "snoname": {
    "__raw__": 938480,
    "__group__": 57,
    "__type__": "DT_SNO_NAME",
    "__typeHash__": 3339108615,
    "__targetFileName__": "base/meta/Material/Merged_Decal_Blood_17.mat",
    "groupName": "Material",
    "name": "Merged_Decal_Blood_17"
   },
   "dwMarkerFlags": 1024,
   "dwMarkerFlagsEx": 0,
   "vecScale": {
    "x": 1,
    "y": 1,
    "z": 1
   },
   "ptBase": [
    {
     "__type__": "MarkerDecalData",
     "__typeHash__": 2650697781,
     "dwType": 2650697781,
     "dwPad": 0,
     "unk_1e3c3c3": 0,
     "flAngleThreshold": 3.1415927410125732,
     "unk_18f0908": 0,
     "bDieOverride": false,
     "ptRunTimeMaterialValues": []
    }
   ],
   "ptGroupData": [],
   "ptMarkerLinks": [],
   "unk_c339f69": -1,
   "dwSeed": 0,
   "tPrefabData": {
    "__type__": "PrefabData",
    "__typeHash__": 3988626058,
    "dwFlags": 0,
    "unk_32bf9c6": 0,
    "eFadeMethod": 0,
    "nFadeGroup": 0,
    "unk_d094b9a": 0,
    "eCullingLevel": 0,
    "szLookOverride": 0,
    "dwShaderMapOverride": 4294967295,
    "snoTraversalSurface": null,
    "ptRunTimeMaterialValues": []
   }
  },
  {
   "__type__": "Marker",
   "__typeHash__": 3132676386,
   "dwHash": 401398436,
   "nID": 14,
   "eType": 0,
   "transform": {
    "__type__": "PRTransform",
    "__typeHash__": 2588169118,
    "q": {
     "__type__": "bcQuat",
     "__typeHash__": 3955716320,
     "x": -0.058244653046131134,
     "y": -0.020416369661688805,
     "z": 0.9980315566062927,
     "w": 0.011123727075755596
    },
    "wp": {
     "x": 1.1209499835968018,
     "y": -0.8841230273246765,
     "z": 0.0006302520050667226
    }
   },
   "snoname": {
    "__raw__": 938480,
    "__group__": 57,
    "__type__": "DT_SNO_NAME",
    "__typeHash__": 3339108615,
    "__targetFileName__": "base/meta/Material/Merged_Decal_Blood_17.mat",
    "groupName": "Material",
    "name": "Merged_Decal_Blood_17"
   },
   "dwMarkerFlags": 1024,
   "dwMarkerFlagsEx": 0,
   "vecScale": {
    "x": 1,
    "y": 1,
    "z": 1
   },
   "ptBase": [
    {
     "__type__": "MarkerDecalData",
     "__typeHash__": 2650697781,
     "dwType": 2650697781,
     "dwPad": 0,
     "unk_1e3c3c3": 0,
     "flAngleThreshold": 3.1415927410125732,
     "unk_18f0908": 0,
     "bDieOverride": false,
     "ptRunTimeMaterialValues": []
    }
   ],
   "ptGroupData": [],
   "ptMarkerLinks": [],
   "unk_c339f69": -1,
   "dwSeed": 0,
   "tPrefabData": {
    "__type__": "PrefabData",
    "__typeHash__": 3988626058,
    "dwFlags": 0,
    "unk_32bf9c6": 0,
    "eFadeMethod": 0,
    "nFadeGroup": 0,
    "unk_d094b9a": 0,
    "eCullingLevel": 0,
    "szLookOverride": 0,
    "dwShaderMapOverride": 4294967295,
    "snoTraversalSurface": null,
    "ptRunTimeMaterialValues": []
   }
  },
  {
   "__type__": "Marker",
   "__typeHash__": 3132676386,
   "dwHash": 401398435,
   "nID": 16,
   "eType": 0,
   "transform": {
    "__type__": "PRTransform",
    "__typeHash__": 2588169118,
    "q": {
     "__type__": "bcQuat",
     "__typeHash__": 3955716320,
     "x": -0.01928771659731865,
     "y": -0.02845972403883934,
     "z": 0.8319587707519531,
     "w": 0.5537713766098022
    },
    "wp": {
     "x": -0.13120999932289124,
     "y": -1.4230799674987793,
     "z": -0.16806499660015106
    }
   },
   "snoname": {
    "__raw__": 938480,
    "__group__": 57,
    "__type__": "DT_SNO_NAME",
    "__typeHash__": 3339108615,
    "__targetFileName__": "base/meta/Material/Merged_Decal_Blood_17.mat",
    "groupName": "Material",
    "name": "Merged_Decal_Blood_17"
   },
   "dwMarkerFlags": 1024,
   "dwMarkerFlagsEx": 0,
   "vecScale": {
    "x": 1,
    "y": 1,
    "z": 1
   },
   "ptBase": [
    {
     "__type__": "MarkerDecalData",
     "__typeHash__": 2650697781,
     "dwType": 2650697781,
     "dwPad": 0,
     "unk_1e3c3c3": 0,
     "flAngleThreshold": 3.1415927410125732,
     "unk_18f0908": 0,
     "bDieOverride": false,
     "ptRunTimeMaterialValues": []
    }
   ],
   "ptGroupData": [],
   "ptMarkerLinks": [],
   "unk_c339f69": -1,
   "dwSeed": 0,
   "tPrefabData": {
    "__type__": "PrefabData",
    "__typeHash__": 3988626058,
    "dwFlags": 0,
    "unk_32bf9c6": 0,
    "eFadeMethod": 0,
    "nFadeGroup": 0,
    "unk_d094b9a": 0,
    "eCullingLevel": 0,
    "szLookOverride": 0,
    "dwShaderMapOverride": 4294967295,
    "snoTraversalSurface": null,
    "ptRunTimeMaterialValues": []
   }
  },
  {
   "__type__": "Marker",
   "__typeHash__": 3132676386,
   "dwHash": 396957126,
   "nID": 1,
   "eType": 0,
   "transform": {
    "__type__": "PRTransform",
    "__typeHash__": 2588169118,
    "q": {
     "__type__": "bcQuat",
     "__typeHash__": 3955716320,
     "x": 0,
     "y": 0,
     "z": 0,
     "w": 1
    },
    "wp": {
     "x": -0.2747119963169098,
     "y": -0.27975499629974365,
     "z": 0.12278799712657928
    }
   },
   "snoname": {
    "__raw__": 470388,
    "__group__": 1,
    "__type__": "DT_SNO_NAME",
    "__typeHash__": 3339108615,
    "__targetFileName__": "base/meta/Actor/Cannibal_Edge_2x2_04_Arrangement.acr",
    "groupName": "Actor",
    "name": "Cannibal_Edge_2x2_04_Arrangement"
   },
   "dwMarkerFlags": 2,
   "dwMarkerFlagsEx": 0,
   "vecScale": {
    "x": 1,
    "y": 1,
    "z": 1
   },
   "ptBase": [
    {
     "__type__": "MarkerActorData",
     "__typeHash__": 2780317717,
     "dwType": 2780317717,
     "dwPad": 0,
     "szLookName": 0,
     "dwShaderMapOverride": 4294967295,
     "dwMarkerActorFlags": 0,
     "eFadeMethod": 0,
     "nFadeGroup": 0,
     "unk_d094b9a": 1,
     "unk_529dc44": 2,
     "eActorType": 2,
     "eGizmoType": 48,
     "unk_940ff8e": 0,
     "ptServerData": [
      {
       "__type__": "MarkerServerData",
       "__typeHash__": 3047785107,
       "fHiddenUntilUnlocked": false,
       "snoScript": [],
       "unk_ebb20cd": null,
       "unk_cb8d889": null,
       "unk_6bf9013": null,
       "unk_6bc1c5f": null,
       "unk_cdb454b": null,
       "arActorGroups": [],
       "arPrefabScopedActorGroups": [],
       "fStartDisabled": false,
       "snoPhasingVisibilityCondition": null,
       "snoPowerDeathOverride": null
      }
     ],
     "ptMonsterActorData": [],
     "ptActorGizmoData": [
      {
       "__type__": "MarkerActorGizmoData",
       "__typeHash__": 3464528123,
       "ptDoorGizmoData": [],
       "ptLockData": [],
       "ptSwitchBehaviorData": [],
       "ptPOICameraInstanceData": [],
       "ptTraversalInstanceData": [],
       "ptBossDoorInstanceData": [],
       "ptChestGizmoData": [],
       "ptSpawnerGizmoData": [],
       "ptPortalGizmoData": [],
       "ptPortalDestGizmoData": [],
       "ptSavePointGizmoData": [],
       "ptProxData": [],
       "ptTriggerProximityGizmoData": [],
       "ptGizmoConditionData": [
        {
         "__type__": "GizmoConditionData",
         "__typeHash__": 2664386791,
         "snoGizmoCondition": null
        }
       ],
       "ptMarkerBaseGizmoData": [
        {
         "__type__": "MarkerBaseGizmoData",
         "__typeHash__": 598155613,
         "fQuestRestricted": false,
         "fGizmoStartsDisabled": false
        }
       ],
       "ptDestroyableObjectGizmoData": [
        {
         "__type__": "MarkerDestroyableObjectGizmoData",
         "__typeHash__": 1931790071,
         "unk_54513b8": false
        }
       ],
       "ptWaypointGizmoData": [],