{
 "__fileName__": "base/meta/MarkerSet/Cave_Mine_NEW_01 (Shared).mrk",
 "__snoID__": 455169,
 "__type__": "MarkerSetDefinition",
 "__typeHash__": 4093179991,
 "tMarkerSet": [
  {
   "__type__": "Marker",
   "__typeHash__": 3132676386,
   "dwHash": 1805412095,
   "nID": 764,
   "eType": 0,
   "transform": {
    "__type__": "PRTransform",
    "__typeHash__": 2588169118,
    "q": {
     "__type__": "bcQuat",
     "__typeHash__": 3955716320,
     "x": 0.6180625557899475,
     "y": 0.7213963270187378,
     "z": -0.25367918610572815,
     "w": -0.18229897320270538
    },
    "wp": {
     "x": 11.958499908447266,
     "y": 1.4536700248718262,
     "z": 3.449350118637085
    }
   },
   "snoname": {
    "__raw__": 466266,
    "__group__": 24,
    "__type__": "DT_SNO_NAME",
    "__typeHash__": 3339108615,
    "__targetFileName__": "base/meta/MarkerSet/Cave_Mine_Wood_Scafold_Post_A_01.mrk",
    "groupName": "MarkerSet",
    "name": "Cave_Mine_Wood_Scafold_Post_A_01"
   },
   "dwMarkerFlags": 0,
   "dwMarkerFlagsEx": 0,
   "vecScale": {
    "x": 0.8544520139694214,
    "y": 0.8544520139694214,
    "z": 0.8544520139694214
   },
   "ptBase": [
    {
     "__type__": "MarkerPrefabData",
     "__typeHash__": 3127494188,
     "dwType": 3127494188,
     "dwPad": 0,
     "arPrefabCustomizations": []
    }
   ],
   "ptGroupData": [],
   "ptMarkerLinks": [],
   "unk_c339f69": -1,
   "dwSeed": 0,
   "tPrefabData": {
    "__type__": "PrefabData",
    "__typeHash__": 3988626058,
    "dwFlags": 0,
    "unk_32bf9c6": 0,
    "eFadeMethod": 0,
    "nFadeGroup": 0,
    "unk_d094b9a": 0,
    "eCullingLevel": 0,
    "szLookOverride": 0,
    "dwShaderMapOverride": 4294967295,
    "snoTraversalSurface": null,
    "ptRunTimeMaterialValues": []
   }
  },
  {
   "__type__": "Marker",
   "__typeHash__": 3132676386,
   "dwHash": 1805412096,
   "nID": 765,
   "eType": 0,
   "transform": {
    "__type__": "PRTransform",
    "__typeHash__": 2588169118,
    "q": {
     "__type__": "bcQuat",
     "__typeHash__": 3955716320,
     "x": 0.44443050026893616,
     "y": 0.47677549719810486,
     "z": 0.564503014087677,
     "w": 0.5064613223075867
    },
    "wp": {
     "x": 11.516200065612793,
     "y": 1.5583399534225464,
     "z": 4.658100128173828
    }
   },
   "snoname": {
    "__raw__": 466266,
    "__group__": 24,
    "__type__": "DT_SNO_NAME",
    "__typeHash__": 3339108615,
    "__targetFileName__": "base/meta/MarkerSet/Cave_Mine_Wood_Scafold_Post_A_01.mrk",
    "groupName": "MarkerSet",
    "name": "Cave_Mine_Wood_Scafold_Post_A_01"
   },
   "dwMarkerFlags": 0,
   "dwMarkerFlagsEx": 0,
   "vecScale": {
    "x": 1,
    "y": 1,
    "z": 1
   },
   "ptBase": [
    {
     "__type__": "MarkerPrefabData",
     "__typeHash__": 3127494188,
     "dwType": 3127494188,
     "dwPad": 0,
     "arPrefabCustomizations": []
    }
   ],
   "ptGroupData": [],
   "ptMarkerLinks": [],
   "unk_c339f69": -1,
   "dwSeed": 0,
   "tPrefabData": {
    "__type__": "PrefabData",
    "__typeHash__": 3988626058,
    "dwFlags": 0,
    "unk_32bf9c6": 0,
    "eFadeMethod": 0,
    "nFadeGroup": 0,
    "unk_d094b9a": 0,
    "eCullingLevel": 0,
    "szLookOverride": 0,
    "dwShaderMapOverride": 4294967295,
    "snoTraversalSurface": null,
    "ptRunTimeMaterialValues": []
   }
  },
  {
   "__type__": "Marker",
   "__typeHash__": 3132676386,
   "dwHash": 1805412097,
   "nID": 766,
   "eType": 0,
   "transform": {
    "__type__": "PRTransform",
    "__typeHash__": 2588169118,
    "q": {
     "__type__": "bcQuat",
     "__typeHash__": 3955716320,
     "x": -0.03809606656432152,
     "y": 0.9975702166557312,
     "z": -0.057786330580711365,
     "w": -0.007941748946905136
    },
    "wp": {
     "x": 11.727700233459473,
     "y": 1.7073099613189697,
     "z": 5.533480167388916
    }
   },
   "snoname": {
    "__raw__": 466266,
    "__group__": 24,
    "__type__": "DT_SNO_NAME",
    "__typeHash__": 3339108615,
    "__targetFileName__": "base/meta/MarkerSet/Cave_Mine_Wood_Scafold_Post_A_01.mrk",
    "groupName": "MarkerSet",
    "name": "Cave_Mine_Wood_Scafold_Post_A_01"
   },
   "dwMarkerFlags": 0,
   "dwMarkerFlagsEx": 0,
   "vecScale": {
    "x": 1.1816200017929077,
    "y": 1.1816200017929077,
    "z": 1.1816200017929077
   },
   "ptBase": [
    {
     "__type__": "MarkerPrefabData",
     "__typeHash__": 3127494188,
     "dwType": 3127494188,
     "dwPad": 0,
     "arPrefabCustomizations": []
    }
   ],
   "ptGroupData": [],
   "ptMarkerLinks": [],
   "unk_c339f69": -1,
   "dwSeed": 0,
   "tPrefabData": {
    "__type__": "PrefabData",
    "__typeHash__": 3988626058,
    "dwFlags": 0,
    "unk_32bf9c6": 0,
    "eFadeMethod": 0,
    "nFadeGroup": 0,
    "unk_d094b9a": 0,
    "eCullingLevel": 0,
    "szLookOverride": 0,
    "dwShaderMapOverride": 4294967295,
    "snoTraversalSurface": null,
    "ptRunTimeMaterialValues": []
   }
  },
  {
   "__type__": "Marker",
   "__typeHash__": 3132676386,
   "dwHash": 1805412098,
   "nID": 767,
   "eType": 0,
   "transform": {
    "__type__": "PRTransform",
    "__typeHash__": 2588169118,
    "q": {
     "__type__": "bcQuat",
     "__typeHash__": 3955716320,
     "x": 0.3780074119567871,
     "y": -0.5233040452003479,
     "z": -0.48080387711524963,
     "w": 0.5933725237846375
    },
    "wp": {
     "x": 22.51759910583496,
     "y": 1.7352999448776245,
     "z": 4.716899871826172
    }
   },
   "snoname": {
    "__raw__": 466266,
    "__group__": 24,
    "__type__": "DT_SNO_NAME",
    "__typeHash__": 3339108615,
    "__targetFileName__": "base/meta/MarkerSet/Cave_Mine_Wood_Scafold_Post_A_01.mrk",
    "groupName": "MarkerSet",
    "name": "Cave_Mine_Wood_Scafold_Post_A_01"
   },
   "dwMarkerFlags": 0,
   "dwMarkerFlagsEx": 0,
   "vecScale": {
    "x": 1,
    "y": 1,
    "z": 1
   },
   "ptBase": [
    {
     "__type__": "MarkerPrefabData",
     "__typeHash__": 3127494188,
     "dwType": 3127494188,
     "dwPad": 0,
     "arPrefabCustomizations": []
    }
   ],
   "ptGroupData": [],
   "ptMarkerLinks": [],
   "unk_c339f69": -1,
   "dwSeed": 0,
   "tPrefabData": {
    "__type__": "PrefabData",
    "__typeHash__": 3988626058,
    "dwFlags": 0,
    "unk_32bf9c6": 0,
    "eFadeMethod": 0,
    "nFadeGroup": 0,
    "unk_d094b9a": 0,
    "eCullingLevel": 0,
    "szLookOverride": 0,
    "dwShaderMapOverride": 4294967295,
    "snoTraversalSurface": null,
    "ptRunTimeMaterialValues": []
   }
  },
  {
   "__type__": "Marker",
   "__typeHash__": 3132676386,
   "dwHash": 1805412099,
   "nID": 768,
   "eType": 0,
   "transform": {
    "__type__": "PRTransform",
    "__typeHash__": 2588169118,
    "q": {
     "__type__": "bcQuat",
     "__typeHash__": 3955716320,
     "x": 0.714792788028717,
     "y": -0.630562961101532,
     "z": 0.24461370706558228,
     "w": -0.17783652245998383
    },
    "wp": {
     "x": 22.514299392700195,
     "y": 1.6870399713516235,
     "z": 3.307300090789795
    }
   },
   "snoname": {
    "__raw__": 466266,
    "__group__": 24,
    "__type__": "DT_SNO_NAME",
    "__typeHash__": 3339108615,
    "__targetFileName__": "base/meta/MarkerSet/Cave_Mine_Wood_Scafold_Post_A_01.mrk",
    "groupName": "MarkerSet",
    "name": "Cave_Mine_Wood_Scafold_Post_A_01"
   },
   "dwMarkerFlags": 0,
   "dwMarkerFlagsEx": 0,
   "vecScale": {
    "x": 0.8544520139694214,
    "y": 0.8544520139694214,
    "z": 0.8544520139694214
   },
   "ptBase": [
    {
     "__type__": "MarkerPrefabData",
     "__typeHash__": 3127494188,
     "dwType": 3127494188,
     "dwPad": 0,
     "arPrefabCustomizations": []
    }
   ],
   "ptGroupData": [],
   "ptMarkerLinks": [],
   "unk_c339f69": -1,
   "dwSeed": 0,
   "tPrefabData": {
    "__type__": "PrefabData",
    "__typeHash__": 3988626058,
    "dwFlags": 0,
    "unk_32bf9c6": 0,
    "eFadeMethod": 0,
    "nFadeGroup": 0,
    "unk_d094b9a": 0,
    "eCullingLevel": 0,
    "szLookOverride": 0,
    "dwShaderMapOverride": 4294967295,
    "snoTraversalSurface": null,
    "ptRunTimeMaterialValues": []
   }
  },
  {
   "__type__": "Marker",