{
 "__fileName__": "base/meta/MarkerSet/Cave_Base_S_Entrance_01 (Shared).mrk",
 "__snoID__": 168147,
 "__type__": "MarkerSetDefinition",
 "__typeHash__": 4093179991,
 "tMarkerSet": [],
 "dwMarkerSetFlags": 66053,
 "nLabel": null,
 "snoCampaignEnableCondition": null,
 "arPrefabDataInfo": [],
 "ptPrefabDataMap": "0",
 "ptChunks": [
  {
   "__type__": "MarkerInstanceChunk",
   "__typeHash__": 2046453424,
   "ptInstanceGroups": {
    "__type__": "DT_VARIABLEARRAY",
    "__typeHash__": 3244749660,
    "__flags__": 2097152,
    "__external__": true,
    "value": {
     "__typeHash__": 2051550180,
     "__type__": "MarkerInstanceGroup",
     "dataOffset": 32,
     "dataSize": 64
    }
   },
   "aabbBounds": {
    "__type__": "AABB",
    "__typeHash__": 2408934,
    "wp": {
     "x": 15.772577285766602,
     "y": -0.38497814536094666,
     "z": 4.120995044708252
    },
    "wvExt": {
     "x": 2.304476261138916,
     "y": 2.722743034362793,
     "z": 6.437661647796631
    }
   }
  },
  {
   "__type__": "MarkerInstanceChunk",
   "__typeHash__": 2046453424,
   "ptInstanceGroups": {
    "__type__": "DT_VARIABLEARRAY",
    "__typeHash__": 3244749660,
    "__flags__": 2097152,
    "__external__": true,
    "value": {
     "__typeHash__": 2051550180,
     "__type__": "MarkerInstanceGroup",
     "dataOffset": 176,
     "dataSize": 64
    }
   },
   "aabbBounds": {
    "__type__": "AABB",
    "__typeHash__": 2408934,
    "wp": {
     "x": 18.17044448852539,
     "y": -0.8384732007980347,
     "z": 4.086423873901367
    },
    "wvExt": {
     "x": 5.628260135650635,
     "y": 2.854419708251953,
     "z": 7.046543121337891
    }
   }
  },
  {
   "__type__": "MarkerInstanceChunk",
   "__typeHash__": 2046453424,
   "ptInstanceGroups": {
    "__type__": "DT_VARIABLEARRAY",
    "__typeHash__": 3244749660,
    "__flags__": 2097152,
    "__external__": true,
    "value": {
     "__typeHash__": 2051550180,
     "__type__": "MarkerInstanceGroup",
     "dataOffset": 320,
     "dataSize": 704
    }
   },
   "aabbBounds": {
    "__type__": "AABB",
    "__typeHash__": 2408934,
    "wp": {
     "x": 11.395764350891113,
     "y": 9.8895263671875,
     "z": 6.938641548156738
    },
    "wvExt": {
     "x": 10.13645076751709,
     "y": 13.664081573486328,
     "z": 8.9173002243042
    }
   }
  },
  {
   "__type__": "MarkerInstanceChunk",
   "__typeHash__": 2046453424,
   "ptInstanceGroups": {
    "__type__": "DT_VARIABLEARRAY",
    "__typeHash__": 3244749660,
    "__flags__": 2097152,
    "__external__": true,
    "value": {
     "__typeHash__": 2051550180,
     "__type__": "MarkerInstanceGroup",
     "dataOffset": 3936,
     "dataSize": 960
    }
   },
   "aabbBounds": {
    "__type__": "AABB",
    "__typeHash__": 2408934,
    "wp": {
     "x": 23.969205856323242,
     "y": 8.40245532989502,
     "z": 6.560236930847168
    },
    "wvExt": {
     "x": 12.115694046020508,
     "y": 11.84929370880127,
     "z": 10.379958152770996
    }
   }
  },
  {
   "__type__": "MarkerInstanceChunk",
   "__typeHash__": 2046453424,
   "ptInstanceGroups": {
    "__type__": "DT_VARIABLEARRAY",
    "__typeHash__": 3244749660,
    "__flags__": 2097152,
    "__external__": true,
    "value": {
     "__typeHash__": 2051550180,
     "__type__": "MarkerInstanceGroup",
     "dataOffset": 9424,
     "dataSize": 128
    }
   },
   "aabbBounds": {
    "__type__": "AABB",
    "__typeHash__": 2408934,
    "wp": {
     "x": 32.10308837890625,
     "y": 6.856724262237549,
     "z": 10.865047454833984
    },
    "wvExt": {
     "x": 5.409584045410156,
     "y": 4.7619853019714355,
     "z": 6.189603805541992
    }
   }
  },
  {
   "__type__": "MarkerInstanceChunk",
   "__typeHash__": 2046453424,
   "ptInstanceGroups": {
    "__type__": "DT_VARIABLEARRAY",
    "__typeHash__": 3244749660,
    "__flags__": 2097152,
    "__external__": true,
    "value": {
     "__typeHash__": 2051550180,
     "__type__": "MarkerInstanceGroup",
     "dataOffset": 9784,
     "dataSize": 256
    }
   },
   "aabbBounds": {
    "__type__": "AABB",
    "__typeHash__": 2408934,
    "wp": {
     "x": 14.778745651245117,
     "y": 20.88326644897461,
     "z": 7.059715270996094
    },
    "wvExt": {
     "x": 7.916936874389648,
     "y": 8.417951583862305,
     "z": 8.146641731262207
    }
   }
  },
  {
   "__type__": "MarkerInstanceChunk",
   "__typeHash__": 2046453424,
   "ptInstanceGroups": {
    "__type__": "DT_VARIABLEARRAY",
    "__typeHash__": 3244749660,
    "__flags__": 2097152,
    "__external__": true,
    "value": {
     "__typeHash__": 2051550180,
     "__type__": "MarkerInstanceGroup",
     "dataOffset": 11192,
     "dataSize": 320
    }
   },
   "aabbBounds": {
    "__type__": "AABB",
    "__typeHash__": 2408934,
    "wp": {
     "x": 24.036128997802734,
     "y": 21.918941497802734,
     "z": 3.341336250305176
    },
    "wvExt": {
     "x": 11.173870086669922,
     "y": 10.46585464477539,
     "z": 8.033343315124512
    }
   }
  }
 ],
 "ptMergedMsgTriggeredEvents": [],
 "unk_2bbd1d": {
  "__type__": "Type_c8d78ce7",
  "__typeHash__": 3369569511,
  "nWidth": 0,
  "nHeight": 0,
  "nDepth": 0,
  "dwPitch": 0,
  "dwSlicePitch": 0,
  "flGridSize": 0,
  "wpOrigin": {
   "x": 0,
   "y": 0,
   "z": 0
  },
  "unk_4b236f4": "0",
  "unk_aa0958e": {
   "__type__": "DT_VARIABLEARRAY",
   "__typeHash__": 3244749660,
   "__flags__": 2097153,
   "__external__": true,
   "value": {
    "__typeHash__": 1028759507,
    "__type__": "DT_WORD",
    "dataOffset": 0,
    "dataSize": 0
   }
  },
  "unk_aa09583": {
   "__type__": "DT_VARIABLEARRAY",
   "__typeHash__": 3244749660,
   "__flags__": 2097153,
   "__external__": true,
   "value": {
    "__typeHash__": 1028759507,
    "__type__": "DT_WORD",
    "dataOffset": 0,
    "dataSize": 0
   }
  },
  "unk_aa0957e": {
   "__type__": "DT_VARIABLEARRAY",
   "__typeHash__": 3244749660,
   "__flags__": 2097153,
   "__external__": true,
   "value": {
    "__typeHash__": 1028759507,
    "__type__": "DT_WORD",
    "dataOffset": 0,
    "dataSize": 0
   }
  },
  "unk_dd3cf4b": {
   "__type__": "DT_VARIABLEARRAY",
   "__typeHash__": 3244749660,
   "__flags__": 2097153,
   "__external__": true,
   "value": {
    "__typeHash__": 1028759507,
    "__type__": "DT_WORD",
    "dataOffset": 0,
    "dataSize": 0
   }
  },
  "unk_dd3cf40": {
   "__type__": "DT_VARIABLEARRAY",
   "__typeHash__": 3244749660,
   "__flags__": 2097153,
   "__external__": true,
   "value": {
    "__typeHash__": 1028759507,
    "__type__": "DT_WORD",
    "dataOffset": 0,
    "dataSize": 0
   }
  },
  "unk_dd3cf3b": {
   "__type__": "DT_VARIABLEARRAY",
   "__typeHash__": 3244749660,
   "__flags__": 2097153,
   "__external__": true,
   "value": {
    "__typeHash__": 1028759507,
    "__type__": "DT_WORD",
    "dataOffset": 0,
    "dataSize": 0
   }
  }
 }
}
