{
 "__fileName__": "base/meta/MarkerSet/Cave_Sand_N_Entrance_02 (Theme_Cultist).mrk",
 "__snoID__": 1237473,
 "__type__": "MarkerSetDefinition",
 "__typeHash__": 4093179991,
 "tMarkerSet": [
  {
   "__type__": "Marker",
   "__typeHash__": 3132676386,
   "dwHash": 463661007,
   "nID": 86,
   "eType": 5,
   "transform": {
    "__type__": "PRTransform",
    "__typeHash__": 2588169118,
    "q": {
     "__type__": "bcQuat",
     "__typeHash__": 3955716320,
     "x": 0.6099725961685181,
     "y": 0.7924225926399231,
     "z": 0.0000011658491985144792,
     "w": 8.974204206424474e-7
    },
    "wp": {
     "x": 18.46109962463379,
     "y": 11.465800285339355,
     "z": 8.082880020141602
    }
   },
   "snoname": null,
   "dwMarkerFlags": 0,
   "dwMarkerFlagsEx": 0,
   "vecScale": {
    "x": 0.8617569804191589,
    "y": 0.8617569804191589,
    "z": 0.8617569804191589
   },
   "ptBase": [],
   "ptGroupData": [],
   "ptMarkerLinks": [],
   "unk_c339f69": -1,
   "dwSeed": 0,
   "tPrefabData": {
    "__type__": "PrefabData",
    "__typeHash__": 3988626058,
    "dwFlags": 24,
    "eOverrideFadeSettings": 0,
    "eFadeMethod": 0,
    "nFadeGroup": 0,
    "unk_d094b9a": 3,
    "eCullingLevel": 0,
    "szLookOverride": 0,
    "dwShaderMapOverride": 4294967295,
    "ptRunTimeMaterialValues": []
   }
  },
  {
   "__type__": "Marker",
   "__typeHash__": 3132676386,
   "dwHash": 3042702560,
   "nID": 88,
   "eType": 0,
   "transform": {
    "__type__": "PRTransform",
    "__typeHash__": 2588169118,
    "q": {
     "__type__": "bcQuat",
     "__typeHash__": 3955716320,
     "x": -8.650101790408371e-7,
     "y": -6.11148493590008e-7,
     "z": 0.6099727153778076,
     "w": 0.7924224138259888
    },
    "wp": {
     "x": 18.46109962463379,
     "y": 11.465800285339355,
     "z": 8.082889556884766
    }
   },
   "snoname": {
    "__raw__": 497540,
    "__group__": 57,
    "__type__": "DT_SNO_NAME",
    "__typeHash__": 3339108615,
    "__targetFileName__": "base/meta/Material/Temple_Triune_Rock_Pentagram_Decal_A_01.mat",
    "groupName": "Material",
    "name": "Temple_Triune_Rock_Pentagram_Decal_A_01"
   },
   "dwMarkerFlags": 1024,
   "dwMarkerFlagsEx": 0,
   "vecScale": {
    "x": 1.368880033493042,
    "y": 1.368880033493042,
    "z": 1.368880033493042
   },
   "ptBase": [
    {
     "__type__": "MarkerDecalData",
     "__typeHash__": 2650697781,
     "dwType": 2650697781,
     "dwPad": 0,
     "dwMarkerDecalFlags": 0,
     "flAngleThreshold": 3.1415927410125732,
     "unk_18f0908": 0,
     "bDieOverride": false,
     "ptRunTimeMaterialValues": []
    }
   ],
   "ptGroupData": [],
   "ptMarkerLinks": [],
   "unk_c339f69": -1,
   "dwSeed": 0,
   "tPrefabData": {
    "__type__": "PrefabData",
    "__typeHash__": 3988626058,
    "dwFlags": 0,
    "eOverrideFadeSettings": 0,
    "eFadeMethod": 0,
    "nFadeGroup": 0,
    "unk_d094b9a": 0,
    "eCullingLevel": 0,
    "szLookOverride": 0,
    "dwShaderMapOverride": 4294967295,
    "ptRunTimeMaterialValues": []
   }
  },
  {
   "__type__": "Marker",
   "__typeHash__": 3132676386,
   "dwHash": 3045074402,
   "nID": 102,
   "eType": 0,
   "transform": {
    "__type__": "PRTransform",
    "__typeHash__": 2588169118,
    "q": {
     "__type__": "bcQuat",
     "__typeHash__": 3955716320,
     "x": 0,
     "y": 0,
     "z": 0.879453718662262,
     "w": 0.47598451375961304
    },
    "wp": {
     "x": 5.842390060424805,
     "y": 7.248310089111328,
     "z": -0.02058270014822483
    }
   },
   "snoname": {
    "__raw__": 497922,
    "__group__": 57,
    "__type__": "DT_SNO_NAME",
    "__typeHash__": 3339108615,
    "__targetFileName__": "base/meta/Material/Temple_Triune_Rock_Pentagram_Decal_A_03.mat",
    "groupName": "Material",
    "name": "Temple_Triune_Rock_Pentagram_Decal_A_03"
   },
   "dwMarkerFlags": 1024,
   "dwMarkerFlagsEx": 0,
   "vecScale": {
    "x": 0.9084140062332153,
    "y": 0.9084140062332153,
    "z": 0.9084140062332153
   },
   "ptBase": [
    {
     "__type__": "MarkerDecalData",
     "__typeHash__": 2650697781,
     "dwType": 2650697781,
     "dwPad": 0,
     "dwMarkerDecalFlags": 0,
     "flAngleThreshold": 3.1415927410125732,
     "unk_18f0908": 0,
     "bDieOverride": false,
     "ptRunTimeMaterialValues": []
    }
   ],
   "ptGroupData": [],
   "ptMarkerLinks": [],
   "unk_c339f69": -1,
   "dwSeed": 0,
   "tPrefabData": {
    "__type__": "PrefabData",
    "__typeHash__": 3988626058,
    "dwFlags": 0,
    "eOverrideFadeSettings": 0,
    "eFadeMethod": 0,
    "nFadeGroup": 0,
    "unk_d094b9a": 0,
    "eCullingLevel": 0,
    "szLookOverride": 0,
    "dwShaderMapOverride": 4294967295,
    "ptRunTimeMaterialValues": []
   }
  }
 ],
 "dwMarkerSetFlags": 66049,
 "nLabel": {
  "__raw__": 2937909498,
  "__type__": "DT_GBID",
  "__typeHash__": 1028170061,
  "group": 4,
  "name": "Theme_Cultist"
 },
 "snoCampaignEnableCondition": null,
 "arPrefabDataInfo": [
  {
   "__type__": "PrefabDataInfo",
   "__typeHash__": 1894103222,
   "dwMarkerPathID": 2733745091,
   "tPrefabData": {
    "__type__": "PrefabData",
    "__typeHash__": 3988626058,
    "dwFlags": 24,
    "eOverrideFadeSettings": 0,
    "eFadeMethod": 0,
    "nFadeGroup": 0,
    "unk_d094b9a": 3,
    "eCullingLevel": 0,
    "szLookOverride": 0,
    "dwShaderMapOverride": 4294967295,
    "ptRunTimeMaterialValues": []
   }
  }
 ],
 "ptPrefabDataMap": "0",
 "ptChunks": [
  {
   "__type__": "MarkerInstanceChunk",
   "__typeHash__": 2046453424,
   "ptInstanceGroups": {
    "__type__": "DT_VARIABLEARRAY",
    "__typeHash__": 3244749660,
    "__flags__": 2097152,
    "__external__": true,
    "value": {
     "__typeHash__": 2051550180,
     "__type__": "MarkerInstanceGroup",
     "dataOffset": 32,
     "dataSize": 768
    }
   },
   "aabbBounds": {
    "__type__": "AABB",
    "__typeHash__": 2408934,
    "wp": {
     "x": 7.577569961547852,
     "y": 7.268779754638672,
     "z": 5.708981990814209
    },
    "wvExt": {
     "x": 8.49843978881836,
     "y": 6.789119720458984,
     "z": 7.238985538482666
    }
   }
  },
  {
   "__type__": "MarkerInstanceChunk",
   "__typeHash__": 2046453424,
   "ptInstanceGroups": {
    "__type__": "DT_VARIABLEARRAY",
    "__typeHash__": 3244749660,
    "__flags__": 2097152,
    "__external__": true,
    "value": {
     "__typeHash__": 2051550180,
     "__type__": "MarkerInstanceGroup",
     "dataOffset": 1984,
     "dataSize": 832
    }
   },
   "aabbBounds": {
    "__type__": "AABB",
    "__typeHash__": 2408934,
    "wp": {
     "x": 21.564647674560547,
     "y": 11.483985900878906,
     "z": 9.660152435302734
    },
    "wvExt": {
     "x": 8.7052001953125,
     "y": 5.584674835205078,
     "z": 21.251262664794922
    }
   }
  },
  {
   "__type__": "MarkerInstanceChunk",
   "__typeHash__": 2046453424,
   "ptInstanceGroups": {
    "__type__": "DT_VARIABLEARRAY",
    "__typeHash__": 3244749660,
    "__flags__": 2097152,
    "__external__": true,
    "value": {
     "__typeHash__": 2051550180,
     "__type__": "MarkerInstanceGroup",
     "dataOffset": 4456,
     "dataSize": 576
    }
   },
   "aabbBounds": {
    "__type__": "AABB",
    "__typeHash__": 2408934,
    "wp": {
     "x": 8.457419395446777,
     "y": 21.486879348754883,
     "z": 7.241177558898926
    },
    "wvExt": {
     "x": 4.07164192199707,
     "y": 4.309326171875,
     "z": 6.089629173278809
    }
   }
  }
 ],
 "ptMergedMsgTriggeredEvents": [],
 "unk_2bbd1d": {
  "__type__": "Type_c8d78ce7",
  "__typeHash__": 3369569511,
  "nWidth": 0,
  "nHeight": 0,
  "nDepth": 0,
  "dwPitch": 0,
  "dwSlicePitch": 0,
  "flGridSize": 0,
  "wpOrigin": {
   "x": 0,
   "y": 0,
   "z": 0
  },
  "unk_4b236f4": "0",
  "unk_aa0958e": {
   "__type__": "DT_VARIABLEARRAY",
   "__typeHash__": 3244749660,
   "__flags__": 2097153,
   "__external__": true,
   "value": {
    "__typeHash__": 1028759507,
    "__type__": "DT_WORD",
    "dataOffset": 0,
    "dataSize": 0
   }
  },
  "unk_aa09583": {
   "__type__": "DT_VARIABLEARRAY",
   "__typeHash__": 3244749660,
   "__flags__": 2097153,