{
 "__fileName__": "data/base/meta/MarkerSet/Cave_Flooded_NSEW_POI_SaintsGate_02 (VFX).mrk",
 "__snoID__": 1225877,
 "__type__": "MarkerSetDefinition",
 "__typeHash__": 4093179991,
 "tMarkerSet": [
  {
   "__type__": "Marker",
   "__typeHash__": 3132676386,
   "dwHash": 2034587875,
   "nID": 1,
   "eType": 0,
   "transform": {
    "__type__": "PRTransform",
    "__typeHash__": 2588169118,
    "q": {
     "__type__": "bcQuat",
     "__typeHash__": 3955716320,
     "x": 0,
     "y": 0,
     "z": 0.3754737675189972,
     "w": 0.9268330335617065
    },
    "wp": {
     "x": 26.73069953918457,
     "y": 10.4350004196167,
     "z": 7.6350998878479
    }
   },
   "snoname": {
    "value": 699984,
    "group": 14,
    "groupName": "EffectGroup",
    "name": "environmentVFX_waterDirty_smallWaterfall_wide"
   },
   "dwMarkerFlags": 0,
   "vecScale": {
    "x": 1,
    "y": 1,
    "z": 1
   },
   "ptBase": [
    {
     "__type__": "MarkerEffectGroupData",
     "__typeHash__": 1385267894,
     "dwType": 1385267894,
     "dwPad": 0,
     "unk_90afea4": 0,
     "unk_4bf3f6b": 0,
     "unk_9411612": 0,
     "unk_b0425e7": []
    }
   ],
   "ptGroupData": [],
   "ptMarkerLinks": [],
   "unk_c339f69": -1,
   "dwSeed": 0,
   "tPrefabData": {
    "__type__": "PrefabData",
    "__typeHash__": 3988626058,
    "dwFlags": 0,
    "unk_32bf9c6": 0,
    "eFadeMethod": 0,
    "nFadeGroup": 0,
    "unk_d094b9a": 0,
    "eCullingLevel": 0,
    "unk_4bfd602": 0,
    "unk_6c0cb90": 4294967295,
    "snoTraversalSurface": {
     "value": -1,
     "group": 43,
     "groupName": "Surface"
    },
    "unk_b0425e7": []
   }
  },
  {
   "__type__": "Marker",
   "__typeHash__": 3132676386,
   "dwHash": 3337213030,
   "nID": 2,
   "eType": 0,
   "transform": {
    "__type__": "PRTransform",
    "__typeHash__": 2588169118,
    "q": {
     "__type__": "bcQuat",
     "__typeHash__": 3955716320,
     "x": 0,
     "y": 0,
     "z": 0.5392633676528931,
     "w": 0.8421371579170227
    },
    "wp": {
     "x": 26.353700637817383,
     "y": 10.199700355529785,
     "z": 0.46790701150894165
    }
   },
   "snoname": {
    "value": 698042,
    "group": 14,
    "groupName": "EffectGroup",
    "name": "environmentVFX_waterDirty_smallWaterfallSplash"
   },
   "dwMarkerFlags": 0,
   "vecScale": {
    "x": 1.190000057220459,
    "y": 1.190000057220459,
    "z": 1.190000057220459
   },
   "ptBase": [
    {
     "__type__": "MarkerEffectGroupData",
     "__typeHash__": 1385267894,
     "dwType": 1385267894,
     "dwPad": 0,
     "unk_90afea4": 0,
     "unk_4bf3f6b": 0,
     "unk_9411612": 0,
     "unk_b0425e7": []
    }
   ],
   "ptGroupData": [],
   "ptMarkerLinks": [],
   "unk_c339f69": -1,
   "dwSeed": 0,
   "tPrefabData": {
    "__type__": "PrefabData",
    "__typeHash__": 3988626058,
    "dwFlags": 0,
    "unk_32bf9c6": 0,
    "eFadeMethod": 0,
    "nFadeGroup": 0,
    "unk_d094b9a": 0,
    "eCullingLevel": 0,
    "unk_4bfd602": 0,
    "unk_6c0cb90": 4294967295,
    "snoTraversalSurface": {
     "value": -1,
     "group": 43,
     "groupName": "Surface"
    },
    "unk_b0425e7": []
   }
  },
  {
   "__type__": "Marker",
   "__typeHash__": 3132676386,
   "dwHash": 2034587876,
   "nID": 3,
   "eType": 0,
   "transform": {
    "__type__": "PRTransform",
    "__typeHash__": 2588169118,
    "q": {
     "__type__": "bcQuat",
     "__typeHash__": 3955716320,
     "x": 0,
     "y": 0,
     "z": 0.15663591027259827,
     "w": 0.9876564741134644
    },
    "wp": {
     "x": 5.454539775848389,
     "y": 25.540599822998047,
     "z": 7.326819896697998
    }
   },
   "snoname": {
    "value": 699984,
    "group": 14,
    "groupName": "EffectGroup",
    "name": "environmentVFX_waterDirty_smallWaterfall_wide"
   },
   "dwMarkerFlags": 0,
   "vecScale": {
    "x": 1.119860053062439,
    "y": 1.5977799892425537,
    "z": 1.119860053062439
   },
   "ptBase": [
    {
     "__type__": "MarkerEffectGroupData",
     "__typeHash__": 1385267894,
     "dwType": 1385267894,
     "dwPad": 0,
     "unk_90afea4": 0,
     "unk_4bf3f6b": 0,
     "unk_9411612": 0,
     "unk_b0425e7": []
    }
   ],
   "ptGroupData": [],
   "ptMarkerLinks": [],
   "unk_c339f69": -1,
   "dwSeed": 0,
   "tPrefabData": {
    "__type__": "PrefabData",
    "__typeHash__": 3988626058,
    "dwFlags": 0,
    "unk_32bf9c6": 0,
    "eFadeMethod": 0,
    "nFadeGroup": 0,
    "unk_d094b9a": 0,
    "eCullingLevel": 0,
    "unk_4bfd602": 0,
    "unk_6c0cb90": 4294967295,
    "snoTraversalSurface": {
     "value": -1,
     "group": 43,
     "groupName": "Surface"
    },
    "unk_b0425e7": []
   }
  },
  {
   "__type__": "Marker",
   "__typeHash__": 3132676386,
   "dwHash": 3337213031,
   "nID": 4,
   "eType": 0,
   "transform": {
    "__type__": "PRTransform",
    "__typeHash__": 2588169118,
    "q": {
     "__type__": "bcQuat",
     "__typeHash__": 3955716320,
     "x": 0,
     "y": 0,
     "z": 0.09367035329341888,
     "w": 0.9956032633781433
    },
    "wp": {
     "x": 5.529099941253662,
     "y": 25.536500930786133,
     "z": 0.4513149857521057
    }
   },
   "snoname": {
    "value": 698042,
    "group": 14,
    "groupName": "EffectGroup",
    "name": "environmentVFX_waterDirty_smallWaterfallSplash"
   },
   "dwMarkerFlags": 0,
   "vecScale": {
    "x": 1.190000057220459,
    "y": 1.190000057220459,
    "z": 1.190000057220459
   },
   "ptBase": [
    {
     "__type__": "MarkerEffectGroupData",
     "__typeHash__": 1385267894,
     "dwType": 1385267894,
     "dwPad": 0,
     "unk_90afea4": 0,
     "unk_4bf3f6b": 0,
     "unk_9411612": 0,
     "unk_b0425e7": []
    }
   ],
   "ptGroupData": [],
   "ptMarkerLinks": [],
   "unk_c339f69": -1,
   "dwSeed": 0,
   "tPrefabData": {
    "__type__": "PrefabData",
    "__typeHash__": 3988626058,
    "dwFlags": 0,
    "unk_32bf9c6": 0,
    "eFadeMethod": 0,
    "nFadeGroup": 0,
    "unk_d094b9a": 0,
    "eCullingLevel": 0,
    "unk_4bfd602": 0,
    "unk_6c0cb90": 4294967295,
    "snoTraversalSurface": {
     "value": -1,
     "group": 43,
     "groupName": "Surface"
    },
    "unk_b0425e7": []
   }
  },
  {
   "__type__": "Marker",
   "__typeHash__": 3132676386,
   "dwHash": 3337213032,
   "nID": 5,
   "eType": 0,
   "transform": {
    "__type__": "PRTransform",
    "__typeHash__": 2588169118,
    "q": {
     "__type__": "bcQuat",
     "__typeHash__": 3955716320,
     "x": 0,
     "y": 0,
     "z": 0.5392633676528931,
     "w": 0.8421371579170227
    },
    "wp": {
     "x": 26.86549949645996,
     "y": 10.756099700927734,
     "z": 5.443960189819336
    }
   },
   "snoname": {
    "value": 698042,
    "group": 14,
    "groupName": "EffectGroup",
    "name": "environmentVFX_waterDirty_smallWaterfallSplash"
   },
   "dwMarkerFlags": 0,
   "vecScale": {
    "x": 1.190000057220459,
    "y": 1.190000057220459,
    "z": 1.190000057220459
   },
   "ptBase": [
    {
     "__type__": "MarkerEffectGroupData",
     "__typeHash__": 1385267894,
     "dwType": 1385267894,
     "dwPad": 0,
     "unk_90afea4": 0,
     "unk_4bf3f6b": 0,
     "unk_9411612": 0,
     "unk_b0425e7": []
    }
   ],
   "ptGroupData": [],
   "ptMarkerLinks": [],
   "unk_c339f69": -1,
   "dwSeed": 0,
   "tPrefabData": {
    "__type__": "PrefabData",
    "__typeHash__": 3988626058,
    "dwFlags": 0,
    "unk_32bf9c6": 0,
    "eFadeMethod": 0,
    "nFadeGroup": 0,
    "unk_d094b9a": 0,
    "eCullingLevel": 0,
    "unk_4bfd602": 0,
    "unk_6c0cb90": 4294967295,
    "snoTraversalSurface": {
     "value": -1,
     "group": 43,
     "groupName": "Surface"
    },
    "unk_b0425e7": []
   }
  },
  {
   "__type__": "Marker",
   "__typeHash__": 3132676386,
   "dwHash": 3337213033,
   "nID": 6,
   "eType": 0,
   "transform": {
    "__type__": "PRTransform",
    "__typeHash__": 2588169118,
    "q": {
     "__type__": "bcQuat",
     "__typeHash__": 3955716320,
     "x": 0,
     "y": 0,
     "z": 0.09367035329341888,
     "w": 0.9956032633781433
    },
    "wp": {
     "x": 5.718830108642578,
     "y": 25.96619987487793,
     "z": 4.694349765777588
    }
   },