{
 "__fileName__": "base/meta/MarkerSet/Cave_Base_N_Arena_01 (Shared).mrk",
 "__snoID__": 174168,
 "__type__": "MarkerSetDefinition",
 "__typeHash__": 4093179991,
 "tMarkerSet": [],
 "dwMarkerSetFlags": 66053,
 "nLabel": null,
 "snoCampaignEnableCondition": null,
 "arPrefabDataInfo": [],
 "ptPrefabDataMap": "0",
 "ptChunks": [
  {
   "__type__": "MarkerInstanceChunk",
   "__typeHash__": 2046453424,
   "ptInstanceGroups": {
    "__type__": "DT_VARIABLEARRAY",
    "__typeHash__": 3244749660,
    "__flags__": 2097152,
    "__external__": true,
    "value": {
     "__typeHash__": 2051550180,
     "__type__": "MarkerInstanceGroup",
     "dataOffset": 32,
     "dataSize": 64
    }
   },
   "aabbBounds": {
    "__type__": "AABB",
    "__typeHash__": 2408934,
    "wp": {
     "x": 0.2822962999343872,
     "y": 10.069831848144531,
     "z": 2.0311262607574463
    },
    "wvExt": {
     "x": 2.3275132179260254,
     "y": 2.8841018676757812,
     "z": 3.5419797897338867
    }
   }
  },
  {
   "__type__": "MarkerInstanceChunk",
   "__typeHash__": 2046453424,
   "ptInstanceGroups": {
    "__type__": "DT_VARIABLEARRAY",
    "__typeHash__": 3244749660,
    "__flags__": 2097152,
    "__external__": true,
    "value": {
     "__typeHash__": 2051550180,
     "__type__": "MarkerInstanceGroup",
     "dataOffset": 176,
     "dataSize": 320
    }
   },
   "aabbBounds": {
    "__type__": "AABB",
    "__typeHash__": 2408934,
    "wp": {
     "x": 8.43541145324707,
     "y": 6.954719543457031,
     "z": 4.258445739746094
    },
    "wvExt": {
     "x": 11.52883529663086,
     "y": 8.834484100341797,
     "z": 11.35883903503418
    }
   }
  },
  {
   "__type__": "MarkerInstanceChunk",
   "__typeHash__": 2046453424,
   "ptInstanceGroups": {
    "__type__": "DT_VARIABLEARRAY",
    "__typeHash__": 3244749660,
    "__flags__": 2097152,
    "__external__": true,
    "value": {
     "__typeHash__": 2051550180,
     "__type__": "MarkerInstanceGroup",
     "dataOffset": 3160,
     "dataSize": 512
    }
   },
   "aabbBounds": {
    "__type__": "AABB",
    "__typeHash__": 2408934,
    "wp": {
     "x": 23.141874313354492,
     "y": 9.20993709564209,
     "z": 1.9298362731933594
    },
    "wvExt": {
     "x": 12.11671257019043,
     "y": 11.103489875793457,
     "z": 13.728885650634766
    }
   }
  },
  {
   "__type__": "MarkerInstanceChunk",
   "__typeHash__": 2046453424,
   "ptInstanceGroups": {
    "__type__": "DT_VARIABLEARRAY",
    "__typeHash__": 3244749660,
    "__flags__": 2097152,
    "__external__": true,
    "value": {
     "__typeHash__": 2051550180,
     "__type__": "MarkerInstanceGroup",
     "dataOffset": 7496,
     "dataSize": 384
    }
   },
   "aabbBounds": {
    "__type__": "AABB",
    "__typeHash__": 2408934,
    "wp": {
     "x": 7.00892448425293,
     "y": 24.840774536132812,
     "z": 2.6348094940185547
    },
    "wvExt": {
     "x": 10.641548156738281,
     "y": 9.617046356201172,
     "z": 8.39443588256836
    }
   }
  },
  {
   "__type__": "MarkerInstanceChunk",
   "__typeHash__": 2046453424,
   "ptInstanceGroups": {
    "__type__": "DT_VARIABLEARRAY",
    "__typeHash__": 3244749660,
    "__flags__": 2097152,
    "__external__": true,
    "value": {
     "__typeHash__": 2051550180,
     "__type__": "MarkerInstanceGroup",
     "dataOffset": 9640,
     "dataSize": 448
    }
   },
   "aabbBounds": {
    "__type__": "AABB",
    "__typeHash__": 2408934,
    "wp": {
     "x": 22.37040138244629,
     "y": 22.94162368774414,
     "z": -0.21564865112304688
    },
    "wvExt": {
     "x": 11.444887161254883,
     "y": 11.356681823730469,
     "z": 10.929969787597656
    }
   }
  }
 ],
 "ptMergedMsgTriggeredEvents": [],
 "unk_2bbd1d": {
  "__type__": "Type_c8d78ce7",
  "__typeHash__": 3369569511,
  "nWidth": 0,
  "nHeight": 0,
  "nDepth": 0,
  "dwPitch": 0,
  "dwSlicePitch": 0,
  "flGridSize": 0,
  "wpOrigin": {
   "x": 0,
   "y": 0,
   "z": 0
  },
  "unk_4b236f4": "0",
  "unk_aa0958e": {
   "__type__": "DT_VARIABLEARRAY",
   "__typeHash__": 3244749660,
   "__flags__": 2097153,
   "__external__": true,
   "value": {
    "__typeHash__": 1028759507,
    "__type__": "DT_WORD",
    "dataOffset": 0,
    "dataSize": 0
   }
  },
  "unk_aa09583": {
   "__type__": "DT_VARIABLEARRAY",
   "__typeHash__": 3244749660,
   "__flags__": 2097153,
   "__external__": true,
   "value": {
    "__typeHash__": 1028759507,
    "__type__": "DT_WORD",
    "dataOffset": 0,
    "dataSize": 0
   }
  },
  "unk_aa0957e": {
   "__type__": "DT_VARIABLEARRAY",
   "__typeHash__": 3244749660,
   "__flags__": 2097153,
   "__external__": true,
   "value": {
    "__typeHash__": 1028759507,
    "__type__": "DT_WORD",
    "dataOffset": 0,
    "dataSize": 0
   }
  },
  "unk_dd3cf4b": {
   "__type__": "DT_VARIABLEARRAY",
   "__typeHash__": 3244749660,
   "__flags__": 2097153,
   "__external__": true,
   "value": {
    "__typeHash__": 1028759507,
    "__type__": "DT_WORD",
    "dataOffset": 0,
    "dataSize": 0
   }
  },
  "unk_dd3cf40": {
   "__type__": "DT_VARIABLEARRAY",
   "__typeHash__": 3244749660,
   "__flags__": 2097153,
   "__external__": true,
   "value": {
    "__typeHash__": 1028759507,
    "__type__": "DT_WORD",
    "dataOffset": 0,
    "dataSize": 0
   }
  },
  "unk_dd3cf3b": {
   "__type__": "DT_VARIABLEARRAY",
   "__typeHash__": 3244749660,
   "__flags__": 2097153,
   "__external__": true,
   "value": {
    "__typeHash__": 1028759507,
    "__type__": "DT_WORD",
    "dataOffset": 0,
    "dataSize": 0
   }
  }
 }
}
