{
 "__fileName__": "data/base/meta/MarkerSet/Cave_Sand_S_Entrance_02 (VFX).mrk",
 "__snoID__": 571863,
 "__type__": "MarkerSetDefinition",
 "__typeHash__": 4093179991,
 "tMarkerSet": [
  {
   "__type__": "Marker",
   "__typeHash__": 3132676386,
   "dwHash": 2149591424,
   "nID": 16,
   "eType": 0,
   "transform": {
    "__type__": "PRTransform",
    "__typeHash__": 2588169118,
    "q": {
     "__type__": "bcQuat",
     "__typeHash__": 3955716320,
     "x": 0,
     "y": 0,
     "z": -0.24038442969322205,
     "w": 0.9706778526306152
    },
    "wp": {
     "x": 15.33180046081543,
     "y": 11.983599662780762,
     "z": 5.563799858093262
    }
   },
   "snoname": {
    "value": 440363,
    "group": 14,
    "groupName": "EffectGroup"
   },
   "dwMarkerFlags": 0,
   "vecScale": {
    "x": 1,
    "y": 0.6802549958229065,
    "z": 1
   },
   "ptBase": [
    {
     "__type__": "MarkerEffectGroupData",
     "__typeHash__": 1385267894,
     "dwType": 1385267894,
     "dwPad": 0,
     "unk_90afea4": 0,
     "unk_4bf3f6b": 0,
     "unk_9411612": 0,
     "unk_b0425e7": []
    }
   ],
   "ptGroupData": [],
   "ptMarkerLinks": [],
   "unk_c339f69": -1,
   "dwSeed": 0,
   "tPrefabData": {
    "__type__": "PrefabData",
    "__typeHash__": 3988626058,
    "dwFlags": 0,
    "unk_32bf9c6": 0,
    "eFadeMethod": 0,
    "nFadeGroup": 0,
    "unk_d094b9a": 0,
    "eCullingLevel": 0,
    "unk_4bfd602": 0,
    "unk_6c0cb90": 4294967295,
    "snoTraversalSurface": {
     "value": -1,
     "group": 43,
     "groupName": "Surface"
    },
    "unk_b0425e7": []
   }
  },
  {
   "__type__": "Marker",
   "__typeHash__": 3132676386,
   "dwHash": 2149591425,
   "nID": 17,
   "eType": 0,
   "transform": {
    "__type__": "PRTransform",
    "__typeHash__": 2588169118,
    "q": {
     "__type__": "bcQuat",
     "__typeHash__": 3955716320,
     "x": 0,
     "y": 0,
     "z": -0.24038442969322205,
     "w": 0.9706778526306152
    },
    "wp": {
     "x": 13.702799797058105,
     "y": 12.843199729919434,
     "z": 7.873149871826172
    }
   },
   "snoname": {
    "value": 440363,
    "group": 14,
    "groupName": "EffectGroup"
   },
   "dwMarkerFlags": 0,
   "vecScale": {
    "x": 1.2510499954223633,
    "y": 0.7483779788017273,
    "z": 1.1001399755477905
   },
   "ptBase": [
    {
     "__type__": "MarkerEffectGroupData",
     "__typeHash__": 1385267894,
     "dwType": 1385267894,
     "dwPad": 0,
     "unk_90afea4": 0,
     "unk_4bf3f6b": 0,
     "unk_9411612": 0,
     "unk_b0425e7": []
    }
   ],
   "ptGroupData": [],
   "ptMarkerLinks": [],
   "unk_c339f69": -1,
   "dwSeed": 0,
   "tPrefabData": {
    "__type__": "PrefabData",
    "__typeHash__": 3988626058,
    "dwFlags": 0,
    "unk_32bf9c6": 0,
    "eFadeMethod": 0,
    "nFadeGroup": 0,
    "unk_d094b9a": 0,
    "eCullingLevel": 0,
    "unk_4bfd602": 0,
    "unk_6c0cb90": 4294967295,
    "snoTraversalSurface": {
     "value": -1,
     "group": 43,
     "groupName": "Surface"
    },
    "unk_b0425e7": []
   }
  },
  {
   "__type__": "Marker",
   "__typeHash__": 3132676386,
   "dwHash": 3570835793,
   "nID": 18,
   "eType": 0,
   "transform": {
    "__type__": "PRTransform",
    "__typeHash__": 2588169118,
    "q": {
     "__type__": "bcQuat",
     "__typeHash__": 3955716320,
     "x": 0,
     "y": 0,
     "z": -0.1848505139350891,
     "w": 0.9827666878700256
    },
    "wp": {
     "x": 16.842899322509766,
     "y": 11.079299926757812,
     "z": 5.340240001678467
    }
   },
   "snoname": {
    "value": 481789,
    "group": 14,
    "groupName": "EffectGroup"
   },
   "dwMarkerFlags": 0,
   "vecScale": {
    "x": 1,
    "y": 1,
    "z": 1
   },
   "ptBase": [
    {
     "__type__": "MarkerEffectGroupData",
     "__typeHash__": 1385267894,
     "dwType": 1385267894,
     "dwPad": 0,
     "unk_90afea4": 0,
     "unk_4bf3f6b": 0,
     "unk_9411612": 0,
     "unk_b0425e7": []
    }
   ],
   "ptGroupData": [],
   "ptMarkerLinks": [],
   "unk_c339f69": -1,
   "dwSeed": 0,
   "tPrefabData": {
    "__type__": "PrefabData",
    "__typeHash__": 3988626058,
    "dwFlags": 0,
    "unk_32bf9c6": 0,
    "eFadeMethod": 0,
    "nFadeGroup": 0,
    "unk_d094b9a": 0,
    "eCullingLevel": 0,
    "unk_4bfd602": 0,
    "unk_6c0cb90": 4294967295,
    "snoTraversalSurface": {
     "value": -1,
     "group": 43,
     "groupName": "Surface"
    },
    "unk_b0425e7": []
   }
  },
  {
   "__type__": "Marker",
   "__typeHash__": 3132676386,
   "dwHash": 753535237,
   "nID": 19,
   "eType": 0,
   "transform": {
    "__type__": "PRTransform",
    "__typeHash__": 2588169118,
    "q": {
     "__type__": "bcQuat",
     "__typeHash__": 3955716320,
     "x": 0,
     "y": 0,
     "z": -0.08416126668453217,
     "w": 0.9964521527290344
    },
    "wp": {
     "x": 18.917499542236328,
     "y": 9.833539962768555,
     "z": 5.263969898223877
    }
   },
   "snoname": {
    "value": 484843,
    "group": 14,
    "groupName": "EffectGroup"
   },
   "dwMarkerFlags": 0,
   "vecScale": {
    "x": 1,
    "y": 1,
    "z": 1
   },
   "ptBase": [
    {
     "__type__": "MarkerEffectGroupData",
     "__typeHash__": 1385267894,
     "dwType": 1385267894,
     "dwPad": 0,
     "unk_90afea4": 0,
     "unk_4bf3f6b": 0,
     "unk_9411612": 0,
     "unk_b0425e7": []
    }
   ],
   "ptGroupData": [],
   "ptMarkerLinks": [],
   "unk_c339f69": -1,
   "dwSeed": 0,
   "tPrefabData": {
    "__type__": "PrefabData",
    "__typeHash__": 3988626058,
    "dwFlags": 0,
    "unk_32bf9c6": 0,
    "eFadeMethod": 0,
    "nFadeGroup": 0,
    "unk_d094b9a": 0,
    "eCullingLevel": 0,
    "unk_4bfd602": 0,
    "unk_6c0cb90": 4294967295,
    "snoTraversalSurface": {
     "value": -1,
     "group": 43,
     "groupName": "Surface"
    },
    "unk_b0425e7": []
   }
  },
  {
   "__type__": "Marker",
   "__typeHash__": 3132676386,
   "dwHash": 3757207475,
   "nID": 21,
   "eType": 0,
   "transform": {
    "__type__": "PRTransform",
    "__typeHash__": 2588169118,
    "q": {
     "__type__": "bcQuat",
     "__typeHash__": 3955716320,
     "x": 0,
     "y": 0,
     "z": 0,
     "w": 1
    },
    "wp": {
     "x": 15.627599716186523,
     "y": 9.221099853515625,
     "z": 10.577500343322754
    }
   },
   "snoname": {
    "value": 536868,
    "group": 14,
    "groupName": "EffectGroup"
   },
   "dwMarkerFlags": 0,
   "vecScale": {
    "x": 1,
    "y": 1,
    "z": 1
   },
   "ptBase": [
    {
     "__type__": "MarkerEffectGroupData",
     "__typeHash__": 1385267894,
     "dwType": 1385267894,
     "dwPad": 0,
     "unk_90afea4": 0,
     "unk_4bf3f6b": 0,
     "unk_9411612": 0,
     "unk_b0425e7": []
    }
   ],
   "ptGroupData": [],
   "ptMarkerLinks": [],
   "unk_c339f69": -1,
   "dwSeed": 0,
   "tPrefabData": {
    "__type__": "PrefabData",
    "__typeHash__": 3988626058,
    "dwFlags": 0,
    "unk_32bf9c6": 0,
    "eFadeMethod": 0,
    "nFadeGroup": 0,
    "unk_d094b9a": 0,
    "eCullingLevel": 0,
    "unk_4bfd602": 0,
    "unk_6c0cb90": 4294967295,
    "snoTraversalSurface": {
     "value": -1,
     "group": 43,
     "groupName": "Surface"
    },
    "unk_b0425e7": []
   }
  },
  {
   "__type__": "Marker",
   "__typeHash__": 3132676386,
   "dwHash": 369057444,
   "nID": 22,
   "eType": 0,
   "transform": {
    "__type__": "PRTransform",
    "__typeHash__": 2588169118,
    "q": {
     "__type__": "bcQuat",
     "__typeHash__": 3955716320,
     "x": 0,
     "y": 0.05876367539167404,
     "z": 0,
     "w": 0.9982719421386719
    },
    "wp": {
     "x": 16.408899307250977,
     "y": 8.817870140075684,
     "z": 5.440420150756836
    }
   },
   "snoname": {
    "value": 440396,
    "group": 14,
    "groupName": "EffectGroup"
   },
   "dwMarkerFlags": 0,
   "vecScale": {
    "x": 1,
    "y": 1,
    "z": 1
   },
   "ptBase": [
    {
     "__type__": "MarkerEffectGroupData",
     "__typeHash__": 1385267894,
     "dwType": 1385267894,
     "dwPad": 0,
     "unk_90afea4": 0,
     "unk_4bf3f6b": 0,
     "unk_9411612": 0,
     "unk_b0425e7": []
    }
   ],
   "ptGroupData": [],
   "ptMarkerLinks": [],