{
 "__fileName__": "base/meta/MarkerSet/Cave_Sand_N_01 (Props).mrk",
 "__snoID__": 428283,
 "__type__": "MarkerSetDefinition",
 "__typeHash__": 4093179991,
 "tMarkerSet": [
  {
   "__type__": "Marker",
   "__typeHash__": 3132676386,
   "dwHash": 1887114143,
   "nID": 2,
   "eType": 50,
   "transform": {
    "__type__": "PRTransform",
    "__typeHash__": 2588169118,
    "q": {
     "__type__": "bcQuat",
     "__typeHash__": 3955716320,
     "x": -0.05660383775830269,
     "y": 0.013149498030543327,
     "z": -0.31954413652420044,
     "w": 0.9457879066467285
    },
    "wp": {
     "x": 12.697199821472168,
     "y": 19.369800567626953,
     "z": 2.3795900344848633
    }
   },
   "snoname": null,
   "dwMarkerFlags": 0,
   "dwMarkerFlagsEx": 0,
   "vecScale": {
    "x": 1,
    "y": 1,
    "z": 1
   },
   "ptBase": [
    {
     "__type__": "MarkerSpawnLocData",
     "__typeHash__": 4133241699,
     "dwType": 4133241699,
     "dwPad": 0,
     "gbidSpawnLocType": {
      "__raw__": 3251475823,
      "__type__": "DT_GBID",
      "__typeHash__": 1028170061,
      "group": 20,
      "name": "Dungeon_Clicky_NoLoot_Any"
     },
     "arPrefabCustomizations": []
    }
   ],
   "ptGroupData": [],
   "ptMarkerLinks": [],
   "unk_c339f69": -1,
   "dwSeed": 0,
   "tPrefabData": {
    "__type__": "PrefabData",
    "__typeHash__": 3988626058,
    "dwFlags": 0,
    "eOverrideFadeSettings": 0,
    "eFadeMethod": 0,
    "nFadeGroup": 0,
    "unk_d094b9a": 0,
    "eCullingLevel": 0,
    "szLookOverride": 0,
    "dwShaderMapOverride": 4294967295,
    "ptRunTimeMaterialValues": []
   }
  },
  {
   "__type__": "Marker",
   "__typeHash__": 3132676386,
   "dwHash": 1887114144,
   "nID": 4,
   "eType": 50,
   "transform": {
    "__type__": "PRTransform",
    "__typeHash__": 2588169118,
    "q": {
     "__type__": "bcQuat",
     "__typeHash__": 3955716320,
     "x": 0.031480610370635986,
     "y": -0.04884538799524307,
     "z": 0.887819230556488,
     "w": -0.4565086364746094
    },
    "wp": {
     "x": 5.608839988708496,
     "y": 19.797100067138672,
     "z": 1.0455900430679321
    }
   },
   "snoname": null,
   "dwMarkerFlags": 0,
   "dwMarkerFlagsEx": 0,
   "vecScale": {
    "x": 1,
    "y": 1,
    "z": 1
   },
   "ptBase": [
    {
     "__type__": "MarkerSpawnLocData",
     "__typeHash__": 4133241699,
     "dwType": 4133241699,
     "dwPad": 0,
     "gbidSpawnLocType": {
      "__raw__": 3251475823,
      "__type__": "DT_GBID",
      "__typeHash__": 1028170061,
      "group": 20,
      "name": "Dungeon_Clicky_NoLoot_Any"
     },
     "arPrefabCustomizations": []
    }
   ],
   "ptGroupData": [],
   "ptMarkerLinks": [],
   "unk_c339f69": -1,
   "dwSeed": 0,
   "tPrefabData": {
    "__type__": "PrefabData",
    "__typeHash__": 3988626058,
    "dwFlags": 0,
    "eOverrideFadeSettings": 0,
    "eFadeMethod": 0,
    "nFadeGroup": 0,
    "unk_d094b9a": 0,
    "eCullingLevel": 0,
    "szLookOverride": 0,
    "dwShaderMapOverride": 4294967295,
    "ptRunTimeMaterialValues": []
   }
  },
  {
   "__type__": "Marker",
   "__typeHash__": 3132676386,
   "dwHash": 1887114145,
   "nID": 5,
   "eType": 50,
   "transform": {
    "__type__": "PRTransform",
    "__typeHash__": 2588169118,
    "q": {
     "__type__": "bcQuat",
     "__typeHash__": 3955716320,
     "x": -0.04872291162610054,
     "y": -0.03166984021663666,
     "z": 0.4599487781524658,
     "w": 0.8860419392585754
    },
    "wp": {
     "x": 6.9111199378967285,
     "y": 19.865299224853516,
     "z": 0.9646430015563965
    }
   },
   "snoname": null,
   "dwMarkerFlags": 0,
   "dwMarkerFlagsEx": 0,
   "vecScale": {
    "x": 1,
    "y": 1,
    "z": 1
   },
   "ptBase": [
    {
     "__type__": "MarkerSpawnLocData",
     "__typeHash__": 4133241699,
     "dwType": 4133241699,
     "dwPad": 0,
     "gbidSpawnLocType": {
      "__raw__": 3251475823,
      "__type__": "DT_GBID",
      "__typeHash__": 1028170061,
      "group": 20,
      "name": "Dungeon_Clicky_NoLoot_Any"
     },
     "arPrefabCustomizations": []
    }
   ],
   "ptGroupData": [],
   "ptMarkerLinks": [],
   "unk_c339f69": -1,
   "dwSeed": 0,
   "tPrefabData": {
    "__type__": "PrefabData",
    "__typeHash__": 3988626058,
    "dwFlags": 0,
    "eOverrideFadeSettings": 0,
    "eFadeMethod": 0,
    "nFadeGroup": 0,
    "unk_d094b9a": 0,
    "eCullingLevel": 0,
    "szLookOverride": 0,
    "dwShaderMapOverride": 4294967295,
    "ptRunTimeMaterialValues": []
   }
  },
  {
   "__type__": "Marker",
   "__typeHash__": 3132676386,
   "dwHash": 993452058,
   "nID": 10,
   "eType": 50,
   "transform": {
    "__type__": "PRTransform",
    "__typeHash__": 2588169118,
    "q": {
     "__type__": "bcQuat",
     "__typeHash__": 3955716320,
     "x": 0,
     "y": 0,
     "z": 0.7420093417167664,
     "w": 0.6703895926475525
    },
    "wp": {
     "x": 21.518400192260742,
     "y": 10.378100395202637,
     "z": -0.41457900404930115
    }
   },
   "snoname": null,
   "dwMarkerFlags": 0,
   "dwMarkerFlagsEx": 0,
   "vecScale": {
    "x": 1,
    "y": 1,
    "z": 1
   },
   "ptBase": [
    {
     "__type__": "MarkerSpawnLocData",
     "__typeHash__": 4133241699,
     "dwType": 4133241699,
     "dwPad": 0,
     "gbidSpawnLocType": {
      "__raw__": 114842730,
      "__type__": "DT_GBID",
      "__typeHash__": 1028170061,
      "group": 20,
      "name": "Dungeon_Prop_Foreground"
     },
     "arPrefabCustomizations": []
    }
   ],
   "ptGroupData": [],
   "ptMarkerLinks": [],
   "unk_c339f69": -1,
   "dwSeed": 0,
   "tPrefabData": {
    "__type__": "PrefabData",
    "__typeHash__": 3988626058,
    "dwFlags": 0,
    "eOverrideFadeSettings": 0,
    "eFadeMethod": 0,
    "nFadeGroup": 0,
    "unk_d094b9a": 0,
    "eCullingLevel": 0,
    "szLookOverride": 0,
    "dwShaderMapOverride": 4294967295,
    "ptRunTimeMaterialValues": []
   }
  },
  {
   "__type__": "Marker",
   "__typeHash__": 3132676386,
   "dwHash": 114842730,
   "nID": 11,
   "eType": 50,
   "transform": {
    "__type__": "PRTransform",
    "__typeHash__": 2588169118,
    "q": {
     "__type__": "bcQuat",
     "__typeHash__": 3955716320,
     "x": 0,
     "y": 0,
     "z": 0.38180115818977356,
     "w": 0.9242444634437561
    },
    "wp": {
     "x": 13.777400016784668,
     "y": 8.240859985351562,
     "z": 4.081870079040527
    }
   },
   "snoname": null,
   "dwMarkerFlags": 0,
   "dwMarkerFlagsEx": 0,
   "vecScale": {
    "x": 1,
    "y": 1,
    "z": 1
   },
   "ptBase": [
    {
     "__type__": "MarkerSpawnLocData",
     "__typeHash__": 4133241699,
     "dwType": 4133241699,
     "dwPad": 0,
     "gbidSpawnLocType": {
      "__raw__": 114842730,
      "__type__": "DT_GBID",
      "__typeHash__": 1028170061,
      "group": 20,
      "name": "Dungeon_Prop_Foreground"
     },
     "arPrefabCustomizations": []
    }
   ],
   "ptGroupData": [],
   "ptMarkerLinks": [],
   "unk_c339f69": -1,
   "dwSeed": 0,
   "tPrefabData": {
    "__type__": "PrefabData",
    "__typeHash__": 3988626058,
    "dwFlags": 0,
    "eOverrideFadeSettings": 0,
    "eFadeMethod": 0,
    "nFadeGroup": 0,
    "unk_d094b9a": 0,
    "eCullingLevel": 0,
    "szLookOverride": 0,
    "dwShaderMapOverride": 4294967295,
    "ptRunTimeMaterialValues": []
   }
  },
  {
   "__type__": "Marker",
   "__typeHash__": 3132676386,
   "dwHash": 3363983205,
   "nID": 12,
   "eType": 50,
   "transform": {
    "__type__": "PRTransform",
    "__typeHash__": 2588169118,
    "q": {
     "__type__": "bcQuat",
     "__typeHash__": 3955716320,
     "x": 0,
     "y": 0,
     "z": 0.8951091170310974,
     "w": 0.4458470642566681
    },
    "wp": {
     "x": 20.64579963684082,
     "y": 6.394430160522461,
     "z": -1.2732399702072144
    }
   },
   "snoname": null,
   "dwMarkerFlags": 0,
   "dwMarkerFlagsEx": 0,
   "vecScale": {
    "x": 1,
    "y": 1,
    "z": 1
   },
   "ptBase": [
    {
     "__type__": "MarkerSpawnLocData",
     "__typeHash__": 4133241699,
     "dwType": 4133241699,
     "dwPad": 0,
     "gbidSpawnLocType": {
      "__raw__": 49405493,