{
 "__fileName__": "data/base/meta/MarkerSet/Cave_Mine_E_01 (VFX).mrk",
 "__snoID__": 603528,
 "__type__": "MarkerSetDefinition",
 "__typeHash__": 4093179991,
 "tMarkerSet": [
  {
   "__type__": "Marker",
   "__typeHash__": 3132676386,
   "dwHash": 2522000805,
   "nID": 9,
   "eType": 0,
   "transform": {
    "__type__": "PRTransform",
    "__typeHash__": 2588169118,
    "q": {
     "__type__": "bcQuat",
     "__typeHash__": 3955716320,
     "x": -0.0050375149585306644,
     "y": -0.014352628961205482,
     "z": 0.9809602499008179,
     "w": -0.19361191987991333
    },
    "wp": {
     "x": 16.395599365234375,
     "y": 28.31879997253418,
     "z": 0.10627199709415436
    }
   },
   "snoname": {
    "value": 480336,
    "group": 14,
    "groupName": "EffectGroup",
    "type": "sno",
    "name": "environmentVFX_flies"
   },
   "dwMarkerFlags": 0,
   "vecScale": {
    "x": 0.3723999857902527,
    "y": 0.5320000052452087,
    "z": 0.800000011920929
   },
   "ptBase": [
    {
     "__type__": "MarkerEffectGroupData",
     "__typeHash__": 1385267894,
     "dwType": 1385267894,
     "dwPad": 0,
     "unk_90afea4": 0,
     "unk_4bf3f6b": 0,
     "unk_9411612": 0,
     "unk_b0425e7": []
    }
   ],
   "ptGroupData": [],
   "ptMarkerLinks": [],
   "unk_c339f69": -1,
   "dwSeed": 0,
   "tPrefabData": {
    "__type__": "PrefabData",
    "__typeHash__": 3988626058,
    "dwFlags": 0,
    "unk_32bf9c6": 0,
    "eFadeMethod": 0,
    "nFadeGroup": 0,
    "unk_d094b9a": 0,
    "eCullingLevel": 0,
    "unk_4bfd602": 0,
    "unk_6c0cb90": 4294967295,
    "snoTraversalSurface": {
     "value": -1,
     "group": 43,
     "groupName": "Surface",
     "type": "sno"
    },
    "unk_b0425e7": []
   }
  },
  {
   "__type__": "Marker",
   "__typeHash__": 3132676386,
   "dwHash": 2794349799,
   "nID": 10,
   "eType": 0,
   "transform": {
    "__type__": "PRTransform",
    "__typeHash__": 2588169118,
    "q": {
     "__type__": "bcQuat",
     "__typeHash__": 3955716320,
     "x": -0.23237653076648712,
     "y": 0.0651889443397522,
     "z": 0.08206168562173843,
     "w": 0.966962993144989
    },
    "wp": {
     "x": 17.583900451660156,
     "y": 25.699199676513672,
     "z": 0.2116450071334839
    }
   },
   "snoname": {
    "value": 371060,
    "group": 14,
    "groupName": "EffectGroup",
    "type": "sno",
    "name": "environmentVFX_flySwarm"
   },
   "dwMarkerFlags": 0,
   "vecScale": {
    "x": 0.7200000286102295,
    "y": 0.7200000286102295,
    "z": 0.7200000286102295
   },
   "ptBase": [
    {
     "__type__": "MarkerEffectGroupData",
     "__typeHash__": 1385267894,
     "dwType": 1385267894,
     "dwPad": 0,
     "unk_90afea4": 0,
     "unk_4bf3f6b": 0,
     "unk_9411612": 0,
     "unk_b0425e7": []
    }
   ],
   "ptGroupData": [],
   "ptMarkerLinks": [],
   "unk_c339f69": -1,
   "dwSeed": 0,
   "tPrefabData": {
    "__type__": "PrefabData",
    "__typeHash__": 3988626058,
    "dwFlags": 0,
    "unk_32bf9c6": 0,
    "eFadeMethod": 0,
    "nFadeGroup": 0,
    "unk_d094b9a": 0,
    "eCullingLevel": 0,
    "unk_4bfd602": 0,
    "unk_6c0cb90": 4294967295,
    "snoTraversalSurface": {
     "value": -1,
     "group": 43,
     "groupName": "Surface",
     "type": "sno"
    },
    "unk_b0425e7": []
   }
  },
  {
   "__type__": "Marker",
   "__typeHash__": 3132676386,
   "dwHash": 3862648566,
   "nID": 11,
   "eType": 0,
   "transform": {
    "__type__": "PRTransform",
    "__typeHash__": 2588169118,
    "q": {
     "__type__": "bcQuat",
     "__typeHash__": 3955716320,
     "x": 0.17239011824131012,
     "y": -0.16114747524261475,
     "z": -0.6086978912353516,
     "w": 0.7574958801269531
    },
    "wp": {
     "x": 20.464799880981445,
     "y": 25.408300399780273,
     "z": 2.2464499473571777
    }
   },
   "snoname": {
    "value": 474291,
    "group": 14,
    "groupName": "EffectGroup",
    "type": "sno",
    "name": "environmentVFX_dust_fallingMotes"
   },
   "dwMarkerFlags": 0,
   "vecScale": {
    "x": 0.5400000214576721,
    "y": 0.5400000214576721,
    "z": 3.4200000762939453
   },
   "ptBase": [
    {
     "__type__": "MarkerEffectGroupData",
     "__typeHash__": 1385267894,
     "dwType": 1385267894,
     "dwPad": 0,
     "unk_90afea4": 0,
     "unk_4bf3f6b": 0,
     "unk_9411612": 0,
     "unk_b0425e7": []
    }
   ],
   "ptGroupData": [],
   "ptMarkerLinks": [],
   "unk_c339f69": -1,
   "dwSeed": 0,
   "tPrefabData": {
    "__type__": "PrefabData",
    "__typeHash__": 3988626058,
    "dwFlags": 0,
    "unk_32bf9c6": 0,
    "eFadeMethod": 0,
    "nFadeGroup": 0,
    "unk_d094b9a": 0,
    "eCullingLevel": 0,
    "unk_4bfd602": 0,
    "unk_6c0cb90": 4294967295,
    "snoTraversalSurface": {
     "value": -1,
     "group": 43,
     "groupName": "Surface",
     "type": "sno"
    },
    "unk_b0425e7": []
   }
  },
  {
   "__type__": "Marker",
   "__typeHash__": 3132676386,
   "dwHash": 1381682469,
   "nID": 13,
   "eType": 0,
   "transform": {
    "__type__": "PRTransform",
    "__typeHash__": 2588169118,
    "q": {
     "__type__": "bcQuat",
     "__typeHash__": 3955716320,
     "x": 0,
     "y": 0,
     "z": 0,
     "w": 1
    },
    "wp": {
     "x": 9.733659744262695,
     "y": 21.661100387573242,
     "z": -3.4764299392700195
    }
   },
   "snoname": {
    "value": 513070,
    "group": 14,
    "groupName": "EffectGroup",
    "type": "sno",
    "name": "environmentVFX_dungeonCloud_cool"
   },
   "dwMarkerFlags": 0,
   "vecScale": {
    "x": 1.8600000143051147,
    "y": 1.8600000143051147,
    "z": 1.8600000143051147
   },
   "ptBase": [
    {
     "__type__": "MarkerEffectGroupData",
     "__typeHash__": 1385267894,
     "dwType": 1385267894,
     "dwPad": 0,
     "unk_90afea4": 0,
     "unk_4bf3f6b": 0,
     "unk_9411612": 0,
     "unk_b0425e7": []
    }
   ],
   "ptGroupData": [],
   "ptMarkerLinks": [],
   "unk_c339f69": -1,
   "dwSeed": 0,
   "tPrefabData": {
    "__type__": "PrefabData",
    "__typeHash__": 3988626058,
    "dwFlags": 0,
    "unk_32bf9c6": 0,
    "eFadeMethod": 0,
    "nFadeGroup": 0,
    "unk_d094b9a": 0,
    "eCullingLevel": 0,
    "unk_4bfd602": 0,
    "unk_6c0cb90": 4294967295,
    "snoTraversalSurface": {
     "value": -1,
     "group": 43,
     "groupName": "Surface",
     "type": "sno"
    },
    "unk_b0425e7": []
   }
  },
  {
   "__type__": "Marker",
   "__typeHash__": 3132676386,
   "dwHash": 1381682470,
   "nID": 16,
   "eType": 0,
   "transform": {
    "__type__": "PRTransform",
    "__typeHash__": 2588169118,
    "q": {
     "__type__": "bcQuat",
     "__typeHash__": 3955716320,
     "x": 0,
     "y": 0,
     "z": 0,
     "w": 1
    },
    "wp": {
     "x": 6.103650093078613,
     "y": 18.390100479125977,
     "z": -1.778980016708374
    }
   },
   "snoname": {
    "value": 513070,
    "group": 14,
    "groupName": "EffectGroup",
    "type": "sno",
    "name": "environmentVFX_dungeonCloud_cool"
   },
   "dwMarkerFlags": 0,
   "vecScale": {
    "x": 1.8600000143051147,
    "y": 1.8600000143051147,
    "z": 1.8600000143051147
   },
   "ptBase": [
    {
     "__type__": "MarkerEffectGroupData",
     "__typeHash__": 1385267894,
     "dwType": 1385267894,
     "dwPad": 0,
     "unk_90afea4": 0,
     "unk_4bf3f6b": 0,
     "unk_9411612": 0,
     "unk_b0425e7": []
    }
   ],
   "ptGroupData": [],
   "ptMarkerLinks": [],
   "unk_c339f69": -1,
   "dwSeed": 0,
   "tPrefabData": {
    "__type__": "PrefabData",
    "__typeHash__": 3988626058,
    "dwFlags": 0,
    "unk_32bf9c6": 0,
    "eFadeMethod": 0,
    "nFadeGroup": 0,
    "unk_d094b9a": 0,
    "eCullingLevel": 0,
    "unk_4bfd602": 0,
    "unk_6c0cb90": 4294967295,
    "snoTraversalSurface": {
     "value": -1,
     "group": 43,
     "groupName": "Surface",
     "type": "sno"
    },
    "unk_b0425e7": []
   }
  }
 ],
 "dwMarkerSetFlags": 131072,
 "nLabel": {
  "value": 4294967295,
  "type": "gbid",
  "group": 4
 },
 "unk_677237e": {
  "value": -1,
  "group": 51,
  "groupName": "Condition",
  "type": "sno"
 },
 "unk_6d7f2e9": [],
 "unk_db67c2c": "0",
 "ptChunks": [],