{
 "__fileName__": "data/base/meta/MarkerSet/Demonic_Corruption_Composition_03_SP.mrk",
 "__snoID__": 607025,
 "__type__": "MarkerSetDefinition",
 "__typeHash__": 4093179991,
 "tMarkerSet": [
  {
   "__type__": "Marker",
   "__typeHash__": 3132676386,
   "dwHash": 1955852271,
   "nID": 1,
   "eType": 0,
   "transform": {
    "__type__": "PRTransform",
    "__typeHash__": 2588169118,
    "q": {
     "__type__": "bcQuat",
     "__typeHash__": 3955716320,
     "x": -0.030911756679415703,
     "y": -0.02655557543039322,
     "z": 0.12897194921970367,
     "w": 0.9908105134963989
    },
    "wp": {
     "x": 0.040071599185466766,
     "y": -0.6340169906616211,
     "z": 0.2527819871902466
    }
   },
   "snoname": {
    "value": 602141,
    "group": 1,
    "groupName": "Actor",
    "type": "sno",
    "name": "Demonic_Obelisk_Ground_P_03"
   },
   "dwMarkerFlags": 1410,
   "vecScale": {
    "x": 1.2804100513458252,
    "y": 1.2804100513458252,
    "z": 1.2804100513458252
   },
   "ptBase": [
    {
     "__type__": "MarkerActorData",
     "__typeHash__": 2780317717,
     "dwType": 2780317717,
     "dwPad": 0,
     "szLookName": 123813409,
     "unk_6c0cb90": 4294967295,
     "unk_d897a3": 0,
     "eFadeMethod": 0,
     "nFadeGroup": 0,
     "unk_d094b9a": 1,
     "unk_529dc44": 2,
     "eActorType": 5,
     "eGizmoType": -1,
     "unk_940ff8e": 0,
     "ptServerData": [],
     "ptMonsterActorData": [],
     "ptActorGizmoData": [],
     "unk_6a0a118": [],
     "unk_df84c5d": [],
     "unk_ff96acb": 0,
     "unk_b0425e7": [],
     "unk_c627b16": 0
    }
   ],
   "ptGroupData": [],
   "ptMarkerLinks": [],
   "unk_c339f69": -1,
   "dwSeed": 0,
   "tPrefabData": {
    "__type__": "PrefabData",
    "__typeHash__": 3988626058,
    "dwFlags": 0,
    "unk_32bf9c6": 0,
    "eFadeMethod": 0,
    "nFadeGroup": 0,
    "unk_d094b9a": 0,
    "eCullingLevel": 0,
    "unk_4bfd602": 0,
    "unk_6c0cb90": 4294967295,
    "snoTraversalSurface": {
     "value": -1,
     "group": 43,
     "groupName": "Surface",
     "type": "sno"
    },
    "unk_b0425e7": []
   }
  },
  {
   "__type__": "Marker",
   "__typeHash__": 3132676386,
   "dwHash": 1960595955,
   "nID": 2,
   "eType": 0,
   "transform": {
    "__type__": "PRTransform",
    "__typeHash__": 2588169118,
    "q": {
     "__type__": "bcQuat",
     "__typeHash__": 3955716320,
     "x": 0,
     "y": 0,
     "z": 0.27903738617897034,
     "w": 0.9602802395820618
    },
    "wp": {
     "x": -0.7538009881973267,
     "y": -0.1713470071554184,
     "z": 0.9154869914054871
    }
   },
   "snoname": {
    "value": 602150,
    "group": 1,
    "groupName": "Actor",
    "type": "sno",
    "name": "Demonic_Obelisk_Ground_P_07"
   },
   "dwMarkerFlags": 1410,
   "vecScale": {
    "x": 1.100219964981079,
    "y": 1.100219964981079,
    "z": 1.100219964981079
   },
   "ptBase": [
    {
     "__type__": "MarkerActorData",
     "__typeHash__": 2780317717,
     "dwType": 2780317717,
     "dwPad": 0,
     "szLookName": 0,
     "unk_6c0cb90": 4294967295,
     "unk_d897a3": 0,
     "eFadeMethod": 0,
     "nFadeGroup": 0,
     "unk_d094b9a": 1,
     "unk_529dc44": 2,
     "eActorType": 5,
     "eGizmoType": -1,
     "unk_940ff8e": 0,
     "ptServerData": [],
     "ptMonsterActorData": [],
     "ptActorGizmoData": [],
     "unk_6a0a118": [],
     "unk_df84c5d": [],
     "unk_ff96acb": 0,
     "unk_b0425e7": [],
     "unk_c627b16": 0
    }
   ],
   "ptGroupData": [],
   "ptMarkerLinks": [],
   "unk_c339f69": -1,
   "dwSeed": 0,
   "tPrefabData": {
    "__type__": "PrefabData",
    "__typeHash__": 3988626058,
    "dwFlags": 0,
    "unk_32bf9c6": 0,
    "eFadeMethod": 0,
    "nFadeGroup": 0,
    "unk_d094b9a": 0,
    "eCullingLevel": 0,
    "unk_4bfd602": 0,
    "unk_6c0cb90": 4294967295,
    "snoTraversalSurface": {
     "value": -1,
     "group": 43,
     "groupName": "Surface",
     "type": "sno"
    },
    "unk_b0425e7": []
   }
  },
  {
   "__type__": "Marker",
   "__typeHash__": 3132676386,
   "dwHash": 2680523982,
   "nID": 3,
   "eType": 0,
   "transform": {
    "__type__": "PRTransform",
    "__typeHash__": 2588169118,
    "q": {
     "__type__": "bcQuat",
     "__typeHash__": 3955716320,
     "x": 0,
     "y": 0,
     "z": -0.36850109696388245,
     "w": 0.9296274185180664
    },
    "wp": {
     "x": -0.4495239853858948,
     "y": -0.29337799549102783,
     "z": -0.3344250023365021
    }
   },
   "snoname": {
    "value": 606991,
    "group": 1,
    "groupName": "Actor",
    "type": "sno",
    "name": "Decal_Spawner_Demonic_Ground_02"
   },
   "dwMarkerFlags": 0,
   "vecScale": {
    "x": 1,
    "y": 1,
    "z": 1
   },
   "ptBase": [
    {
     "__type__": "MarkerActorData",
     "__typeHash__": 2780317717,
     "dwType": 2780317717,
     "dwPad": 0,
     "szLookName": 0,
     "unk_6c0cb90": 4294967295,
     "unk_d897a3": 0,
     "eFadeMethod": 0,
     "nFadeGroup": 0,
     "unk_d094b9a": 1,
     "unk_529dc44": 2,
     "eActorType": 4,
     "eGizmoType": -1,
     "unk_940ff8e": 0,
     "ptServerData": [
      {
       "__type__": "Type_b5a98293",
       "__typeHash__": 3047785107,
       "unk_61aa893": 0,
       "snoScript": [],
       "unk_ebb20cd": {
        "value": -1,
        "group": 12,
        "groupName": "Conversation",
        "type": "sno"
       },
       "unk_cb8d889": {
        "value": -1,
        "group": 13,
        "groupName": "ConverationList",
        "type": "sno"
       },
       "unk_6bf9013": {
        "value": -1,
        "group": 62,
        "groupName": "Music",
        "type": "sno"
       },
       "unk_6bc1c5f": {
        "value": -1,
        "group": 29,
        "groupName": "Power",
        "type": "sno"
       },
       "unk_cdb454b": {
        "value": -1,
        "group": 1,
        "groupName": "Actor",
        "type": "sno"
       },
       "arActorGroups": [],
       "unk_b5b0f9a": [],
       "unk_a5973cc": 0,
       "snoPhasingVisibilityCondition": {
        "value": -1,
        "group": 51,
        "groupName": "Condition",
        "type": "sno"
       },
       "unk_a88b003": {
        "value": -1,
        "group": 29,
        "groupName": "Power",
        "type": "sno"
       }
      }
     ],
     "ptMonsterActorData": [],
     "ptActorGizmoData": [],
     "unk_6a0a118": [],
     "unk_df84c5d": [],
     "unk_ff96acb": 0,
     "unk_b0425e7": [],
     "unk_c627b16": 0
    }
   ],
   "ptGroupData": [],
   "ptMarkerLinks": [],
   "unk_c339f69": -1,
   "dwSeed": 0,
   "tPrefabData": {
    "__type__": "PrefabData",
    "__typeHash__": 3988626058,
    "dwFlags": 0,
    "unk_32bf9c6": 0,
    "eFadeMethod": 0,
    "nFadeGroup": 0,
    "unk_d094b9a": 0,
    "eCullingLevel": 0,
    "unk_4bfd602": 0,
    "unk_6c0cb90": 4294967295,
    "snoTraversalSurface": {
     "value": -1,
     "group": 43,
     "groupName": "Surface",
     "type": "sno"
    },
    "unk_b0425e7": []
   }
  },
  {
   "__type__": "Marker",
   "__typeHash__": 3132676386,
   "dwHash": 2681709903,
   "nID": 4,
   "eType": 0,
   "transform": {
    "__type__": "PRTransform",
    "__typeHash__": 2588169118,
    "q": {
     "__type__": "bcQuat",
     "__typeHash__": 3955716320,
     "x": 0,
     "y": 0,
     "z": 0.8274887204170227,
     "w": 0.5614824891090393
    },
    "wp": {
     "x": 0.000022285699742496945,
     "y": -0.00003096029831795022,
     "z": -4.470350134511136e-8
    }
   },
   "snoname": {
    "value": 606997,
    "group": 1,
    "groupName": "Actor",
    "type": "sno",
    "name": "Decal_Spawner_Demonic_Ground_03"
   },
   "dwMarkerFlags": 0,
   "vecScale": {
    "x": 1,
    "y": 1,
    "z": 1
   },
   "ptBase": [
    {
     "__type__": "MarkerActorData",
     "__typeHash__": 2780317717,
     "dwType": 2780317717,
     "dwPad": 0,
     "szLookName": 0,
     "unk_6c0cb90": 4294967295,
     "unk_d897a3": 0,
     "eFadeMethod": 0,
     "nFadeGroup": 0,
     "unk_d094b9a": 1,
     "unk_529dc44": 2,
     "eActorType": 4,
     "eGizmoType": -1,
     "unk_940ff8e": 0,