{
 "__fileName__": "data/base/meta/MarkerSet/Demonic_Obelisk_Ground_2x2_01_Composition_SP.mrk",
 "__snoID__": 1048072,
 "__type__": "MarkerSetDefinition",
 "__typeHash__": 4093179991,
 "tMarkerSet": [
  {
   "__type__": "Marker",
   "__typeHash__": 3132676386,
   "dwHash": 1962967797,
   "nID": 1,
   "eType": 0,
   "transform": {
    "__type__": "PRTransform",
    "__typeHash__": 2588169118,
    "q": {
     "__type__": "bcQuat",
     "__typeHash__": 3955716320,
     "x": 0,
     "y": 0,
     "z": 0.5017181038856506,
     "w": 0.8650311827659607
    },
    "wp": {
     "x": 0.3022080063819885,
     "y": 0.20449799299240112,
     "z": 0.015287100337445736
    }
   },
   "snoname": {
    "value": 602154,
    "group": 1,
    "groupName": "Actor",
    "type": "sno",
    "name": "Demonic_Obelisk_Ground_P_09"
   },
   "dwMarkerFlags": 1410,
   "vecScale": {
    "x": 0.7122949957847595,
    "y": 0.7122949957847595,
    "z": 0.7122949957847595
   },
   "ptBase": [
    {
     "__type__": "MarkerActorData",
     "__typeHash__": 2780317717,
     "dwType": 2780317717,
     "dwPad": 0,
     "szLookName": 0,
     "unk_6c0cb90": 4294967295,
     "unk_d897a3": 0,
     "eFadeMethod": 0,
     "nFadeGroup": 0,
     "unk_d094b9a": 3,
     "unk_529dc44": 2,
     "eActorType": 5,
     "eGizmoType": -1,
     "unk_940ff8e": 0,
     "ptServerData": [],
     "ptMonsterActorData": [],
     "ptActorGizmoData": [],
     "unk_6a0a118": [],
     "unk_df84c5d": [],
     "unk_ff96acb": 0,
     "unk_b0425e7": [],
     "unk_c627b16": 0
    }
   ],
   "ptGroupData": [],
   "ptMarkerLinks": [],
   "unk_c339f69": -1,
   "dwSeed": 0,
   "tPrefabData": {
    "__type__": "PrefabData",
    "__typeHash__": 3988626058,
    "dwFlags": 0,
    "unk_32bf9c6": 0,
    "eFadeMethod": 0,
    "nFadeGroup": 0,
    "unk_d094b9a": 0,
    "eCullingLevel": 0,
    "unk_4bfd602": 0,
    "unk_6c0cb90": 4294967295,
    "snoTraversalSurface": {
     "value": -1,
     "group": 43,
     "groupName": "Surface",
     "type": "sno"
    },
    "unk_b0425e7": []
   }
  },
  {
   "__type__": "Marker",
   "__typeHash__": 3132676386,
   "dwHash": 2680523982,
   "nID": 2,
   "eType": 0,
   "transform": {
    "__type__": "PRTransform",
    "__typeHash__": 2588169118,
    "q": {
     "__type__": "bcQuat",
     "__typeHash__": 3955716320,
     "x": 0,
     "y": 0,
     "z": 0.9722082614898682,
     "w": -0.23411789536476135
    },
    "wp": {
     "x": 0.4220049977302551,
     "y": 0.22849999368190765,
     "z": 0.03720080107450485
    }
   },
   "snoname": {
    "value": 606991,
    "group": 1,
    "groupName": "Actor",
    "type": "sno",
    "name": "Decal_Spawner_Demonic_Ground_02"
   },
   "dwMarkerFlags": 2,
   "vecScale": {
    "x": 0.8622549772262573,
    "y": 0.8622549772262573,
    "z": 0.8622549772262573
   },
   "ptBase": [
    {
     "__type__": "MarkerActorData",
     "__typeHash__": 2780317717,
     "dwType": 2780317717,
     "dwPad": 0,
     "szLookName": 0,
     "unk_6c0cb90": 4294967295,
     "unk_d897a3": 0,
     "eFadeMethod": 0,
     "nFadeGroup": 0,
     "unk_d094b9a": 1,
     "unk_529dc44": 2,
     "eActorType": 4,
     "eGizmoType": -1,
     "unk_940ff8e": 0,
     "ptServerData": [
      {
       "__type__": "Type_b5a98293",
       "__typeHash__": 3047785107,
       "unk_61aa893": 0,
       "snoScript": [],
       "unk_ebb20cd": {
        "value": -1,
        "group": 12,
        "groupName": "Conversation",
        "type": "sno"
       },
       "unk_cb8d889": {
        "value": -1,
        "group": 13,
        "groupName": "ConverationList",
        "type": "sno"
       },
       "unk_6bf9013": {
        "value": -1,
        "group": 62,
        "groupName": "Music",
        "type": "sno"
       },
       "unk_6bc1c5f": {
        "value": -1,
        "group": 29,
        "groupName": "Power",
        "type": "sno"
       },
       "unk_cdb454b": {
        "value": -1,
        "group": 1,
        "groupName": "Actor",
        "type": "sno"
       },
       "arActorGroups": [],
       "unk_b5b0f9a": [],
       "unk_a5973cc": 0,
       "unk_ba8fd29": {
        "value": -1,
        "group": 51,
        "groupName": "Condition",
        "type": "sno"
       },
       "unk_a88b003": {
        "value": -1,
        "group": 29,
        "groupName": "Power",
        "type": "sno"
       }
      }
     ],
     "ptMonsterActorData": [],
     "ptActorGizmoData": [],
     "unk_6a0a118": [],
     "unk_df84c5d": [],
     "unk_ff96acb": 0,
     "unk_b0425e7": [],
     "unk_c627b16": 0
    }
   ],
   "ptGroupData": [],
   "ptMarkerLinks": [],
   "unk_c339f69": -1,
   "dwSeed": 0,
   "tPrefabData": {
    "__type__": "PrefabData",
    "__typeHash__": 3988626058,
    "dwFlags": 0,
    "unk_32bf9c6": 0,
    "eFadeMethod": 0,
    "nFadeGroup": 0,
    "unk_d094b9a": 0,
    "eCullingLevel": 0,
    "unk_4bfd602": 0,
    "unk_6c0cb90": 4294967295,
    "snoTraversalSurface": {
     "value": -1,
     "group": 43,
     "groupName": "Surface",
     "type": "sno"
    },
    "unk_b0425e7": []
   }
  },
  {
   "__type__": "Marker",
   "__typeHash__": 3132676386,
   "dwHash": 2681709904,
   "nID": 3,
   "eType": 0,
   "transform": {
    "__type__": "PRTransform",
    "__typeHash__": 2588169118,
    "q": {
     "__type__": "bcQuat",
     "__typeHash__": 3955716320,
     "x": 0,
     "y": 0,
     "z": 0.18554668128490448,
     "w": 0.982635498046875
    },
    "wp": {
     "x": -0.4219970107078552,
     "y": -0.22849999368190765,
     "z": 0.2340089976787567
    }
   },
   "snoname": {
    "value": 606997,
    "group": 1,
    "groupName": "Actor",
    "type": "sno",
    "name": "Decal_Spawner_Demonic_Ground_03"
   },
   "dwMarkerFlags": 2,
   "vecScale": {
    "x": 1,
    "y": 1,
    "z": 1
   },
   "ptBase": [
    {
     "__type__": "MarkerActorData",
     "__typeHash__": 2780317717,
     "dwType": 2780317717,
     "dwPad": 0,
     "szLookName": 0,
     "unk_6c0cb90": 4294967295,
     "unk_d897a3": 0,
     "eFadeMethod": 0,
     "nFadeGroup": 0,
     "unk_d094b9a": 1,
     "unk_529dc44": 2,
     "eActorType": 4,
     "eGizmoType": -1,
     "unk_940ff8e": 0,
     "ptServerData": [
      {
       "__type__": "Type_b5a98293",
       "__typeHash__": 3047785107,
       "unk_61aa893": 0,
       "snoScript": [],
       "unk_ebb20cd": {
        "value": -1,
        "group": 12,
        "groupName": "Conversation",
        "type": "sno"
       },
       "unk_cb8d889": {
        "value": -1,
        "group": 13,
        "groupName": "ConverationList",
        "type": "sno"
       },
       "unk_6bf9013": {
        "value": -1,
        "group": 62,
        "groupName": "Music",
        "type": "sno"
       },
       "unk_6bc1c5f": {
        "value": -1,
        "group": 29,
        "groupName": "Power",
        "type": "sno"
       },
       "unk_cdb454b": {
        "value": -1,
        "group": 1,
        "groupName": "Actor",
        "type": "sno"
       },
       "arActorGroups": [],
       "unk_b5b0f9a": [],
       "unk_a5973cc": 0,
       "unk_ba8fd29": {
        "value": -1,
        "group": 51,
        "groupName": "Condition",
        "type": "sno"
       },
       "unk_a88b003": {
        "value": -1,
        "group": 29,
        "groupName": "Power",
        "type": "sno"
       }
      }
     ],
     "ptMonsterActorData": [],
     "ptActorGizmoData": [],
     "unk_6a0a118": [],
     "unk_df84c5d": [],
     "unk_ff96acb": 0,
     "unk_b0425e7": [],
     "unk_c627b16": 0
    }
   ],
   "ptGroupData": [],
   "ptMarkerLinks": [],
   "unk_c339f69": -1,
   "dwSeed": 0,
   "tPrefabData": {
    "__type__": "PrefabData",
    "__typeHash__": 3988626058,
    "dwFlags": 0,
    "unk_32bf9c6": 0,
    "eFadeMethod": 0,
    "nFadeGroup": 0,
    "unk_d094b9a": 0,
    "eCullingLevel": 0,
    "unk_4bfd602": 0,
    "unk_6c0cb90": 4294967295,
    "snoTraversalSurface": {
     "value": -1,
     "group": 43,
     "groupName": "Surface",
     "type": "sno"
    },
    "unk_b0425e7": []
   }
  }
 ],
 "dwMarkerSetFlags": 135449,