{
 "__fileName__": "data/base/meta/MarkerSet/Drown_Statue01_Group.mrk",
 "__snoID__": 203064,
 "__type__": "MarkerSetDefinition",
 "__typeHash__": 4093179991,
 "tMarkerSet": [
  {
   "__type__": "Marker",
   "__typeHash__": 3132676386,
   "dwHash": 1818449199,
   "nID": 4,
   "eType": 0,
   "transform": {
    "__type__": "PRTransform",
    "__typeHash__": 2588169118,
    "q": {
     "__type__": "bcQuat",
     "__typeHash__": 3955716320,
     "x": -0.0006887242780067027,
     "y": -0.3525749444961548,
     "z": -0.715751051902771,
     "w": 0.6028191447257996
    },
    "wp": {
     "x": 1.2954399585723877,
     "y": 0.6156349778175354,
     "z": 5.465970039367676
    }
   },
   "snoname": {
    "__raw__": 190961,
    "__group__": 1,
    "__type__": "DT_SNO_NAME",
    "__typeHash__": 3339108615,
    "groupName": "Actor",
    "name": "Drown_Flag_Dyn_04_VA"
   },
   "dwMarkerFlags": 2,
   "vecScale": {
    "x": 0.7459070086479187,
    "y": 0.7459070086479187,
    "z": 0.7459070086479187
   },
   "ptBase": [
    {
     "__type__": "MarkerActorData",
     "__typeHash__": 2780317717,
     "dwType": 2780317717,
     "dwPad": 0,
     "szLookName": 0,
     "dwShaderMapOverride": 4294967295,
     "unk_d897a3": 0,
     "eFadeMethod": 0,
     "nFadeGroup": 0,
     "unk_d094b9a": 0,
     "unk_529dc44": 2,
     "eActorType": 3,
     "eGizmoType": -1,
     "unk_940ff8e": 0,
     "ptServerData": [],
     "ptMonsterActorData": [],
     "ptActorGizmoData": [],
     "unk_6a0a118": [],
     "unk_df84c5d": [],
     "unk_ff96acb": 0,
     "unk_b0425e7": [],
     "unk_c627b16": 0
    }
   ],
   "ptGroupData": [],
   "ptMarkerLinks": [],
   "unk_c339f69": -1,
   "dwSeed": 0,
   "tPrefabData": {
    "__type__": "PrefabData",
    "__typeHash__": 3988626058,
    "dwFlags": 0,
    "unk_32bf9c6": 0,
    "eFadeMethod": 0,
    "nFadeGroup": 0,
    "unk_d094b9a": 0,
    "eCullingLevel": 0,
    "unk_4bfd602": 0,
    "dwShaderMapOverride": 4294967295,
    "snoTraversalSurface": null,
    "unk_b0425e7": []
   }
  },
  {
   "__type__": "Marker",
   "__typeHash__": 3132676386,
   "dwHash": 1818449200,
   "nID": 5,
   "eType": 0,
   "transform": {
    "__type__": "PRTransform",
    "__typeHash__": 2588169118,
    "q": {
     "__type__": "bcQuat",
     "__typeHash__": 3955716320,
     "x": -0.39854007959365845,
     "y": 0.08107413351535797,
     "z": -0.7532759308815002,
     "w": 0.5168831944465637
    },
    "wp": {
     "x": -0.010510999709367752,
     "y": 1.0161000490188599,
     "z": 5.310659885406494
    }
   },
   "snoname": {
    "__raw__": 190961,
    "__group__": 1,
    "__type__": "DT_SNO_NAME",
    "__typeHash__": 3339108615,
    "groupName": "Actor",
    "name": "Drown_Flag_Dyn_04_VA"
   },
   "dwMarkerFlags": 2,
   "vecScale": {
    "x": 0.7459070086479187,
    "y": 0.7459070086479187,
    "z": 0.7459070086479187
   },
   "ptBase": [
    {
     "__type__": "MarkerActorData",
     "__typeHash__": 2780317717,
     "dwType": 2780317717,
     "dwPad": 0,
     "szLookName": 0,
     "dwShaderMapOverride": 4294967295,
     "unk_d897a3": 0,
     "eFadeMethod": 0,
     "nFadeGroup": 0,
     "unk_d094b9a": 0,
     "unk_529dc44": 2,
     "eActorType": 3,
     "eGizmoType": -1,
     "unk_940ff8e": 0,
     "ptServerData": [],
     "ptMonsterActorData": [],
     "ptActorGizmoData": [],
     "unk_6a0a118": [],
     "unk_df84c5d": [],
     "unk_ff96acb": 0,
     "unk_b0425e7": [],
     "unk_c627b16": 0
    }
   ],
   "ptGroupData": [],
   "ptMarkerLinks": [],
   "unk_c339f69": -1,
   "dwSeed": 0,
   "tPrefabData": {
    "__type__": "PrefabData",
    "__typeHash__": 3988626058,
    "dwFlags": 0,
    "unk_32bf9c6": 0,
    "eFadeMethod": 0,
    "nFadeGroup": 0,
    "unk_d094b9a": 0,
    "eCullingLevel": 0,
    "unk_4bfd602": 0,
    "dwShaderMapOverride": 4294967295,
    "snoTraversalSurface": null,
    "unk_b0425e7": []
   }
  },
  {
   "__type__": "Marker",
   "__typeHash__": 3132676386,
   "dwHash": 739699870,
   "nID": 8,
   "eType": 0,
   "transform": {
    "__type__": "PRTransform",
    "__typeHash__": 2588169118,
    "q": {
     "__type__": "bcQuat",
     "__typeHash__": 3955716320,
     "x": 0.18404211103916168,
     "y": -0.165863037109375,
     "z": -0.7664473056793213,
     "w": 0.592601478099823
    },
    "wp": {
     "x": 0.3752169907093048,
     "y": 0.7652419805526733,
     "z": 5.366159915924072
    }
   },
   "snoname": {
    "__raw__": 191200,
    "__group__": 1,
    "__type__": "DT_SNO_NAME",
    "__typeHash__": 3339108615,
    "groupName": "Actor",
    "name": "Drown_Rock_08_VA"
   },
   "dwMarkerFlags": 2,
   "vecScale": {
    "x": 1.8891799449920654,
    "y": 1.8891799449920654,
    "z": 1.8891799449920654
   },
   "ptBase": [
    {
     "__type__": "MarkerActorData",
     "__typeHash__": 2780317717,
     "dwType": 2780317717,
     "dwPad": 0,
     "szLookName": 0,
     "dwShaderMapOverride": 4294967295,
     "unk_d897a3": 0,
     "eFadeMethod": 0,
     "nFadeGroup": 0,
     "unk_d094b9a": 0,
     "unk_529dc44": 2,
     "eActorType": 3,
     "eGizmoType": -1,
     "unk_940ff8e": 0,
     "ptServerData": [],
     "ptMonsterActorData": [],
     "ptActorGizmoData": [],
     "unk_6a0a118": [],
     "unk_df84c5d": [],
     "unk_ff96acb": 0,
     "unk_b0425e7": [],
     "unk_c627b16": 0
    }
   ],
   "ptGroupData": [],
   "ptMarkerLinks": [],
   "unk_c339f69": -1,
   "dwSeed": 0,
   "tPrefabData": {
    "__type__": "PrefabData",
    "__typeHash__": 3988626058,
    "dwFlags": 0,
    "unk_32bf9c6": 0,
    "eFadeMethod": 0,
    "nFadeGroup": 0,
    "unk_d094b9a": 0,
    "eCullingLevel": 0,
    "unk_4bfd602": 0,
    "dwShaderMapOverride": 4294967295,
    "snoTraversalSurface": null,
    "unk_b0425e7": []
   }
  },
  {
   "__type__": "Marker",
   "__typeHash__": 3132676386,
   "dwHash": 739699871,
   "nID": 9,
   "eType": 0,
   "transform": {
    "__type__": "PRTransform",
    "__typeHash__": 2588169118,
    "q": {
     "__type__": "bcQuat",
     "__typeHash__": 3955716320,
     "x": -0.4235360324382782,
     "y": 0.061868228018283844,
     "z": -0.754534125328064,
     "w": 0.4974614381790161
    },
    "wp": {
     "x": 0.8451840281486511,
     "y": 0.7263429760932922,
     "z": 5.375510215759277
    }
   },
   "snoname": {
    "__raw__": 191200,
    "__group__": 1,
    "__type__": "DT_SNO_NAME",
    "__typeHash__": 3339108615,
    "groupName": "Actor",
    "name": "Drown_Rock_08_VA"
   },
   "dwMarkerFlags": 2,
   "vecScale": {
    "x": 1.8891799449920654,
    "y": 1.8891799449920654,
    "z": 1.8891799449920654
   },
   "ptBase": [
    {
     "__type__": "MarkerActorData",
     "__typeHash__": 2780317717,
     "dwType": 2780317717,
     "dwPad": 0,
     "szLookName": 0,
     "dwShaderMapOverride": 4294967295,
     "unk_d897a3": 0,
     "eFadeMethod": 0,
     "nFadeGroup": 0,
     "unk_d094b9a": 0,
     "unk_529dc44": 2,
     "eActorType": 3,
     "eGizmoType": -1,
     "unk_940ff8e": 0,
     "ptServerData": [],
     "ptMonsterActorData": [],
     "ptActorGizmoData": [],
     "unk_6a0a118": [],
     "unk_df84c5d": [],
     "unk_ff96acb": 0,
     "unk_b0425e7": [],
     "unk_c627b16": 0
    }
   ],
   "ptGroupData": [],
   "ptMarkerLinks": [],
   "unk_c339f69": -1,
   "dwSeed": 0,
   "tPrefabData": {
    "__type__": "PrefabData",
    "__typeHash__": 3988626058,
    "dwFlags": 0,
    "unk_32bf9c6": 0,
    "eFadeMethod": 0,
    "nFadeGroup": 0,
    "unk_d094b9a": 0,
    "eCullingLevel": 0,
    "unk_4bfd602": 0,
    "dwShaderMapOverride": 4294967295,
    "snoTraversalSurface": null,
    "unk_b0425e7": []
   }
  },
  {
   "__type__": "Marker",
   "__typeHash__": 3132676386,
   "dwHash": 739699872,
   "nID": 10,
   "eType": 0,
   "transform": {
    "__type__": "PRTransform",
    "__typeHash__": 2588169118,
    "q": {
     "__type__": "bcQuat",
     "__typeHash__": 3955716320,
     "x": 0.11323802173137665,
     "y": 0.27230897545814514,
     "z": -0.46598494052886963,
     "w": 0.8341960310935974
    },
    "wp": {
     "x": 0.7073240280151367,
     "y": 0.8284010291099548,