{
 "__fileName__": "data/base/meta/MarkerSet/DrySteppesHU_Junk_WoodPlank_Debris_2x3_01_Prefab.mrk",
 "__snoID__": 1050630,
 "__type__": "MarkerSetDefinition",
 "__typeHash__": 4093179991,
 "tMarkerSet": [
  {
   "__type__": "Marker",
   "__typeHash__": 3132676386,
   "dwHash": 3099242457,
   "nID": 1,
   "eType": 0,
   "transform": {
    "__type__": "PRTransform",
    "__typeHash__": 2588169118,
    "q": {
     "__type__": "bcQuat",
     "__typeHash__": 3955716320,
     "x": 9.313225746154785e-10,
     "y": 1.862645149230957e-9,
     "z": 0.5374149084091187,
     "w": 0.8433181047439575
    },
    "wp": {
     "x": -0.002471640007570386,
     "y": -0.6873419880867004,
     "z": 9.313230187046884e-9
    }
   },
   "snoname": {
    "value": 420643,
    "group": 1,
    "groupName": "Actor",
    "type": "sno",
    "name": "DrySteppesHU_KitchenWood_01"
   },
   "dwMarkerFlags": 1410,
   "vecScale": {
    "x": 1,
    "y": 1,
    "z": 1
   },
   "ptBase": [
    {
     "__type__": "MarkerActorData",
     "__typeHash__": 2780317717,
     "dwType": 2780317717,
     "dwPad": 0,
     "szLookName": 0,
     "unk_6c0cb90": 4294967295,
     "unk_d897a3": 4,
     "eFadeMethod": 0,
     "nFadeGroup": 0,
     "unk_d094b9a": 3,
     "unk_529dc44": 2,
     "eActorType": 5,
     "eGizmoType": -1,
     "unk_940ff8e": 0,
     "ptServerData": [],
     "ptMonsterActorData": [],
     "ptActorGizmoData": [],
     "unk_6a0a118": [],
     "unk_df84c5d": [],
     "unk_ff96acb": 0,
     "unk_b0425e7": [],
     "unk_c627b16": 0
    }
   ],
   "ptGroupData": [],
   "ptMarkerLinks": [],
   "unk_c339f69": -1,
   "dwSeed": 0,
   "tPrefabData": {
    "__type__": "PrefabData",
    "__typeHash__": 3988626058,
    "dwFlags": 0,
    "unk_32bf9c6": 0,
    "eFadeMethod": 0,
    "nFadeGroup": 0,
    "unk_d094b9a": 0,
    "eCullingLevel": 0,
    "unk_4bfd602": 0,
    "unk_6c0cb90": 4294967295,
    "snoTraversalSurface": {
     "value": -1,
     "group": 43,
     "groupName": "Surface",
     "type": "sno"
    },
    "unk_b0425e7": []
   }
  },
  {
   "__type__": "Marker",
   "__typeHash__": 3132676386,
   "dwHash": 3674065209,
   "nID": 2,
   "eType": 0,
   "transform": {
    "__type__": "PRTransform",
    "__typeHash__": 2588169118,
    "q": {
     "__type__": "bcQuat",
     "__typeHash__": 3955716320,
     "x": -0.020967192947864532,
     "y": 0.014463283121585846,
     "z": 0.24571996927261353,
     "w": 0.9690061807632446
    },
    "wp": {
     "x": 0.15081800520420074,
     "y": 0.8001779913902283,
     "z": 6.482010235231428e-7
    }
   },
   "snoname": {
    "value": 461925,
    "group": 1,
    "groupName": "Actor",
    "type": "sno",
    "name": "DrySteppesHuman_Plank_Parts_05"
   },
   "dwMarkerFlags": 1410,
   "vecScale": {
    "x": 1,
    "y": 1,
    "z": 1
   },
   "ptBase": [
    {
     "__type__": "MarkerActorData",
     "__typeHash__": 2780317717,
     "dwType": 2780317717,
     "dwPad": 0,
     "szLookName": 4244342806,
     "unk_6c0cb90": 4294967295,
     "unk_d897a3": 4,
     "eFadeMethod": 0,
     "nFadeGroup": 0,
     "unk_d094b9a": 3,
     "unk_529dc44": 2,
     "eActorType": 5,
     "eGizmoType": -1,
     "unk_940ff8e": 0,
     "ptServerData": [],
     "ptMonsterActorData": [],
     "ptActorGizmoData": [],
     "unk_6a0a118": [],
     "unk_df84c5d": [],
     "unk_ff96acb": 0,
     "unk_b0425e7": [],
     "unk_c627b16": 0
    }
   ],
   "ptGroupData": [],
   "ptMarkerLinks": [],
   "unk_c339f69": -1,
   "dwSeed": 0,
   "tPrefabData": {
    "__type__": "PrefabData",
    "__typeHash__": 3988626058,
    "dwFlags": 0,
    "unk_32bf9c6": 0,
    "eFadeMethod": 0,
    "nFadeGroup": 0,
    "unk_d094b9a": 0,
    "eCullingLevel": 0,
    "unk_4bfd602": 0,
    "unk_6c0cb90": 4294967295,
    "snoTraversalSurface": {
     "value": -1,
     "group": 43,
     "groupName": "Surface",
     "type": "sno"
    },
    "unk_b0425e7": []
   }
  },
  {
   "__type__": "Marker",
   "__typeHash__": 3132676386,
   "dwHash": 3101614299,
   "nID": 3,
   "eType": 0,
   "transform": {
    "__type__": "PRTransform",
    "__typeHash__": 2588169118,
    "q": {
     "__type__": "bcQuat",
     "__typeHash__": 3955716320,
     "x": -0.3483436703681946,
     "y": 0.6127761602401733,
     "z": 0.3566858172416687,
     "w": 0.6131373047828674
    },
    "wp": {
     "x": 0.45367398858070374,
     "y": -0.08558739721775055,
     "z": 0.029717199504375458
    }
   },
   "snoname": {
    "value": 429619,
    "group": 1,
    "groupName": "Actor",
    "type": "sno",
    "name": "DrySteppesHU_KitchenWood_03"
   },
   "dwMarkerFlags": 1410,
   "vecScale": {
    "x": 0.6987079977989197,
    "y": 0.6987079977989197,
    "z": 0.6987079977989197
   },
   "ptBase": [
    {
     "__type__": "MarkerActorData",
     "__typeHash__": 2780317717,
     "dwType": 2780317717,
     "dwPad": 0,
     "szLookName": 0,
     "unk_6c0cb90": 4294967295,
     "unk_d897a3": 4,
     "eFadeMethod": 0,
     "nFadeGroup": 0,
     "unk_d094b9a": 3,
     "unk_529dc44": 2,
     "eActorType": 5,
     "eGizmoType": -1,
     "unk_940ff8e": 0,
     "ptServerData": [],
     "ptMonsterActorData": [],
     "ptActorGizmoData": [],
     "unk_6a0a118": [],
     "unk_df84c5d": [],
     "unk_ff96acb": 0,
     "unk_b0425e7": [],
     "unk_c627b16": 0
    }
   ],
   "ptGroupData": [],
   "ptMarkerLinks": [],
   "unk_c339f69": -1,
   "dwSeed": 0,
   "tPrefabData": {
    "__type__": "PrefabData",
    "__typeHash__": 3988626058,
    "dwFlags": 0,
    "unk_32bf9c6": 0,
    "eFadeMethod": 0,
    "nFadeGroup": 0,
    "unk_d094b9a": 0,
    "eCullingLevel": 0,
    "unk_4bfd602": 0,
    "unk_6c0cb90": 4294967295,
    "snoTraversalSurface": {
     "value": -1,
     "group": 43,
     "groupName": "Surface",
     "type": "sno"
    },
    "unk_b0425e7": []
   }
  },
  {
   "__type__": "Marker",
   "__typeHash__": 3132676386,
   "dwHash": 3101614300,
   "nID": 4,
   "eType": 0,
   "transform": {
    "__type__": "PRTransform",
    "__typeHash__": 2588169118,
    "q": {
     "__type__": "bcQuat",
     "__typeHash__": 3955716320,
     "x": -0.5951789617538452,
     "y": 0.3044814169406891,
     "z": 0.6681159138679504,
     "w": 0.3266102969646454
    },
    "wp": {
     "x": -0.027282599359750748,
     "y": 0.6166599988937378,
     "z": 0.05014529824256897
    }
   },
   "snoname": {
    "value": 429619,
    "group": 1,
    "groupName": "Actor",
    "type": "sno",
    "name": "DrySteppesHU_KitchenWood_03"
   },
   "dwMarkerFlags": 1410,
   "vecScale": {
    "x": 0.9016910195350647,
    "y": 0.9016910195350647,
    "z": 0.9016910195350647
   },
   "ptBase": [
    {
     "__type__": "MarkerActorData",
     "__typeHash__": 2780317717,
     "dwType": 2780317717,
     "dwPad": 0,
     "szLookName": 0,
     "unk_6c0cb90": 4294967295,
     "unk_d897a3": 4,
     "eFadeMethod": 0,
     "nFadeGroup": 0,
     "unk_d094b9a": 3,
     "unk_529dc44": 2,
     "eActorType": 5,
     "eGizmoType": -1,
     "unk_940ff8e": 0,
     "ptServerData": [],
     "ptMonsterActorData": [],
     "ptActorGizmoData": [],
     "unk_6a0a118": [],
     "unk_df84c5d": [],
     "unk_ff96acb": 0,
     "unk_b0425e7": [],
     "unk_c627b16": 0
    }
   ],
   "ptGroupData": [],
   "ptMarkerLinks": [],
   "unk_c339f69": -1,
   "dwSeed": 0,
   "tPrefabData": {
    "__type__": "PrefabData",
    "__typeHash__": 3988626058,
    "dwFlags": 0,
    "unk_32bf9c6": 0,
    "eFadeMethod": 0,
    "nFadeGroup": 0,
    "unk_d094b9a": 0,
    "eCullingLevel": 0,
    "unk_4bfd602": 0,
    "unk_6c0cb90": 4294967295,
    "snoTraversalSurface": {
     "value": -1,
     "group": 43,
     "groupName": "Surface",
     "type": "sno"
    },
    "unk_b0425e7": []
   }
  },
  {
   "__type__": "Marker",
   "__typeHash__": 3132676386,
   "dwHash": 3709642839,
   "nID": 5,
   "eType": 0,
   "transform": {
    "__type__": "PRTransform",
    "__typeHash__": 2588169118,
    "q": {
     "__type__": "bcQuat",
     "__typeHash__": 3955716320,
     "x": -0.005918149370700121,
     "y": -0.029951510950922966,
     "z": -0.5456317067146301,