{
 "__fileName__": "data/base/meta/MarkerSet/Eldhaime_Keep_Post_Barricade_03_Fused_Prefab.mrk",
 "__snoID__": 1321535,
 "__type__": "MarkerSetDefinition",
 "__typeHash__": 4093179991,
 "tMarkerSet": [
  {
   "__type__": "Marker",
   "__typeHash__": 3132676386,
   "dwHash": 629970000,
   "nID": 1,
   "eType": 0,
   "transform": {
    "__type__": "PRTransform",
    "__typeHash__": 2588169118,
    "q": {
     "__type__": "bcQuat",
     "__typeHash__": 3955716320,
     "x": 0.05883103981614113,
     "y": -0.547768235206604,
     "z": 0.2058737426996231,
     "w": 0.808767557144165
    },
    "wp": {
     "x": -2.889159917831421,
     "y": 0.4640809893608093,
     "z": 0
    }
   },
   "snoname": {
    "value": 450029,
    "group": 1,
    "groupName": "Actor",
    "name": "FracturedPeaksHU_Pale_Barricade_Base_00"
   },
   "dwMarkerFlags": 1424,
   "vecScale": {
    "x": 1,
    "y": 1,
    "z": 1
   },
   "ptBase": [
    {
     "__type__": "MarkerActorData",
     "__typeHash__": 2780317717,
     "dwType": 2780317717,
     "dwPad": 0,
     "szLookName": 0,
     "unk_6c0cb90": 4294967295,
     "unk_d897a3": 0,
     "eFadeMethod": 0,
     "nFadeGroup": 0,
     "unk_d094b9a": 1,
     "unk_529dc44": 2,
     "eActorType": 5,
     "eGizmoType": -1,
     "unk_940ff8e": 0,
     "ptServerData": [],
     "ptMonsterActorData": [],
     "ptActorGizmoData": [],
     "unk_6a0a118": [],
     "unk_df84c5d": [],
     "unk_ff96acb": 0,
     "unk_b0425e7": [],
     "unk_c627b16": 0
    }
   ],
   "ptGroupData": [],
   "ptMarkerLinks": [],
   "unk_c339f69": -1,
   "dwSeed": 0,
   "tPrefabData": {
    "__type__": "PrefabData",
    "__typeHash__": 3988626058,
    "dwFlags": 0,
    "unk_32bf9c6": 0,
    "eFadeMethod": 0,
    "nFadeGroup": 0,
    "unk_d094b9a": 0,
    "eCullingLevel": 0,
    "unk_4bfd602": 0,
    "unk_6c0cb90": 4294967295,
    "snoTraversalSurface": {
     "value": -1,
     "group": 43,
     "groupName": "Surface"
    },
    "unk_b0425e7": []
   }
  },
  {
   "__type__": "Marker",
   "__typeHash__": 3132676386,
   "dwHash": 3800509705,
   "nID": 2,
   "eType": 0,
   "transform": {
    "__type__": "PRTransform",
    "__typeHash__": 2588169118,
    "q": {
     "__type__": "bcQuat",
     "__typeHash__": 3955716320,
     "x": 0.014955766499042511,
     "y": -0.6296991109848022,
     "z": 0.16525903344154358,
     "w": 0.7589102387428284
    },
    "wp": {
     "x": -2.906980037689209,
     "y": 0.5594180226325989,
     "z": 0.28125
    }
   },
   "snoname": {
    "value": 767840,
    "group": 1,
    "groupName": "Actor",
    "name": "FracturedPeaksHU_Pale_Barricade_Destroyed_01"
   },
   "dwMarkerFlags": 1424,
   "vecScale": {
    "x": 1,
    "y": 1,
    "z": 1
   },
   "ptBase": [
    {
     "__type__": "MarkerActorData",
     "__typeHash__": 2780317717,
     "dwType": 2780317717,
     "dwPad": 0,
     "szLookName": 0,
     "unk_6c0cb90": 4294967295,
     "unk_d897a3": 0,
     "eFadeMethod": 0,
     "nFadeGroup": 0,
     "unk_d094b9a": 1,
     "unk_529dc44": 2,
     "eActorType": 5,
     "eGizmoType": -1,
     "unk_940ff8e": 0,
     "ptServerData": [],
     "ptMonsterActorData": [],
     "ptActorGizmoData": [],
     "unk_6a0a118": [],
     "unk_df84c5d": [],
     "unk_ff96acb": 0,
     "unk_b0425e7": [],
     "unk_c627b16": 0
    }
   ],
   "ptGroupData": [],
   "ptMarkerLinks": [],
   "unk_c339f69": -1,
   "dwSeed": 0,
   "tPrefabData": {
    "__type__": "PrefabData",
    "__typeHash__": 3988626058,
    "dwFlags": 0,
    "unk_32bf9c6": 0,
    "eFadeMethod": 0,
    "nFadeGroup": 0,
    "unk_d094b9a": 0,
    "eCullingLevel": 0,
    "unk_4bfd602": 0,
    "unk_6c0cb90": 4294967295,
    "snoTraversalSurface": {
     "value": -1,
     "group": 43,
     "groupName": "Surface"
    },
    "unk_b0425e7": []
   }
  },
  {
   "__type__": "Marker",
   "__typeHash__": 3132676386,
   "dwHash": 629970001,
   "nID": 3,
   "eType": 0,
   "transform": {
    "__type__": "PRTransform",
    "__typeHash__": 2588169118,
    "q": {
     "__type__": "bcQuat",
     "__typeHash__": 3955716320,
     "x": -0.6145932078361511,
     "y": 0.3497118353843689,
     "z": 0.40092140436172485,
     "w": 0.5824421644210815
    },
    "wp": {
     "x": 2.907099962234497,
     "y": -0.8215029835700989,
     "z": 0.681098997592926
    }
   },
   "snoname": {
    "value": 450029,
    "group": 1,
    "groupName": "Actor",
    "name": "FracturedPeaksHU_Pale_Barricade_Base_00"
   },
   "dwMarkerFlags": 1424,
   "vecScale": {
    "x": 1,
    "y": 1,
    "z": 1
   },
   "ptBase": [
    {
     "__type__": "MarkerActorData",
     "__typeHash__": 2780317717,
     "dwType": 2780317717,
     "dwPad": 0,
     "szLookName": 0,
     "unk_6c0cb90": 4294967295,
     "unk_d897a3": 0,
     "eFadeMethod": 0,
     "nFadeGroup": 0,
     "unk_d094b9a": 1,
     "unk_529dc44": 2,
     "eActorType": 5,
     "eGizmoType": -1,
     "unk_940ff8e": 0,
     "ptServerData": [],
     "ptMonsterActorData": [],
     "ptActorGizmoData": [],
     "unk_6a0a118": [],
     "unk_df84c5d": [],
     "unk_ff96acb": 0,
     "unk_b0425e7": [],
     "unk_c627b16": 0
    }
   ],
   "ptGroupData": [],
   "ptMarkerLinks": [],
   "unk_c339f69": -1,
   "dwSeed": 0,
   "tPrefabData": {
    "__type__": "PrefabData",
    "__typeHash__": 3988626058,
    "dwFlags": 0,
    "unk_32bf9c6": 0,
    "eFadeMethod": 0,
    "nFadeGroup": 0,
    "unk_d094b9a": 0,
    "eCullingLevel": 0,
    "unk_4bfd602": 0,
    "unk_6c0cb90": 4294967295,
    "snoTraversalSurface": {
     "value": -1,
     "group": 43,
     "groupName": "Surface"
    },
    "unk_b0425e7": []
   }
  },
  {
   "__type__": "Marker",
   "__typeHash__": 3132676386,
   "dwHash": 3801695626,
   "nID": 4,
   "eType": 0,
   "transform": {
    "__type__": "PRTransform",
    "__typeHash__": 2588169118,
    "q": {
     "__type__": "bcQuat",
     "__typeHash__": 3955716320,
     "x": -0.6230364441871643,
     "y": 0.15968269109725952,
     "z": 0.7647796273231506,
     "w": 0.037935201078653336
    },
    "wp": {
     "x": -2.4007599353790283,
     "y": 0.8215330243110657,
     "z": 0.12049899995326996
    }
   },
   "snoname": {
    "value": 767842,
    "group": 1,
    "groupName": "Actor",
    "name": "FracturedPeaksHU_Pale_Barricade_Destroyed_02"
   },
   "dwMarkerFlags": 1424,
   "vecScale": {
    "x": 1,
    "y": 1,
    "z": 1
   },
   "ptBase": [
    {
     "__type__": "MarkerActorData",
     "__typeHash__": 2780317717,
     "dwType": 2780317717,
     "dwPad": 0,
     "szLookName": 0,
     "unk_6c0cb90": 4294967295,
     "unk_d897a3": 0,
     "eFadeMethod": 0,
     "nFadeGroup": 0,
     "unk_d094b9a": 1,
     "unk_529dc44": 2,
     "eActorType": 5,
     "eGizmoType": -1,
     "unk_940ff8e": 0,
     "ptServerData": [],
     "ptMonsterActorData": [],
     "ptActorGizmoData": [],
     "unk_6a0a118": [],
     "unk_df84c5d": [],
     "unk_ff96acb": 0,
     "unk_b0425e7": [],
     "unk_c627b16": 0
    }
   ],
   "ptGroupData": [],
   "ptMarkerLinks": [],
   "unk_c339f69": -1,
   "dwSeed": 0,
   "tPrefabData": {
    "__type__": "PrefabData",
    "__typeHash__": 3988626058,
    "dwFlags": 0,
    "unk_32bf9c6": 0,
    "eFadeMethod": 0,
    "nFadeGroup": 0,
    "unk_d094b9a": 0,
    "eCullingLevel": 0,
    "unk_4bfd602": 0,
    "unk_6c0cb90": 4294967295,
    "snoTraversalSurface": {
     "value": -1,
     "group": 43,
     "groupName": "Surface"
    },
    "unk_b0425e7": []
   }
  }
 ],
 "dwMarkerSetFlags": 8519945,
 "nLabel": {
  "value": 4294967295,
  "group": 4
 },
 "unk_677237e": {
  "value": -1,
  "group": 51,
  "groupName": "Condition"
 },
 "unk_6d7f2e9": [],
 "unk_db67c2c": "0",
 "ptChunks": [],
 "unk_a3613db": [],
 "unk_6458d11": [],
 "unk_2bbd1d": {
  "__type__": "Type_c8d78ce7",
  "__typeHash__": 3369569511,
  "nWidth": 0,
  "nHeight": 0,
  "nDepth": 0,
  "dwPitch": 0,
  "dwSlicePitch": 0,
  "flGridSize": 0,
  "wpOrigin": {
   "x": 0,
   "y": 0,
   "z": 0
  },
  "unk_4b236f4": "0",
  "unk_aa0958e": [],
  "unk_aa09583": [],
  "unk_aa0957e": [],
  "unk_dd3cf4b": [],
  "unk_dd3cf40": [],
  "unk_dd3cf3b": []
 },