{
 "__fileName__": "data/base/meta/MarkerSet/Eldhaime_Keep_Flip_CorpsePile_02_Fused_Prefab.mrk",
 "__snoID__": 1314695,
 "__type__": "MarkerSetDefinition",
 "__typeHash__": 4093179991,
 "tMarkerSet": [
  {
   "__type__": "Marker",
   "__typeHash__": 3132676386,
   "dwHash": 629970000,
   "nID": 1,
   "eType": 0,
   "transform": {
    "__type__": "PRTransform",
    "__typeHash__": 2588169118,
    "q": {
     "__type__": "bcQuat",
     "__typeHash__": 3955716320,
     "x": -0.24031859636306763,
     "y": 0.6754490733146667,
     "z": -0.5891262888908386,
     "w": -0.37275436520576477
    },
    "wp": {
     "x": 1.8010300397872925,
     "y": 1.2163699865341187,
     "z": 0.6986160278320312
    }
   },
   "snoname": {
    "__raw__": 450029,
    "__group__": 1,
    "__type__": "DT_SNO_NAME",
    "__typeHash__": 3339108615,
    "groupName": "Actor",
    "name": "FracturedPeaksHU_Pale_Barricade_Base_00"
   },
   "dwMarkerFlags": 1424,
   "vecScale": {
    "x": 0.949999988079071,
    "y": 0.949999988079071,
    "z": 0.949999988079071
   },
   "ptBase": [
    {
     "__type__": "MarkerActorData",
     "__typeHash__": 2780317717,
     "dwType": 2780317717,
     "dwPad": 0,
     "szLookName": 0,
     "dwShaderMapOverride": 4294967295,
     "unk_d897a3": 0,
     "eFadeMethod": 0,
     "nFadeGroup": 0,
     "unk_d094b9a": 1,
     "unk_529dc44": 2,
     "eActorType": 5,
     "eGizmoType": -1,
     "unk_940ff8e": 0,
     "ptServerData": [],
     "ptMonsterActorData": [],
     "ptActorGizmoData": [],
     "unk_6a0a118": [],
     "unk_df84c5d": [],
     "unk_ff96acb": 0,
     "unk_b0425e7": [],
     "unk_c627b16": 0
    }
   ],
   "ptGroupData": [],
   "ptMarkerLinks": [],
   "unk_c339f69": -1,
   "dwSeed": 0,
   "tPrefabData": {
    "__type__": "PrefabData",
    "__typeHash__": 3988626058,
    "dwFlags": 0,
    "unk_32bf9c6": 0,
    "eFadeMethod": 0,
    "nFadeGroup": 0,
    "unk_d094b9a": 0,
    "eCullingLevel": 0,
    "unk_4bfd602": 0,
    "dwShaderMapOverride": 4294967295,
    "snoTraversalSurface": null,
    "unk_b0425e7": []
   }
  },
  {
   "__type__": "Marker",
   "__typeHash__": 3132676386,
   "dwHash": 3799323784,
   "nID": 2,
   "eType": 0,
   "transform": {
    "__type__": "PRTransform",
    "__typeHash__": 2588169118,
    "q": {
     "__type__": "bcQuat",
     "__typeHash__": 3955716320,
     "x": -0.151869997382164,
     "y": 0.635670006275177,
     "z": -0.5951150059700012,
     "w": -0.4676509499549866
    },
    "wp": {
     "x": 1.5549299716949463,
     "y": 1.164430022239685,
     "z": 0.8314589858055115
    }
   },
   "snoname": {
    "__raw__": 767838,
    "__group__": 1,
    "__type__": "DT_SNO_NAME",
    "__typeHash__": 3339108615,
    "groupName": "Actor",
    "name": "FracturedPeaksHU_Pale_Barricade_Destroyed_00"
   },
   "dwMarkerFlags": 1424,
   "vecScale": {
    "x": 0.949999988079071,
    "y": 0.949999988079071,
    "z": 0.949999988079071
   },
   "ptBase": [
    {
     "__type__": "MarkerActorData",
     "__typeHash__": 2780317717,
     "dwType": 2780317717,
     "dwPad": 0,
     "szLookName": 0,
     "dwShaderMapOverride": 4294967295,
     "unk_d897a3": 0,
     "eFadeMethod": 0,
     "nFadeGroup": 0,
     "unk_d094b9a": 1,
     "unk_529dc44": 2,
     "eActorType": 5,
     "eGizmoType": -1,
     "unk_940ff8e": 0,
     "ptServerData": [],
     "ptMonsterActorData": [],
     "ptActorGizmoData": [],
     "unk_6a0a118": [],
     "unk_df84c5d": [],
     "unk_ff96acb": 0,
     "unk_b0425e7": [],
     "unk_c627b16": 0
    }
   ],
   "ptGroupData": [],
   "ptMarkerLinks": [],
   "unk_c339f69": -1,
   "dwSeed": 0,
   "tPrefabData": {
    "__type__": "PrefabData",
    "__typeHash__": 3988626058,
    "dwFlags": 0,
    "unk_32bf9c6": 0,
    "eFadeMethod": 0,
    "nFadeGroup": 0,
    "unk_d094b9a": 0,
    "eCullingLevel": 0,
    "unk_4bfd602": 0,
    "dwShaderMapOverride": 4294967295,
    "snoTraversalSurface": null,
    "unk_b0425e7": []
   }
  },
  {
   "__type__": "Marker",
   "__typeHash__": 3132676386,
   "dwHash": 1932050598,
   "nID": 3,
   "eType": 0,
   "transform": {
    "__type__": "PRTransform",
    "__typeHash__": 2588169118,
    "q": {
     "__type__": "bcQuat",
     "__typeHash__": 3955716320,
     "x": -0.02027512714266777,
     "y": 0.03474315628409386,
     "z": 0.8630856871604919,
     "w": 0.5034531354904175
    },
    "wp": {
     "x": 0.015136700123548508,
     "y": -0.04437259957194328,
     "z": 0.30744901299476624
    }
   },
   "snoname": {
    "__raw__": 130925,
    "__group__": 1,
    "__type__": "DT_SNO_NAME",
    "__typeHash__": 3339108615,
    "groupName": "Actor",
    "name": "GoatMan_GorePile_01"
   },
   "dwMarkerFlags": 1424,
   "vecScale": {
    "x": 1,
    "y": 1,
    "z": 1
   },
   "ptBase": [
    {
     "__type__": "MarkerActorData",
     "__typeHash__": 2780317717,
     "dwType": 2780317717,
     "dwPad": 0,
     "szLookName": 0,
     "dwShaderMapOverride": 4294967295,
     "unk_d897a3": 0,
     "eFadeMethod": 0,
     "nFadeGroup": 0,
     "unk_d094b9a": 1,
     "unk_529dc44": 2,
     "eActorType": 5,
     "eGizmoType": -1,
     "unk_940ff8e": 0,
     "ptServerData": [],
     "ptMonsterActorData": [],
     "ptActorGizmoData": [],
     "unk_6a0a118": [],
     "unk_df84c5d": [],
     "unk_ff96acb": 0,
     "unk_b0425e7": [],
     "unk_c627b16": 0
    }
   ],
   "ptGroupData": [],
   "ptMarkerLinks": [],
   "unk_c339f69": -1,
   "dwSeed": 0,
   "tPrefabData": {
    "__type__": "PrefabData",
    "__typeHash__": 3988626058,
    "dwFlags": 0,
    "unk_32bf9c6": 3,
    "eFadeMethod": 0,
    "nFadeGroup": 0,
    "unk_d094b9a": 0,
    "eCullingLevel": 0,
    "unk_4bfd602": 0,
    "dwShaderMapOverride": 4294967295,
    "snoTraversalSurface": null,
    "unk_b0425e7": []
   }
  },
  {
   "__type__": "Marker",
   "__typeHash__": 3132676386,
   "dwHash": 1174582158,
   "nID": 4,
   "eType": 0,
   "transform": {
    "__type__": "PRTransform",
    "__typeHash__": 2588169118,
    "q": {
     "__type__": "bcQuat",
     "__typeHash__": 3955716320,
     "x": 0,
     "y": 0,
     "z": 0.6939131617546082,
     "w": 0.7200587391853333
    },
    "wp": {
     "x": 0.4669190049171448,
     "y": 0.21063199639320374,
     "z": 0
    }
   },
   "snoname": {
    "__raw__": 130852,
    "__group__": 1,
    "__type__": "DT_SNO_NAME",
    "__typeHash__": 3339108615,
    "groupName": "Actor",
    "name": "Goatman_ImpaledHuman_Female_02"
   },
   "dwMarkerFlags": 1424,
   "vecScale": {
    "x": 1,
    "y": 1,
    "z": 1
   },
   "ptBase": [
    {
     "__type__": "MarkerActorData",
     "__typeHash__": 2780317717,
     "dwType": 2780317717,
     "dwPad": 0,
     "szLookName": 0,
     "dwShaderMapOverride": 4294967295,
     "unk_d897a3": 0,
     "eFadeMethod": 0,
     "nFadeGroup": 0,
     "unk_d094b9a": 0,
     "unk_529dc44": 2,
     "eActorType": 5,
     "eGizmoType": -1,
     "unk_940ff8e": 0,
     "ptServerData": [],
     "ptMonsterActorData": [],
     "ptActorGizmoData": [],
     "unk_6a0a118": [],
     "unk_df84c5d": [],
     "unk_ff96acb": 0,
     "unk_b0425e7": [],
     "unk_c627b16": 0
    }
   ],
   "ptGroupData": [],
   "ptMarkerLinks": [],
   "unk_c339f69": -1,
   "dwSeed": 0,
   "tPrefabData": {
    "__type__": "PrefabData",
    "__typeHash__": 3988626058,
    "dwFlags": 0,
    "unk_32bf9c6": 3,
    "eFadeMethod": 0,
    "nFadeGroup": 0,
    "unk_d094b9a": 0,
    "eCullingLevel": 0,
    "unk_4bfd602": 0,
    "dwShaderMapOverride": 4294967295,
    "snoTraversalSurface": null,
    "unk_b0425e7": []
   }
  },
  {
   "__type__": "Marker",
   "__typeHash__": 3132676386,
   "dwHash": 2195300231,
   "nID": 5,
   "eType": 0,
   "transform": {
    "__type__": "PRTransform",
    "__typeHash__": 2588169118,
    "q": {
     "__type__": "bcQuat",
     "__typeHash__": 3955716320,
     "x": 0,
     "y": 0,
     "z": 0.5667158365249634,
     "w": 0.8239133358001709
    },
    "wp": {
     "x": 0.20373499393463135,
     "y": -0.49371299147605896,
     "z": 0.4739460051059723
    }
   },
   "snoname": {
    "__raw__": 130855,
    "__group__": 1,