{
 "__fileName__": "data/base/meta/MarkerSet/Ext_Triune_Ruins_Shrine_C_03_Diablo_PF.mrk",
 "__snoID__": 1303292,
 "__type__": "MarkerSetDefinition",
 "__typeHash__": 4093179991,
 "tMarkerSet": [
  {
   "__type__": "Marker",
   "__typeHash__": 3132676386,
   "dwHash": 463661012,
   "nID": 29,
   "eType": 5,
   "transform": {
    "__type__": "PRTransform",
    "__typeHash__": 2588169118,
    "q": {
     "__type__": "bcQuat",
     "__typeHash__": 3955716320,
     "x": 0.043130841106176376,
     "y": -0.043130841106176376,
     "z": 0.7057902216911316,
     "w": 0.7057901620864868
    },
    "wp": {
     "x": 0.028236400336027145,
     "y": -0.1419370025396347,
     "z": 0.48275500535964966
    }
   },
   "snoname": {
    "value": -1,
    "group": -1,
    "groupName": "None"
   },
   "dwMarkerFlags": 0,
   "vecScale": {
    "x": 0.6812019944190979,
    "y": 0.6812019944190979,
    "z": 0.6812019944190979
   },
   "ptBase": [],
   "ptGroupData": [],
   "ptMarkerLinks": [],
   "unk_c339f69": -1,
   "dwSeed": 0,
   "tPrefabData": {
    "__type__": "PrefabData",
    "__typeHash__": 3988626058,
    "dwFlags": 0,
    "unk_32bf9c6": 3,
    "eFadeMethod": 0,
    "nFadeGroup": 0,
    "unk_d094b9a": 4,
    "eCullingLevel": 0,
    "unk_4bfd602": 3027724976,
    "unk_6c0cb90": 4294967295,
    "snoTraversalSurface": {
     "value": -1,
     "group": 43,
     "groupName": "Surface"
    },
    "unk_b0425e7": []
   }
  },
  {
   "__type__": "Marker",
   "__typeHash__": 3132676386,
   "dwHash": 3045074404,
   "nID": 21,
   "eType": 0,
   "transform": {
    "__type__": "PRTransform",
    "__typeHash__": 2588169118,
    "q": {
     "__type__": "bcQuat",
     "__typeHash__": 3955716320,
     "x": 0,
     "y": 0,
     "z": 0.006664201617240906,
     "w": 0.9999778270721436
    },
    "wp": {
     "x": 0.13211800158023834,
     "y": 0.25100699067115784,
     "z": -0.5764049887657166
    }
   },
   "snoname": {
    "value": 497922,
    "group": 57,
    "groupName": "Material",
    "name": "Temple_Triune_Rock_Pentagram_Decal_A_03"
   },
   "dwMarkerFlags": 1024,
   "vecScale": {
    "x": 1.4635900259017944,
    "y": 1.4635900259017944,
    "z": 0.7680389881134033
   },
   "ptBase": [
    {
     "__type__": "MarkerDecalData",
     "__typeHash__": 2650697781,
     "dwType": 2650697781,
     "dwPad": 0,
     "unk_1e3c3c3": 0,
     "flAngleThreshold": 3.1415927410125732,
     "unk_18f0908": 0,
     "unk_ec8f2d4": 0,
     "unk_b0425e7": []
    }
   ],
   "ptGroupData": [],
   "ptMarkerLinks": [],
   "unk_c339f69": -1,
   "dwSeed": 0,
   "tPrefabData": {
    "__type__": "PrefabData",
    "__typeHash__": 3988626058,
    "dwFlags": 0,
    "unk_32bf9c6": 0,
    "eFadeMethod": 0,
    "nFadeGroup": 0,
    "unk_d094b9a": 0,
    "eCullingLevel": 0,
    "unk_4bfd602": 0,
    "unk_6c0cb90": 4294967295,
    "snoTraversalSurface": {
     "value": -1,
     "group": 43,
     "groupName": "Surface"
    },
    "unk_b0425e7": []
   }
  }
 ],
 "dwMarkerSetFlags": 131337,
 "nLabel": {
  "value": 4294967295,
  "group": 4
 },
 "unk_677237e": {
  "value": -1,
  "group": 51,
  "groupName": "Condition"
 },
 "unk_6d7f2e9": [
  {
   "__type__": "Type_70e5b8b6",
   "__typeHash__": 1894103222,
   "unk_770f3b7": 1054778200,
   "tPrefabData": {
    "__type__": "PrefabData",
    "__typeHash__": 3988626058,
    "dwFlags": 0,
    "unk_32bf9c6": 3,
    "eFadeMethod": 0,
    "nFadeGroup": 0,
    "unk_d094b9a": 4,
    "eCullingLevel": 0,
    "unk_4bfd602": 3027724976,
    "unk_6c0cb90": 4294967295,
    "snoTraversalSurface": {
     "value": -1,
     "group": 43,
     "groupName": "Surface"
    },
    "unk_b0425e7": []
   }
  }
 ],
 "unk_db67c2c": "0",
 "ptChunks": [],
 "unk_a3613db": [],
 "unk_6458d11": [],
 "unk_2bbd1d": {
  "__type__": "Type_c8d78ce7",
  "__typeHash__": 3369569511,
  "nWidth": 0,
  "nHeight": 0,
  "nDepth": 0,
  "dwPitch": 0,
  "dwSlicePitch": 0,
  "flGridSize": 0,
  "wpOrigin": {
   "x": 0,
   "y": 0,
   "z": 0
  },
  "unk_4b236f4": "0",
  "unk_aa0958e": [],
  "unk_aa09583": [],
  "unk_aa0957e": [],
  "unk_dd3cf4b": [],
  "unk_dd3cf40": [],
  "unk_dd3cf3b": []
 },
 "unk_69b6741": [],
 "unk_2f217b0": -1,
 "unk_d0a9662": "0"
}
