{
 "__fileName__": "data/base/meta/MarkerSet/Fallen_AshMound_03_Prefab.mrk",
 "__snoID__": 390854,
 "__type__": "MarkerSetDefinition",
 "__typeHash__": 4093179991,
 "tMarkerSet": [
  {
   "__type__": "Marker",
   "__typeHash__": 3132676386,
   "dwHash": 2880706826,
   "nID": 3,
   "eType": 0,
   "transform": {
    "__type__": "PRTransform",
    "__typeHash__": 2588169118,
    "q": {
     "__type__": "bcQuat",
     "__typeHash__": 3955716320,
     "x": 0,
     "y": 0,
     "z": 0.3935992419719696,
     "w": 0.9192821979522705
    },
    "wp": {
     "x": 0.5509030222892761,
     "y": 1.018049955368042,
     "z": 0.09947209805250168
    }
   },
   "snoname": {
    "value": 387029,
    "group": 57,
    "groupName": "Material",
    "type": "sno",
    "name": "Fallen_HandPrint_Card_Decal"
   },
   "dwMarkerFlags": 1024,
   "vecScale": {
    "x": 1.100000023841858,
    "y": 1.100000023841858,
    "z": 1.100000023841858
   },
   "ptBase": [
    {
     "__type__": "MarkerDecalData",
     "__typeHash__": 2650697781,
     "dwType": 2650697781,
     "dwPad": 0,
     "unk_1e3c3c3": 0,
     "flAngleThreshold": 3.1415927410125732,
     "unk_18f0908": 0,
     "unk_ec8f2d4": 0,
     "unk_b0425e7": []
    }
   ],
   "ptGroupData": [],
   "ptMarkerLinks": [],
   "unk_c339f69": -1,
   "dwSeed": 0,
   "tPrefabData": {
    "__type__": "PrefabData",
    "__typeHash__": 3988626058,
    "dwFlags": 0,
    "unk_32bf9c6": 0,
    "eFadeMethod": 0,
    "nFadeGroup": 0,
    "unk_d094b9a": 0,
    "eCullingLevel": 0,
    "unk_4bfd602": 0,
    "unk_6c0cb90": 4294967295,
    "snoTraversalSurface": {
     "value": -1,
     "group": 43,
     "groupName": "Surface",
     "type": "sno"
    },
    "unk_b0425e7": []
   }
  },
  {
   "__type__": "Marker",
   "__typeHash__": 3132676386,
   "dwHash": 1690214461,
   "nID": 27,
   "eType": 0,
   "transform": {
    "__type__": "PRTransform",
    "__typeHash__": 2588169118,
    "q": {
     "__type__": "bcQuat",
     "__typeHash__": 3955716320,
     "x": 0,
     "y": 0,
     "z": 0.010893819853663445,
     "w": 0.9999407529830933
    },
    "wp": {
     "x": 0.7604979872703552,
     "y": -0.4427799880504608,
     "z": -0.06348609924316406
    }
   },
   "snoname": {
    "value": 136022,
    "group": 57,
    "groupName": "Material",
    "type": "sno",
    "name": "BurntGround_Splat"
   },
   "dwMarkerFlags": 1024,
   "vecScale": {
    "x": 0.949999988079071,
    "y": 0.949999988079071,
    "z": 0.30000001192092896
   },
   "ptBase": [
    {
     "__type__": "MarkerDecalData",
     "__typeHash__": 2650697781,
     "dwType": 2650697781,
     "dwPad": 0,
     "unk_1e3c3c3": 0,
     "flAngleThreshold": 3.1415927410125732,
     "unk_18f0908": 0,
     "unk_ec8f2d4": 0,
     "unk_b0425e7": []
    }
   ],
   "ptGroupData": [],
   "ptMarkerLinks": [],
   "unk_c339f69": -1,
   "dwSeed": 0,
   "tPrefabData": {
    "__type__": "PrefabData",
    "__typeHash__": 3988626058,
    "dwFlags": 0,
    "unk_32bf9c6": 0,
    "eFadeMethod": 0,
    "nFadeGroup": 0,
    "unk_d094b9a": 0,
    "eCullingLevel": 0,
    "unk_4bfd602": 0,
    "unk_6c0cb90": 4294967295,
    "snoTraversalSurface": {
     "value": -1,
     "group": 43,
     "groupName": "Surface",
     "type": "sno"
    },
    "unk_b0425e7": []
   }
  }
 ],
 "dwMarkerSetFlags": 131337,
 "nLabel": {
  "value": 4294967295,
  "type": "gbid",
  "group": 4
 },
 "unk_677237e": {
  "value": -1,
  "group": 51,
  "groupName": "Condition",
  "type": "sno"
 },
 "unk_6d7f2e9": [],
 "unk_db67c2c": "0",
 "ptChunks": [],
 "unk_a3613db": [],
 "unk_6458d11": [],
 "unk_2bbd1d": {
  "__type__": "Type_c8d78ce7",
  "__typeHash__": 3369569511,
  "nWidth": 0,
  "nHeight": 0,
  "nDepth": 0,
  "dwPitch": 0,
  "dwSlicePitch": 0,
  "flGridSize": 0,
  "wpOrigin": {
   "x": 0,
   "y": 0,
   "z": 0
  },
  "unk_4b236f4": "0",
  "unk_aa0958e": [],
  "unk_aa09583": [],
  "unk_aa0957e": [],
  "unk_dd3cf4b": [],
  "unk_dd3cf40": [],
  "unk_dd3cf3b": []
 },
 "unk_69b6741": [],
 "unk_2f217b0": -1,
 "unk_d0a9662": "0"
}
