{
 "__fileName__": "data/base/meta/MarkerSet/Frac_Building_Margrave_Gate_Entrance_01.mrk",
 "__snoID__": 757424,
 "__type__": "MarkerSetDefinition",
 "__typeHash__": 4093179991,
 "tMarkerSet": [
  {
   "__type__": "Marker",
   "__typeHash__": 3132676386,
   "dwHash": 463661074,
   "nID": 143,
   "eType": 5,
   "transform": {
    "__type__": "PRTransform",
    "__typeHash__": 2588169118,
    "q": {
     "__type__": "bcQuat",
     "__typeHash__": 3955716320,
     "x": 0,
     "y": 0,
     "z": -0.6307879090309143,
     "w": 0.7759553790092468
    },
    "wp": {
     "x": 1.6956700086593628,
     "y": -4.377270221710205,
     "z": -1.1318999528884888
    }
   },
   "snoname": {
    "value": -1,
    "group": -1,
    "groupName": "None"
   },
   "dwMarkerFlags": 0,
   "vecScale": {
    "x": 1,
    "y": 1,
    "z": 1
   },
   "ptBase": [],
   "ptGroupData": [],
   "ptMarkerLinks": [],
   "unk_c339f69": -1,
   "dwSeed": 0,
   "tPrefabData": {
    "__type__": "PrefabData",
    "__typeHash__": 3988626058,
    "dwFlags": 8,
    "unk_32bf9c6": 0,
    "eFadeMethod": 0,
    "nFadeGroup": 0,
    "unk_d094b9a": 3,
    "eCullingLevel": 0,
    "unk_4bfd602": 1429311464,
    "unk_6c0cb90": 4294967295,
    "snoTraversalSurface": {
     "value": -1,
     "group": 43,
     "groupName": "Surface"
    },
    "unk_b0425e7": []
   }
  },
  {
   "__type__": "Marker",
   "__typeHash__": 3132676386,
   "dwHash": 463661075,
   "nID": 537,
   "eType": 5,
   "transform": {
    "__type__": "PRTransform",
    "__typeHash__": 2588169118,
    "q": {
     "__type__": "bcQuat",
     "__typeHash__": 3955716320,
     "x": -1.4107139068020302e-10,
     "y": 2.643549545933155e-10,
     "z": 0.9986863732337952,
     "w": 0.05123939365148544
    },
    "wp": {
     "x": 1.1499338150024414,
     "y": -2.7480955123901367,
     "z": -0.24414992332458496
    }
   },
   "snoname": {
    "value": -1,
    "group": -1,
    "groupName": "None"
   },
   "dwMarkerFlags": 0,
   "vecScale": {
    "x": 1,
    "y": 1,
    "z": 1
   },
   "ptBase": [],
   "ptGroupData": [
    {
     "__type__": "MarkerGroupData",
     "__typeHash__": 3312843337,
     "tLocalTransform": {
      "__type__": "PRTransform",
      "__typeHash__": 2588169118,
      "q": {
       "__type__": "bcQuat",
       "__typeHash__": 3955716320,
       "x": -2.7218666209805065e-10,
       "y": 1.2529614845657733e-10,
       "z": 0.8265066742897034,
       "w": -0.5629270672798157
      },
      "wp": {
       "x": 0.5551009774208069,
       "y": -0.6434260010719299,
       "z": -3.719630002975464
      }
     },
     "unk_80dc871": {
      "x": 1,
      "y": 1,
      "z": 1
     }
    }
   ],
   "ptMarkerLinks": [],
   "unk_c339f69": 3,
   "dwSeed": 0,
   "tPrefabData": {
    "__type__": "PrefabData",
    "__typeHash__": 3988626058,
    "dwFlags": 2048,
    "unk_32bf9c6": 0,
    "eFadeMethod": 0,
    "nFadeGroup": 0,
    "unk_d094b9a": 0,
    "eCullingLevel": 0,
    "unk_4bfd602": 1429311464,
    "unk_6c0cb90": 4294967295,
    "snoTraversalSurface": {
     "value": -1,
     "group": 43,
     "groupName": "Surface"
    },
    "unk_b0425e7": []
   }
  },
  {
   "__type__": "Marker",
   "__typeHash__": 3132676386,
   "dwHash": 463661076,
   "nID": 423,
   "eType": 5,
   "transform": {
    "__type__": "PRTransform",
    "__typeHash__": 2588169118,
    "q": {
     "__type__": "bcQuat",
     "__typeHash__": 3955716320,
     "x": 2.642883967229892e-10,
     "y": 1.4119772018261756e-10,
     "z": -0.05076385289430618,
     "w": 0.9987107515335083
    },
    "wp": {
     "x": -0.12706446647644043,
     "y": 1.7005572319030762,
     "z": -0.20058989524841309
    }
   },
   "snoname": {
    "value": -1,
    "group": -1,
    "groupName": "None"
   },
   "dwMarkerFlags": 0,
   "vecScale": {
    "x": 1,
    "y": 1,
    "z": 1
   },
   "ptBase": [],
   "ptGroupData": [
    {
     "__type__": "MarkerGroupData",
     "__typeHash__": 3312843337,
     "tLocalTransform": {
      "__type__": "PRTransform",
      "__typeHash__": 2588169118,
      "q": {
       "__type__": "bcQuat",
       "__typeHash__": 3955716320,
       "x": 1.2516673808526946e-10,
       "y": 2.72247002719439e-10,
       "z": 0.563320517539978,
       "w": 0.8262384533882141
      },
      "wp": {
       "x": -4.073090076446533,
       "y": -0.6763330101966858,
       "z": -3.676069974899292
      }
     },
     "unk_80dc871": {
      "x": 1,
      "y": 1,
      "z": 1
     }
    }
   ],
   "ptMarkerLinks": [],
   "unk_c339f69": 3,
   "dwSeed": 0,
   "tPrefabData": {
    "__type__": "PrefabData",
    "__typeHash__": 3988626058,
    "dwFlags": 0,
    "unk_32bf9c6": 0,
    "eFadeMethod": 0,
    "nFadeGroup": 0,
    "unk_d094b9a": 0,
    "eCullingLevel": 0,
    "unk_4bfd602": 1429311464,
    "unk_6c0cb90": 4294967295,
    "snoTraversalSurface": {
     "value": -1,
     "group": 43,
     "groupName": "Surface"
    },
    "unk_b0425e7": []
   }
  },
  {
   "__type__": "Marker",
   "__typeHash__": 3132676386,
   "dwHash": 463661077,
   "nID": 167,
   "eType": 5,
   "transform": {
    "__type__": "PRTransform",
    "__typeHash__": 2588169118,
    "q": {
     "__type__": "bcQuat",
     "__typeHash__": 3955716320,
     "x": 0,
     "y": 0,
     "z": -0.6045372486114502,
     "w": 0.7965768575668335
    },
    "wp": {
     "x": 1.620270013809204,
     "y": -2.040339946746826,
     "z": 3.475480079650879
    }
   },
   "snoname": {
    "value": -1,
    "group": -1,
    "groupName": "None"
   },
   "dwMarkerFlags": 0,
   "vecScale": {
    "x": 1,
    "y": 1,
    "z": 1
   },
   "ptBase": [],
   "ptGroupData": [],
   "ptMarkerLinks": [],
   "unk_c339f69": -1,
   "dwSeed": 0,
   "tPrefabData": {
    "__type__": "PrefabData",
    "__typeHash__": 3988626058,
    "dwFlags": 8,
    "unk_32bf9c6": 0,
    "eFadeMethod": 4,
    "nFadeGroup": 10,
    "unk_d094b9a": 3,
    "eCullingLevel": 0,
    "unk_4bfd602": 1429311464,
    "unk_6c0cb90": 4294967295,
    "snoTraversalSurface": {
     "value": -1,
     "group": 43,
     "groupName": "Surface"
    },
    "unk_b0425e7": []
   }
  },
  {
   "__type__": "Marker",
   "__typeHash__": 3132676386,
   "dwHash": 463661078,
   "nID": 433,
   "eType": 5,
   "transform": {
    "__type__": "PRTransform",
    "__typeHash__": 2588169118,
    "q": {
     "__type__": "bcQuat",
     "__typeHash__": 3955716320,
     "x": 0,
     "y": 0,
     "z": -0.6045372486114502,
     "w": 0.7965768575668335
    },
    "wp": {
     "x": 1.9339599609375,
     "y": -0.9354310035705566,
     "z": 0.6319959759712219
    }
   },
   "snoname": {
    "value": -1,
    "group": -1,
    "groupName": "None"
   },
   "dwMarkerFlags": 0,
   "vecScale": {
    "x": 1,
    "y": 1,
    "z": 1
   },
   "ptBase": [],
   "ptGroupData": [],
   "ptMarkerLinks": [],
   "unk_c339f69": -1,
   "dwSeed": 0,
   "tPrefabData": {
    "__type__": "PrefabData",
    "__typeHash__": 3988626058,
    "dwFlags": 0,
    "unk_32bf9c6": 0,
    "eFadeMethod": 0,
    "nFadeGroup": 0,
    "unk_d094b9a": 1,
    "eCullingLevel": 0,
    "unk_4bfd602": 3287663109,
    "unk_6c0cb90": 4294967295,
    "snoTraversalSurface": {
     "value": -1,
     "group": 43,
     "groupName": "Surface"
    },
    "unk_b0425e7": []
   }
  },
  {
   "__type__": "Marker",
   "__typeHash__": 3132676386,
   "dwHash": 3170210970,
   "nID": 171,
   "eType": 3,
   "transform": {
    "__type__": "PRTransform",
    "__typeHash__": 2588169118,
    "q": {
     "__type__": "bcQuat",
     "__typeHash__": 3955716320,
     "x": 0,
     "y": 0,
     "z": -0.6895899772644043,
     "w": 0.7242000699043274
    },
    "wp": {
     "x": -0.44623199105262756,
     "y": -0.6382060050964355,
     "z": 1.1684999465942383
    }
   },
   "snoname": {
    "value": -1,
    "group": -1,
    "groupName": "None"
   },
   "dwMarkerFlags": 0,
   "vecScale": {
    "x": 6.5,
    "y": 2.75,
    "z": 3.25
   },
   "ptBase": [
    {
     "__type__": "MarkerFadeVolumeData",
     "__typeHash__": 413517284,
     "dwType": 413517284,
     "dwPad": 0,
     "unk_f86aafe": 0,
     "eBehavior": 2,