{
 "__fileName__": "data/base/meta/MarkerSet/Frac_Buildings_Addon_Baywindow_03_B.mrk",
 "__snoID__": 531652,
 "__type__": "MarkerSetDefinition",
 "__typeHash__": 4093179991,
 "tMarkerSet": [
  {
   "__type__": "Marker",
   "__typeHash__": 3132676386,
   "dwHash": 923377118,
   "nID": 4,
   "eType": 0,
   "transform": {
    "__type__": "PRTransform",
    "__typeHash__": 2588169118,
    "q": {
     "__type__": "bcQuat",
     "__typeHash__": 3955716320,
     "x": -0.7071067690849304,
     "y": 0.7071068286895752,
     "z": 2.7939673685750677e-8,
     "w": 2.607702853651972e-8
    },
    "wp": {
     "x": -0.9069690108299255,
     "y": -0.9792309999465942,
     "z": 0.41884300112724304
    }
   },
   "snoname": {
    "value": 497015,
    "group": 24,
    "groupName": "MarkerSet",
    "type": "sno",
    "name": "Frac_Buildings_Wood_Gable_Top_2m_A"
   },
   "dwMarkerFlags": 0,
   "vecScale": {
    "x": 1,
    "y": 1,
    "z": 1
   },
   "ptBase": [
    {
     "__type__": "MarkerPrefabData",
     "__typeHash__": 3127494188,
     "dwType": 3127494188,
     "dwPad": 0,
     "arPrefabCustomizations": []
    }
   ],
   "ptGroupData": [
    {
     "__type__": "MarkerGroupData",
     "__typeHash__": 3312843337,
     "tLocalTransform": {
      "__type__": "PRTransform",
      "__typeHash__": 2588169118,
      "q": {
       "__type__": "bcQuat",
       "__typeHash__": 3955716320,
       "x": -0.7071067690849304,
       "y": 0.7071068286895752,
       "z": 2.7939673685750677e-8,
       "w": 2.607702853651972e-8
      },
      "wp": {
       "x": -0.9069690108299255,
       "y": -0.9792309999465942,
       "z": 0.41884300112724304
      }
     },
     "unk_80dc871": {
      "x": 1,
      "y": 1,
      "z": 1
     }
    }
   ],
   "ptMarkerLinks": [],
   "unk_c339f69": -1,
   "dwSeed": 0,
   "tPrefabData": {
    "__type__": "PrefabData",
    "__typeHash__": 3988626058,
    "dwFlags": 0,
    "unk_32bf9c6": 0,
    "eFadeMethod": 0,
    "nFadeGroup": 0,
    "unk_d094b9a": 0,
    "eCullingLevel": 0,
    "unk_4bfd602": 0,
    "unk_6c0cb90": 4294967295,
    "snoTraversalSurface": {
     "value": -1,
     "group": 43,
     "groupName": "Surface",
     "type": "sno"
    },
    "unk_b0425e7": []
   }
  },
  {
   "__type__": "Marker",
   "__typeHash__": 3132676386,
   "dwHash": 923377119,
   "nID": 19,
   "eType": 0,
   "transform": {
    "__type__": "PRTransform",
    "__typeHash__": 2588169118,
    "q": {
     "__type__": "bcQuat",
     "__typeHash__": 3955716320,
     "x": -0.7071067690849304,
     "y": 0.7071068286895752,
     "z": 2.7939673685750677e-8,
     "w": 2.607702853651972e-8
    },
    "wp": {
     "x": -0.794031023979187,
     "y": 1.1015700101852417,
     "z": 0.5281919836997986
    }
   },
   "snoname": {
    "value": 497015,
    "group": 24,
    "groupName": "MarkerSet",
    "type": "sno",
    "name": "Frac_Buildings_Wood_Gable_Top_2m_A"
   },
   "dwMarkerFlags": 0,
   "vecScale": {
    "x": 1,
    "y": 1,
    "z": 1
   },
   "ptBase": [
    {
     "__type__": "MarkerPrefabData",
     "__typeHash__": 3127494188,
     "dwType": 3127494188,
     "dwPad": 0,
     "arPrefabCustomizations": []
    }
   ],
   "ptGroupData": [
    {
     "__type__": "MarkerGroupData",
     "__typeHash__": 3312843337,
     "tLocalTransform": {
      "__type__": "PRTransform",
      "__typeHash__": 2588169118,
      "q": {
       "__type__": "bcQuat",
       "__typeHash__": 3955716320,
       "x": -0.7071067690849304,
       "y": 0.7071068286895752,
       "z": 2.7939673685750677e-8,
       "w": 2.607702853651972e-8
      },
      "wp": {
       "x": -0.7540799975395203,
       "y": 1.0403399467468262,
       "z": 0.5281919836997986
      }
     },
     "unk_80dc871": {
      "x": 1,
      "y": 1,
      "z": 1
     }
    }
   ],
   "ptMarkerLinks": [],
   "unk_c339f69": -1,
   "dwSeed": 0,
   "tPrefabData": {
    "__type__": "PrefabData",
    "__typeHash__": 3988626058,
    "dwFlags": 0,
    "unk_32bf9c6": 0,
    "eFadeMethod": 0,
    "nFadeGroup": 0,
    "unk_d094b9a": 0,
    "eCullingLevel": 0,
    "unk_4bfd602": 0,
    "unk_6c0cb90": 4294967295,
    "snoTraversalSurface": {
     "value": -1,
     "group": 43,
     "groupName": "Surface",
     "type": "sno"
    },
    "unk_b0425e7": []
   }
  },
  {
   "__type__": "Marker",
   "__typeHash__": 3132676386,
   "dwHash": 923377120,
   "nID": 45,
   "eType": 0,
   "transform": {
    "__type__": "PRTransform",
    "__typeHash__": 2588169118,
    "q": {
     "__type__": "bcQuat",
     "__typeHash__": 3955716320,
     "x": -0.03366842120885849,
     "y": 0.03366822004318237,
     "z": 0.7063051462173462,
     "w": 0.7063044309616089
    },
    "wp": {
     "x": -0.7540799975395203,
     "y": 1.0403399467468262,
     "z": 3.2516698837280273
    }
   },
   "snoname": {
    "value": 497015,
    "group": 24,
    "groupName": "MarkerSet",
    "type": "sno",
    "name": "Frac_Buildings_Wood_Gable_Top_2m_A"
   },
   "dwMarkerFlags": 0,
   "vecScale": {
    "x": 1,
    "y": 1,
    "z": 1
   },
   "ptBase": [
    {
     "__type__": "MarkerPrefabData",
     "__typeHash__": 3127494188,
     "dwType": 3127494188,
     "dwPad": 0,
     "arPrefabCustomizations": []
    }
   ],
   "ptGroupData": [
    {
     "__type__": "MarkerGroupData",
     "__typeHash__": 3312843337,
     "tLocalTransform": {
      "__type__": "PRTransform",
      "__typeHash__": 2588169118,
      "q": {
       "__type__": "bcQuat",
       "__typeHash__": 3955716320,
       "x": -0.03366842120885849,
       "y": 0.03366822004318237,
       "z": 0.7063051462173462,
       "w": 0.7063044309616089
      },
      "wp": {
       "x": -0.7540799975395203,
       "y": 1.0403399467468262,
       "z": 3.2516698837280273
      }
     },
     "unk_80dc871": {
      "x": 1,
      "y": 1,
      "z": 1
     }
    }
   ],
   "ptMarkerLinks": [],
   "unk_c339f69": -1,
   "dwSeed": 0,
   "tPrefabData": {
    "__type__": "PrefabData",
    "__typeHash__": 3988626058,
    "dwFlags": 0,
    "unk_32bf9c6": 0,
    "eFadeMethod": 0,
    "nFadeGroup": 0,
    "unk_d094b9a": 0,
    "eCullingLevel": 0,
    "unk_4bfd602": 0,
    "unk_6c0cb90": 4294967295,
    "snoTraversalSurface": {
     "value": -1,
     "group": 43,
     "groupName": "Surface",
     "type": "sno"
    },
    "unk_b0425e7": []
   }
  },
  {
   "__type__": "Marker",
   "__typeHash__": 3132676386,
   "dwHash": 923377121,
   "nID": 46,
   "eType": 0,
   "transform": {
    "__type__": "PRTransform",
    "__typeHash__": 2588169118,
    "q": {
     "__type__": "bcQuat",
     "__typeHash__": 3955716320,
     "x": -0.031866271048784256,
     "y": 0.035378698259592056,
     "z": 0.6684990525245667,
     "w": 0.7421872615814209
    },
    "wp": {
     "x": -0.7540799975395203,
     "y": -1.021780014038086,
     "z": 3.2516698837280273
    }
   },
   "snoname": {
    "value": 497015,
    "group": 24,
    "groupName": "MarkerSet",
    "type": "sno",
    "name": "Frac_Buildings_Wood_Gable_Top_2m_A"
   },
   "dwMarkerFlags": 0,
   "vecScale": {
    "x": 1,
    "y": 1,
    "z": 1
   },
   "ptBase": [
    {
     "__type__": "MarkerPrefabData",
     "__typeHash__": 3127494188,
     "dwType": 3127494188,
     "dwPad": 0,
     "arPrefabCustomizations": []
    }
   ],
   "ptGroupData": [
    {
     "__type__": "MarkerGroupData",
     "__typeHash__": 3312843337,
     "tLocalTransform": {
      "__type__": "PRTransform",
      "__typeHash__": 2588169118,
      "q": {
       "__type__": "bcQuat",
       "__typeHash__": 3955716320,
       "x": -0.031866271048784256,
       "y": 0.035378698259592056,
       "z": 0.6684990525245667,
       "w": 0.7421872615814209
      },
      "wp": {
       "x": -0.7540799975395203,
       "y": -1.021780014038086,
       "z": 3.2516698837280273
      }
     },
     "unk_80dc871": {
      "x": 1,
      "y": 1,
      "z": 1
     }
    }
   ],
   "ptMarkerLinks": [],
   "unk_c339f69": -1,
   "dwSeed": 0,
   "tPrefabData": {
    "__type__": "PrefabData",
    "__typeHash__": 3988626058,
    "dwFlags": 0,
    "unk_32bf9c6": 0,