{
 "__fileName__": "data/base/meta/MarkerSet/Hell_Fort_Cath_Facade_C.mrk",
 "__snoID__": 1003836,
 "__type__": "MarkerSetDefinition",
 "__typeHash__": 4093179991,
 "tMarkerSet": [
  {
   "__type__": "Marker",
   "__typeHash__": 3132676386,
   "dwHash": 319905539,
   "nID": 251,
   "eType": 0,
   "transform": {
    "__type__": "PRTransform",
    "__typeHash__": 2588169118,
    "q": {
     "__type__": "bcQuat",
     "__typeHash__": 3955716320,
     "x": -0.14845959842205048,
     "y": 0.6096212267875671,
     "z": 0.7743078470230103,
     "w": 0.08227485418319702
    },
    "wp": {
     "x": 16.063899993896484,
     "y": -21.108299255371094,
     "z": -5.92494010925293
    }
   },
   "snoname": {
    "__raw__": 810229,
    "__group__": 1,
    "__type__": "DT_SNO_NAME",
    "__typeHash__": 3339108615,
    "groupName": "Actor",
    "name": "Hell_Fort_Tumor_A_01"
   },
   "dwMarkerFlags": 1024,
   "vecScale": {
    "x": 2.5485498905181885,
    "y": 2.5485498905181885,
    "z": 2.5485498905181885
   },
   "ptBase": [
    {
     "__type__": "MarkerActorData",
     "__typeHash__": 2780317717,
     "dwType": 2780317717,
     "dwPad": 0,
     "szLookName": 0,
     "dwShaderMapOverride": 4294967295,
     "unk_d897a3": 4,
     "eFadeMethod": 0,
     "nFadeGroup": 0,
     "unk_d094b9a": 4,
     "unk_529dc44": 2,
     "eActorType": 5,
     "eGizmoType": -1,
     "unk_940ff8e": 0,
     "ptServerData": [],
     "ptMonsterActorData": [],
     "ptActorGizmoData": [],
     "unk_6a0a118": [],
     "unk_df84c5d": [],
     "unk_ff96acb": 0,
     "unk_b0425e7": [],
     "unk_c627b16": 0
    }
   ],
   "ptGroupData": [],
   "ptMarkerLinks": [],
   "unk_c339f69": -1,
   "dwSeed": 0,
   "tPrefabData": {
    "__type__": "PrefabData",
    "__typeHash__": 3988626058,
    "dwFlags": 0,
    "unk_32bf9c6": 0,
    "eFadeMethod": 0,
    "nFadeGroup": 0,
    "unk_d094b9a": 0,
    "eCullingLevel": 0,
    "unk_4bfd602": 0,
    "dwShaderMapOverride": 4294967295,
    "snoTraversalSurface": null,
    "unk_b0425e7": []
   }
  },
  {
   "__type__": "Marker",
   "__typeHash__": 3132676386,
   "dwHash": 4283642818,
   "nID": 747,
   "eType": 0,
   "transform": {
    "__type__": "PRTransform",
    "__typeHash__": 2588169118,
    "q": {
     "__type__": "bcQuat",
     "__typeHash__": 3955716320,
     "x": -0.24311788380146027,
     "y": -0.14237593114376068,
     "z": -0.12800341844558716,
     "w": 0.9509142637252808
    },
    "wp": {
     "x": 21.33300018310547,
     "y": -15.437000274658203,
     "z": -4.106339931488037
    }
   },
   "snoname": {
    "__raw__": 810231,
    "__group__": 1,
    "__type__": "DT_SNO_NAME",
    "__typeHash__": 3339108615,
    "groupName": "Actor",
    "name": "Hell_Fort_Tumor_B_01"
   },
   "dwMarkerFlags": 1024,
   "vecScale": {
    "x": 1.2127599716186523,
    "y": 1.2127599716186523,
    "z": 1.2127599716186523
   },
   "ptBase": [
    {
     "__type__": "MarkerActorData",
     "__typeHash__": 2780317717,
     "dwType": 2780317717,
     "dwPad": 0,
     "szLookName": 0,
     "dwShaderMapOverride": 4294967295,
     "unk_d897a3": 4,
     "eFadeMethod": 0,
     "nFadeGroup": 0,
     "unk_d094b9a": 4,
     "unk_529dc44": 2,
     "eActorType": 5,
     "eGizmoType": -1,
     "unk_940ff8e": 0,
     "ptServerData": [],
     "ptMonsterActorData": [],
     "ptActorGizmoData": [],
     "unk_6a0a118": [],
     "unk_df84c5d": [],
     "unk_ff96acb": 0,
     "unk_b0425e7": [],
     "unk_c627b16": 0
    }
   ],
   "ptGroupData": [],
   "ptMarkerLinks": [],
   "unk_c339f69": -1,
   "dwSeed": 0,
   "tPrefabData": {
    "__type__": "PrefabData",
    "__typeHash__": 3988626058,
    "dwFlags": 0,
    "unk_32bf9c6": 0,
    "eFadeMethod": 0,
    "nFadeGroup": 0,
    "unk_d094b9a": 0,
    "eCullingLevel": 0,
    "unk_4bfd602": 0,
    "dwShaderMapOverride": 4294967295,
    "snoTraversalSurface": null,
    "unk_b0425e7": []
   }
  },
  {
   "__type__": "Marker",
   "__typeHash__": 3132676386,
   "dwHash": 4108889812,
   "nID": 750,
   "eType": 0,
   "transform": {
    "__type__": "PRTransform",
    "__typeHash__": 2588169118,
    "q": {
     "__type__": "bcQuat",
     "__typeHash__": 3955716320,
     "x": -0.08073697984218597,
     "y": -0.40821343660354614,
     "z": 0.5961050391197205,
     "w": 0.6866601705551147
    },
    "wp": {
     "x": 26.13599967956543,
     "y": -11.29800033569336,
     "z": -4.0654401779174805
    }
   },
   "snoname": {
    "__raw__": 954143,
    "__group__": 1,
    "__type__": "DT_SNO_NAME",
    "__typeHash__": 3339108615,
    "groupName": "Actor",
    "name": "Hell_Rock_Corpse_Large_B_animated"
   },
   "dwMarkerFlags": 0,
   "vecScale": {
    "x": 1,
    "y": 1,
    "z": 1
   },
   "ptBase": [
    {
     "__type__": "MarkerActorData",
     "__typeHash__": 2780317717,
     "dwType": 2780317717,
     "dwPad": 0,
     "szLookName": 0,
     "dwShaderMapOverride": 4294967295,
     "unk_d897a3": 0,
     "eFadeMethod": 0,
     "nFadeGroup": 0,
     "unk_d094b9a": 0,
     "unk_529dc44": 2,
     "eActorType": 3,
     "eGizmoType": -1,
     "unk_940ff8e": 0,
     "ptServerData": [],
     "ptMonsterActorData": [],
     "ptActorGizmoData": [],
     "unk_6a0a118": [],
     "unk_df84c5d": [],
     "unk_ff96acb": 0,
     "unk_b0425e7": [],
     "unk_c627b16": 0
    }
   ],
   "ptGroupData": [],
   "ptMarkerLinks": [],
   "unk_c339f69": -1,
   "dwSeed": 0,
   "tPrefabData": {
    "__type__": "PrefabData",
    "__typeHash__": 3988626058,
    "dwFlags": 0,
    "unk_32bf9c6": 0,
    "eFadeMethod": 0,
    "nFadeGroup": 0,
    "unk_d094b9a": 0,
    "eCullingLevel": 0,
    "unk_4bfd602": 0,
    "dwShaderMapOverride": 4294967295,
    "snoTraversalSurface": null,
    "unk_b0425e7": []
   }
  },
  {
   "__type__": "Marker",
   "__typeHash__": 3132676386,
   "dwHash": 3198791615,
   "nID": 755,
   "eType": 0,
   "transform": {
    "__type__": "PRTransform",
    "__typeHash__": 2588169118,
    "q": {
     "__type__": "bcQuat",
     "__typeHash__": 3955716320,
     "x": 0.14497625827789307,
     "y": 0.4794813394546509,
     "z": -0.30574217438697815,
     "w": 0.8096920251846313
    },
    "wp": {
     "x": 3.2330000400543213,
     "y": 26.533000946044922,
     "z": -2.2856099605560303
    }
   },
   "snoname": {
    "__raw__": 1284256,
    "__group__": 57,
    "__type__": "DT_SNO_NAME",
    "__typeHash__": 3339108615,
    "groupName": "Material",
    "name": "Hell_Emissive_Lava_Edge_A"
   },
   "dwMarkerFlags": 1024,
   "vecScale": {
    "x": 2.7676799297332764,
    "y": 3.4591898918151855,
    "z": 1.109760046005249
   },
   "ptBase": [
    {
     "__type__": "MarkerDecalData",
     "__typeHash__": 2650697781,
     "dwType": 2650697781,
     "dwPad": 0,
     "unk_1e3c3c3": 0,
     "flAngleThreshold": 3.1415927410125732,
     "unk_18f0908": 0,
     "unk_ec8f2d4": 0,
     "unk_b0425e7": []
    }
   ],
   "ptGroupData": [],
   "ptMarkerLinks": [],
   "unk_c339f69": -1,
   "dwSeed": 0,
   "tPrefabData": {
    "__type__": "PrefabData",
    "__typeHash__": 3988626058,
    "dwFlags": 0,
    "unk_32bf9c6": 0,
    "eFadeMethod": 0,
    "nFadeGroup": 0,
    "unk_d094b9a": 0,
    "eCullingLevel": 0,
    "unk_4bfd602": 0,
    "dwShaderMapOverride": 4294967295,
    "snoTraversalSurface": null,
    "unk_b0425e7": []
   }
  },
  {
   "__type__": "Marker",
   "__typeHash__": 3132676386,
   "dwHash": 2260238148,
   "nID": 756,
   "eType": 0,
   "transform": {
    "__type__": "PRTransform",
    "__typeHash__": 2588169118,
    "q": {
     "__type__": "bcQuat",
     "__typeHash__": 3955716320,
     "x": 0.19190406799316406,
     "y": -0.18600010871887207,
     "z": 0.0007852966664358974,
     "w": 0.9636266827583313
    },
    "wp": {
     "x": -10.074000358581543,
     "y": 23.059999465942383,
     "z": -4.079279899597168
    }
   },
   "snoname": {
    "__raw__": 952178,
    "__group__": 1,
    "__type__": "DT_SNO_NAME",
    "__typeHash__": 3339108615,
    "groupName": "Actor",
    "name": "Hell_Rock_Corpse_Large_A_Head_animated"
   },
   "dwMarkerFlags": 0,
   "vecScale": {
    "x": 1,