{
 "__fileName__": "base/meta/MarkerSet/kehj_Elias_Palace_Deco_Facde_Pillar_B.mrk",
 "__snoID__": 1259055,
 "__type__": "MarkerSetDefinition",
 "__typeHash__": 4093179991,
 "tMarkerSet": [
  {
   "__type__": "Marker",
   "__typeHash__": 3132676386,
   "dwHash": 3170210970,
   "nID": 9,
   "eType": 3,
   "transform": {
    "__type__": "PRTransform",
    "__typeHash__": 2588169118,
    "q": {
     "__type__": "bcQuat",
     "__typeHash__": 3955716320,
     "x": 0,
     "y": 0,
     "z": 0.38268333673477173,
     "w": 0.9238796234130859
    },
    "wp": {
     "x": -2.888849973678589,
     "y": -6.551529884338379,
     "z": -0.0000019073499970545527
    }
   },
   "snoname": null,
   "dwMarkerFlags": 0,
   "vecScale": {
    "x": 6.448170185089111,
    "y": 5.787049770355225,
    "z": 4.510089874267578
   },
   "ptBase": [
    {
     "__type__": "MarkerFadeVolumeData",
     "__typeHash__": 413517284,
     "dwType": 413517284,
     "dwPad": 0,
     "unk_f86aafe": 0,
     "eBehavior": 2,
     "unk_d014f8b": false,
     "unk_81c0263": false,
     "nFadeGroup": 1
    }
   ],
   "ptGroupData": [],
   "ptMarkerLinks": [],
   "unk_c339f69": -1,
   "dwSeed": 0,
   "tPrefabData": {
    "__type__": "PrefabData",
    "__typeHash__": 3988626058,
    "dwFlags": 0,
    "unk_32bf9c6": 0,
    "eFadeMethod": 0,
    "nFadeGroup": 0,
    "unk_d094b9a": 0,
    "eCullingLevel": 0,
    "szLookOverride": 0,
    "dwShaderMapOverride": 4294967295,
    "snoTraversalSurface": null,
    "ptRunTimeMaterialValues": []
   }
  },
  {
   "__type__": "Marker",
   "__typeHash__": 3132676386,
   "dwHash": 3170210971,
   "nID": 10,
   "eType": 3,
   "transform": {
    "__type__": "PRTransform",
    "__typeHash__": 2588169118,
    "q": {
     "__type__": "bcQuat",
     "__typeHash__": 3955716320,
     "x": 0,
     "y": 0,
     "z": 0.38268333673477173,
     "w": 0.9238796234130859
    },
    "wp": {
     "x": 4.532559871673584,
     "y": 3.9786200523376465,
     "z": -0.0000019073499970545527
    }
   },
   "snoname": null,
   "dwMarkerFlags": 0,
   "vecScale": {
    "x": 6.448170185089111,
    "y": 6.336090087890625,
    "z": 4.510089874267578
   },
   "ptBase": [
    {
     "__type__": "MarkerFadeVolumeData",
     "__typeHash__": 413517284,
     "dwType": 413517284,
     "dwPad": 0,
     "unk_f86aafe": 0,
     "eBehavior": 2,
     "unk_d014f8b": false,
     "unk_81c0263": false,
     "nFadeGroup": 1
    }
   ],
   "ptGroupData": [],
   "ptMarkerLinks": [],
   "unk_c339f69": -1,
   "dwSeed": 0,
   "tPrefabData": {
    "__type__": "PrefabData",
    "__typeHash__": 3988626058,
    "dwFlags": 0,
    "unk_32bf9c6": 0,
    "eFadeMethod": 0,
    "nFadeGroup": 0,
    "unk_d094b9a": 0,
    "eCullingLevel": 0,
    "szLookOverride": 0,
    "dwShaderMapOverride": 4294967295,
    "snoTraversalSurface": null,
    "ptRunTimeMaterialValues": []
   }
  },
  {
   "__type__": "Marker",
   "__typeHash__": 3132676386,
   "dwHash": 463661007,
   "nID": 17,
   "eType": 5,
   "transform": {
    "__type__": "PRTransform",
    "__typeHash__": 2588169118,
    "q": {
     "__type__": "bcQuat",
     "__typeHash__": 3955716320,
     "x": 0,
     "y": 0,
     "z": 0.38268333673477173,
     "w": 0.9238796234130859
    },
    "wp": {
     "x": 0.20832499861717224,
     "y": -0.06966850161552429,
     "z": 4.300179958343506
    }
   },
   "snoname": null,
   "dwMarkerFlags": 0,
   "vecScale": {
    "x": 1,
    "y": 1,
    "z": 1
   },
   "ptBase": [],
   "ptGroupData": [],
   "ptMarkerLinks": [],
   "unk_c339f69": -1,
   "dwSeed": 0,
   "tPrefabData": {
    "__type__": "PrefabData",
    "__typeHash__": 3988626058,
    "dwFlags": 2,
    "unk_32bf9c6": 3,
    "eFadeMethod": 4,
    "nFadeGroup": 1,
    "unk_d094b9a": 0,
    "eCullingLevel": 0,
    "szLookOverride": 0,
    "dwShaderMapOverride": 4294967295,
    "snoTraversalSurface": null,
    "ptRunTimeMaterialValues": []
   }
  }
 ],
 "dwMarkerSetFlags": 131337,
 "nLabel": null,
 "snoCampaignEnableCondition": null,
 "arPrefabDataInfo": [
  {
   "__type__": "PrefabDataInfo",
   "__typeHash__": 1894103222,
   "dwMarkerPathID": 4264404756,
   "tPrefabData": {
    "__type__": "PrefabData",
    "__typeHash__": 3988626058,
    "dwFlags": 2,
    "unk_32bf9c6": 3,
    "eFadeMethod": 4,
    "nFadeGroup": 1,
    "unk_d094b9a": 0,
    "eCullingLevel": 0,
    "szLookOverride": 0,
    "dwShaderMapOverride": 4294967295,
    "snoTraversalSurface": null,
    "ptRunTimeMaterialValues": []
   }
  }
 ],
 "ptPrefabDataMap": "0",
 "ptChunks": [],
 "arVertexAOOffsets": [],
 "unk_6458d11": [],
 "unk_2bbd1d": {
  "__type__": "Type_c8d78ce7",
  "__typeHash__": 3369569511,
  "nWidth": 0,
  "nHeight": 0,
  "nDepth": 0,
  "dwPitch": 0,
  "dwSlicePitch": 0,
  "flGridSize": 0,
  "wpOrigin": {
   "x": 0,
   "y": 0,
   "z": 0
  },
  "unk_4b236f4": "0",
  "unk_aa0958e": {
   "__type__": "DT_VARIABLEARRAY",
   "__typeHash__": 3244749660,
   "__flags__": 2097153,
   "__external__": true,
   "value": {
    "__typeHash__": 1028759507,
    "__type__": "DT_WORD",
    "dataOffset": 0,
    "dataSize": 0
   }
  },
  "unk_aa09583": {
   "__type__": "DT_VARIABLEARRAY",
   "__typeHash__": 3244749660,
   "__flags__": 2097153,
   "__external__": true,
   "value": {
    "__typeHash__": 1028759507,
    "__type__": "DT_WORD",
    "dataOffset": 0,
    "dataSize": 0
   }
  },
  "unk_aa0957e": {
   "__type__": "DT_VARIABLEARRAY",
   "__typeHash__": 3244749660,
   "__flags__": 2097153,
   "__external__": true,
   "value": {
    "__typeHash__": 1028759507,
    "__type__": "DT_WORD",
    "dataOffset": 0,
    "dataSize": 0
   }
  },
  "unk_dd3cf4b": {
   "__type__": "DT_VARIABLEARRAY",
   "__typeHash__": 3244749660,
   "__flags__": 2097153,
   "__external__": true,
   "value": {
    "__typeHash__": 1028759507,
    "__type__": "DT_WORD",
    "dataOffset": 0,
    "dataSize": 0
   }
  },
  "unk_dd3cf40": {
   "__type__": "DT_VARIABLEARRAY",
   "__typeHash__": 3244749660,
   "__flags__": 2097153,
   "__external__": true,
   "value": {
    "__typeHash__": 1028759507,
    "__type__": "DT_WORD",
    "dataOffset": 0,
    "dataSize": 0
   }
  },
  "unk_dd3cf3b": {
   "__type__": "DT_VARIABLEARRAY",
   "__typeHash__": 3244749660,
   "__flags__": 2097153,
   "__external__": true,
   "value": {
    "__typeHash__": 1028759507,
    "__type__": "DT_WORD",
    "dataOffset": 0,
    "dataSize": 0
   }
  }
 },
 "arVertexAO": {
  "__type__": "DT_VARIABLEARRAY",
  "__typeHash__": 3244749660,
  "__flags__": 2097152,
  "__external__": true,
  "value": {
   "__typeHash__": 1028015787,
   "__type__": "DT_BYTE",
   "dataOffset": 0,
   "dataSize": 0
  }
 },
 "unk_2f217b0": -1,
 "unk_d0a9662": "0"
}
