{
 "__fileName__": "data/base/meta/MarkerSet/Kehj_Ruin_Prefab_Composition_04.mrk",
 "__snoID__": 722946,
 "__type__": "MarkerSetDefinition",
 "__typeHash__": 4093179991,
 "tMarkerSet": [
  {
   "__type__": "Marker",
   "__typeHash__": 3132676386,
   "dwHash": 1369789710,
   "nID": 112,
   "eType": 0,
   "transform": {
    "__type__": "PRTransform",
    "__typeHash__": 2588169118,
    "q": {
     "__type__": "bcQuat",
     "__typeHash__": 3955716320,
     "x": -0.18107706308364868,
     "y": 0.683528482913971,
     "z": 0.1849469244480133,
     "w": 0.6824914813041687
    },
    "wp": {
     "x": 0.39660099148750305,
     "y": -4.480800151824951,
     "z": 4.881969928741455
    }
   },
   "snoname": {
    "value": 216545,
    "group": 57,
    "groupName": "Material",
    "name": "Zak_Base_Wall_A_Decal_Grunge_01"
   },
   "dwMarkerFlags": 1024,
   "vecScale": {
    "x": 1.4157600402832031,
    "y": 0.6273919939994812,
    "z": 1.4722800254821777
   },
   "ptBase": [
    {
     "__type__": "MarkerDecalData",
     "__typeHash__": 2650697781,
     "dwType": 2650697781,
     "dwPad": 0,
     "unk_1e3c3c3": 0,
     "flAngleThreshold": 3.1415927410125732,
     "unk_18f0908": 0,
     "unk_ec8f2d4": 0,
     "unk_b0425e7": []
    }
   ],
   "ptGroupData": [],
   "ptMarkerLinks": [],
   "unk_c339f69": -1,
   "dwSeed": 0,
   "tPrefabData": {
    "__type__": "PrefabData",
    "__typeHash__": 3988626058,
    "dwFlags": 0,
    "unk_32bf9c6": 0,
    "eFadeMethod": 0,
    "nFadeGroup": 0,
    "unk_d094b9a": 0,
    "eCullingLevel": 0,
    "unk_4bfd602": 0,
    "unk_6c0cb90": 4294967295,
    "snoTraversalSurface": {
     "value": -1,
     "group": 43,
     "groupName": "Surface"
    },
    "unk_b0425e7": []
   }
  },
  {
   "__type__": "Marker",
   "__typeHash__": 3132676386,
   "dwHash": 491327237,
   "nID": 128,
   "eType": 0,
   "transform": {
    "__type__": "PRTransform",
    "__typeHash__": 2588169118,
    "q": {
     "__type__": "bcQuat",
     "__typeHash__": 3955716320,
     "x": -0.43910127878189087,
     "y": -0.5542473793029785,
     "z": -0.5542473793029785,
     "w": 0.43910127878189087
    },
    "wp": {
     "x": -2.794800043106079,
     "y": 0.28889501094818115,
     "z": 1.1258399486541748
    }
   },
   "snoname": {
    "value": 718086,
    "group": 57,
    "groupName": "Material",
    "name": "Kehj_Crack_Directional_Decal_No_Color_B"
   },
   "dwMarkerFlags": 1024,
   "vecScale": {
    "x": 2.3816299438476562,
    "y": 2.3816299438476562,
    "z": 0.06588640064001083
   },
   "ptBase": [
    {
     "__type__": "MarkerDecalData",
     "__typeHash__": 2650697781,
     "dwType": 2650697781,
     "dwPad": 0,
     "unk_1e3c3c3": 0,
     "flAngleThreshold": 3.1415927410125732,
     "unk_18f0908": 0,
     "unk_ec8f2d4": 0,
     "unk_b0425e7": []
    }
   ],
   "ptGroupData": [],
   "ptMarkerLinks": [],
   "unk_c339f69": -1,
   "dwSeed": 0,
   "tPrefabData": {
    "__type__": "PrefabData",
    "__typeHash__": 3988626058,
    "dwFlags": 0,
    "unk_32bf9c6": 0,
    "eFadeMethod": 0,
    "nFadeGroup": 0,
    "unk_d094b9a": 0,
    "eCullingLevel": 0,
    "unk_4bfd602": 0,
    "unk_6c0cb90": 4294967295,
    "snoTraversalSurface": {
     "value": -1,
     "group": 43,
     "groupName": "Surface"
    },
    "unk_b0425e7": []
   }
  },
  {
   "__type__": "Marker",
   "__typeHash__": 3132676386,
   "dwHash": 2408693519,
   "nID": 131,
   "eType": 0,
   "transform": {
    "__type__": "PRTransform",
    "__typeHash__": 2588169118,
    "q": {
     "__type__": "bcQuat",
     "__typeHash__": 3955716320,
     "x": -3.725328383552551e-7,
     "y": 0,
     "z": 0,
     "w": 1
    },
    "wp": {
     "x": 0.10339900106191635,
     "y": -2.023400068283081,
     "z": 8.334939956665039
    }
   },
   "snoname": {
    "value": 718090,
    "group": 57,
    "groupName": "Material",
    "name": "Kehj_Ruin_Decal_Erosion_A_No_Color"
   },
   "dwMarkerFlags": 1024,
   "vecScale": {
    "x": 1.889840006828308,
    "y": 1.889840006828308,
    "z": 0.04467099905014038
   },
   "ptBase": [
    {
     "__type__": "MarkerDecalData",
     "__typeHash__": 2650697781,
     "dwType": 2650697781,
     "dwPad": 0,
     "unk_1e3c3c3": 0,
     "flAngleThreshold": 3.1415927410125732,
     "unk_18f0908": 0,
     "unk_ec8f2d4": 0,
     "unk_b0425e7": []
    }
   ],
   "ptGroupData": [],
   "ptMarkerLinks": [],
   "unk_c339f69": -1,
   "dwSeed": 0,
   "tPrefabData": {
    "__type__": "PrefabData",
    "__typeHash__": 3988626058,
    "dwFlags": 0,
    "unk_32bf9c6": 0,
    "eFadeMethod": 0,
    "nFadeGroup": 0,
    "unk_d094b9a": 0,
    "eCullingLevel": 0,
    "unk_4bfd602": 0,
    "unk_6c0cb90": 4294967295,
    "snoTraversalSurface": {
     "value": -1,
     "group": 43,
     "groupName": "Surface"
    },
    "unk_b0425e7": []
   }
  },
  {
   "__type__": "Marker",
   "__typeHash__": 3132676386,
   "dwHash": 2408693520,
   "nID": 132,
   "eType": 0,
   "transform": {
    "__type__": "PRTransform",
    "__typeHash__": 2588169118,
    "q": {
     "__type__": "bcQuat",
     "__typeHash__": 3955716320,
     "x": -3.725328383552551e-7,
     "y": 0,
     "z": 0,
     "w": 1
    },
    "wp": {
     "x": -1.837399959564209,
     "y": 0.1739960014820099,
     "z": 5.864349842071533
    }
   },
   "snoname": {
    "value": 718090,
    "group": 57,
    "groupName": "Material",
    "name": "Kehj_Ruin_Decal_Erosion_A_No_Color"
   },
   "dwMarkerFlags": 1024,
   "vecScale": {
    "x": 1.889840006828308,
    "y": 1.889840006828308,
    "z": 0.04467099905014038
   },
   "ptBase": [
    {
     "__type__": "MarkerDecalData",
     "__typeHash__": 2650697781,
     "dwType": 2650697781,
     "dwPad": 0,
     "unk_1e3c3c3": 0,
     "flAngleThreshold": 3.1415927410125732,
     "unk_18f0908": 0,
     "unk_ec8f2d4": 0,
     "unk_b0425e7": []
    }
   ],
   "ptGroupData": [],
   "ptMarkerLinks": [],
   "unk_c339f69": -1,
   "dwSeed": 0,
   "tPrefabData": {
    "__type__": "PrefabData",
    "__typeHash__": 3988626058,
    "dwFlags": 0,
    "unk_32bf9c6": 0,
    "eFadeMethod": 0,
    "nFadeGroup": 0,
    "unk_d094b9a": 0,
    "eCullingLevel": 0,
    "unk_4bfd602": 0,
    "unk_6c0cb90": 4294967295,
    "snoTraversalSurface": {
     "value": -1,
     "group": 43,
     "groupName": "Surface"
    },
    "unk_b0425e7": []
   }
  },
  {
   "__type__": "Marker",
   "__typeHash__": 3132676386,
   "dwHash": 1369789711,
   "nID": 133,
   "eType": 0,
   "transform": {
    "__type__": "PRTransform",
    "__typeHash__": 2588169118,
    "q": {
     "__type__": "bcQuat",
     "__typeHash__": 3955716320,
     "x": -0.4985816776752472,
     "y": 0.5014142990112305,
     "z": 0.5014144778251648,
     "w": 0.4985816180706024
    },
    "wp": {
     "x": -1.0514999628067017,
     "y": 0.047897301614284515,
     "z": 3.5221900939941406
    }
   },
   "snoname": {
    "value": 216545,
    "group": 57,
    "groupName": "Material",
    "name": "Zak_Base_Wall_A_Decal_Grunge_01"
   },
   "dwMarkerFlags": 1024,
   "vecScale": {
    "x": 1.4157600402832031,
    "y": 0.6273919939994812,
    "z": 0.8284209966659546
   },
   "ptBase": [
    {
     "__type__": "MarkerDecalData",
     "__typeHash__": 2650697781,
     "dwType": 2650697781,
     "dwPad": 0,
     "unk_1e3c3c3": 0,
     "flAngleThreshold": 3.1415927410125732,
     "unk_18f0908": 0,
     "unk_ec8f2d4": 0,
     "unk_b0425e7": []
    }
   ],
   "ptGroupData": [],
   "ptMarkerLinks": [],
   "unk_c339f69": -1,
   "dwSeed": 0,
   "tPrefabData": {
    "__type__": "PrefabData",
    "__typeHash__": 3988626058,
    "dwFlags": 0,
    "unk_32bf9c6": 0,
    "eFadeMethod": 0,
    "nFadeGroup": 0,
    "unk_d094b9a": 0,
    "eCullingLevel": 0,
    "unk_4bfd602": 0,
    "unk_6c0cb90": 4294967295,
    "snoTraversalSurface": {
     "value": -1,
     "group": 43,
     "groupName": "Surface"
    },
    "unk_b0425e7": []
   }
  }
 ],
 "dwMarkerSetFlags": 131337,
 "nLabel": {
  "value": 4294967295,
  "group": 4
 },
 "unk_677237e": {
  "value": -1,
  "group": 51,
  "groupName": "Condition"
 },
 "unk_6d7f2e9": [],