{
 "__fileName__": "data/base/meta/MarkerSet/KehjistanHU_Caldeum_CorpsePile_Corner_1x2_04_Prefab.mrk",
 "__snoID__": 1286279,
 "__type__": "MarkerSetDefinition",
 "__typeHash__": 4093179991,
 "tMarkerSet": [
  {
   "__type__": "Marker",
   "__typeHash__": 3132676386,
   "dwHash": 2344970914,
   "nID": 3,
   "eType": 0,
   "transform": {
    "__type__": "PRTransform",
    "__typeHash__": 2588169118,
    "q": {
     "__type__": "bcQuat",
     "__typeHash__": 3955716320,
     "x": 0,
     "y": 0,
     "z": 2.9802322387695312e-8,
     "w": 1
    },
    "wp": {
     "x": 0.12184099853038788,
     "y": 0.4365229904651642,
     "z": -0.06713289767503738
    }
   },
   "snoname": {
    "value": 989366,
    "group": 57,
    "groupName": "Material",
    "name": "ProtoDun_Jail_Blood_Marks_Decal_E"
   },
   "dwMarkerFlags": 1024,
   "vecScale": {
    "x": 1,
    "y": 1,
    "z": 0.20000000298023224
   },
   "ptBase": [
    {
     "__type__": "MarkerDecalData",
     "__typeHash__": 2650697781,
     "dwType": 2650697781,
     "dwPad": 0,
     "unk_1e3c3c3": 0,
     "flAngleThreshold": 3.1415927410125732,
     "unk_18f0908": 7,
     "unk_ec8f2d4": 1,
     "unk_b0425e7": []
    }
   ],
   "ptGroupData": [],
   "ptMarkerLinks": [],
   "unk_c339f69": -1,
   "dwSeed": 0,
   "tPrefabData": {
    "__type__": "PrefabData",
    "__typeHash__": 3988626058,
    "dwFlags": 0,
    "unk_32bf9c6": 0,
    "eFadeMethod": 0,
    "nFadeGroup": 0,
    "unk_d094b9a": 0,
    "eCullingLevel": 0,
    "unk_4bfd602": 0,
    "unk_6c0cb90": 4294967295,
    "snoTraversalSurface": {
     "value": -1,
     "group": 43,
     "groupName": "Surface"
    },
    "unk_b0425e7": []
   }
  },
  {
   "__type__": "Marker",
   "__typeHash__": 3132676386,
   "dwHash": 2347342757,
   "nID": 4,
   "eType": 0,
   "transform": {
    "__type__": "PRTransform",
    "__typeHash__": 2588169118,
    "q": {
     "__type__": "bcQuat",
     "__typeHash__": 3955716320,
     "x": 0,
     "y": 0,
     "z": 0.642787516117096,
     "w": 0.7660446166992188
    },
    "wp": {
     "x": -0.6654509902000427,
     "y": 0.3789829909801483,
     "z": -0.04506110027432442
    }
   },
   "snoname": {
    "value": 989368,
    "group": 57,
    "groupName": "Material",
    "name": "ProtoDun_Jail_Blood_Marks_Decal_G"
   },
   "dwMarkerFlags": 1024,
   "vecScale": {
    "x": 1,
    "y": 1,
    "z": 0.20000000298023224
   },
   "ptBase": [
    {
     "__type__": "MarkerDecalData",
     "__typeHash__": 2650697781,
     "dwType": 2650697781,
     "dwPad": 0,
     "unk_1e3c3c3": 0,
     "flAngleThreshold": 3.1415927410125732,
     "unk_18f0908": 7,
     "unk_ec8f2d4": 1,
     "unk_b0425e7": []
    }
   ],
   "ptGroupData": [],
   "ptMarkerLinks": [],
   "unk_c339f69": -1,
   "dwSeed": 0,
   "tPrefabData": {
    "__type__": "PrefabData",
    "__typeHash__": 3988626058,
    "dwFlags": 0,
    "unk_32bf9c6": 0,
    "eFadeMethod": 0,
    "nFadeGroup": 0,
    "unk_d094b9a": 0,
    "eCullingLevel": 0,
    "unk_4bfd602": 0,
    "unk_6c0cb90": 4294967295,
    "snoTraversalSurface": {
     "value": -1,
     "group": 43,
     "groupName": "Surface"
    },
    "unk_b0425e7": []
   }
  }
 ],
 "dwMarkerSetFlags": 131337,
 "nLabel": {
  "value": 4294967295,
  "group": 4
 },
 "unk_677237e": {
  "value": -1,
  "group": 51,
  "groupName": "Condition"
 },
 "unk_6d7f2e9": [],
 "unk_db67c2c": "0",
 "ptChunks": [],
 "unk_a3613db": [],
 "unk_6458d11": [],
 "unk_2bbd1d": {
  "__type__": "Type_c8d78ce7",
  "__typeHash__": 3369569511,
  "nWidth": 0,
  "nHeight": 0,
  "nDepth": 0,
  "dwPitch": 0,
  "dwSlicePitch": 0,
  "flGridSize": 0,
  "wpOrigin": {
   "x": 0,
   "y": 0,
   "z": 0
  },
  "unk_4b236f4": "0",
  "unk_aa0958e": [],
  "unk_aa09583": [],
  "unk_aa0957e": [],
  "unk_dd3cf4b": [],
  "unk_dd3cf40": [],
  "unk_dd3cf3b": []
 },
 "unk_69b6741": [],
 "unk_2f217b0": -1,
 "unk_d0a9662": "0"
}
