{
 "__fileName__": "base/meta/MarkerSet/KehjistanHU_Siege_Wall_Damage_Any_2x2_02_Prefab.mrk",
 "__snoID__": 1315798,
 "__type__": "MarkerSetDefinition",
 "__typeHash__": 4093179991,
 "tMarkerSet": [
  {
   "__type__": "Marker",
   "__typeHash__": 3132676386,
   "dwHash": 368844585,
   "nID": 2,
   "eType": 0,
   "transform": {
    "__type__": "PRTransform",
    "__typeHash__": 2588169118,
    "q": {
     "__type__": "bcQuat",
     "__typeHash__": 3955716320,
     "x": 0.0000020903326003463008,
     "y": 0.0000013479188964993227,
     "z": 0.2588193118572235,
     "w": 0.9659257531166077
    },
    "wp": {
     "x": 0.04499819874763489,
     "y": -0.03047179989516735,
     "z": 0
    }
   },
   "snoname": {
    "__raw__": 366052,
    "__group__": 57,
    "__type__": "DT_SNO_NAME",
    "__typeHash__": 3339108615,
    "__targetFileName__": "base/meta/Material/Ancients_Base_Crack_Decal_A_01.mat",
    "groupName": "Material",
    "name": "Ancients_Base_Crack_Decal_A_01"
   },
   "dwMarkerFlags": 1024,
   "dwMarkerFlagsEx": 0,
   "vecScale": {
    "x": 1.5,
    "y": 1.5,
    "z": 0.10000000149011612
   },
   "ptBase": [
    {
     "__type__": "MarkerDecalData",
     "__typeHash__": 2650697781,
     "dwType": 2650697781,
     "dwPad": 0,
     "dwMarkerDecalFlags": 0,
     "flAngleThreshold": 3.1415927410125732,
     "unk_18f0908": 2,
     "bDieOverride": false,
     "ptRunTimeMaterialValues": []
    }
   ],
   "ptGroupData": [],
   "ptMarkerLinks": [],
   "unk_c339f69": -1,
   "dwSeed": 0,
   "tPrefabData": {
    "__type__": "PrefabData",
    "__typeHash__": 3988626058,
    "dwFlags": 0,
    "eOverrideFadeSettings": 0,
    "eFadeMethod": 0,
    "nFadeGroup": 0,
    "unk_d094b9a": 0,
    "eCullingLevel": 0,
    "szLookOverride": 0,
    "dwShaderMapOverride": 4294967295,
    "ptRunTimeMaterialValues": []
   }
  },
  {
   "__type__": "Marker",
   "__typeHash__": 3132676386,
   "dwHash": 370030506,
   "nID": 3,
   "eType": 0,
   "transform": {
    "__type__": "PRTransform",
    "__typeHash__": 2588169118,
    "q": {
     "__type__": "bcQuat",
     "__typeHash__": 3955716320,
     "x": -4.6956294852407154e-8,
     "y": -0.0000011551248917385237,
     "z": -0.6087623238563538,
     "w": 0.7933526039123535
    },
    "wp": {
     "x": 0.142425999045372,
     "y": -0.26405298709869385,
     "z": 0.11621899902820587
    }
   },
   "snoname": {
    "__raw__": 366053,
    "__group__": 57,
    "__type__": "DT_SNO_NAME",
    "__typeHash__": 3339108615,
    "__targetFileName__": "base/meta/Material/Ancients_Base_Crack_Decal_A_02.mat",
    "groupName": "Material",
    "name": "Ancients_Base_Crack_Decal_A_02"
   },
   "dwMarkerFlags": 1024,
   "dwMarkerFlagsEx": 0,
   "vecScale": {
    "x": 1,
    "y": 1,
    "z": 0.10000000149011612
   },
   "ptBase": [
    {
     "__type__": "MarkerDecalData",
     "__typeHash__": 2650697781,
     "dwType": 2650697781,
     "dwPad": 0,
     "dwMarkerDecalFlags": 0,
     "flAngleThreshold": 3.1415927410125732,
     "unk_18f0908": 2,
     "bDieOverride": false,
     "ptRunTimeMaterialValues": []
    }
   ],
   "ptGroupData": [],
   "ptMarkerLinks": [],
   "unk_c339f69": -1,
   "dwSeed": 0,
   "tPrefabData": {
    "__type__": "PrefabData",
    "__typeHash__": 3988626058,
    "dwFlags": 0,
    "eOverrideFadeSettings": 0,
    "eFadeMethod": 0,
    "nFadeGroup": 0,
    "unk_d094b9a": 0,
    "eCullingLevel": 0,
    "szLookOverride": 0,
    "dwShaderMapOverride": 4294967295,
    "ptRunTimeMaterialValues": []
   }
  },
  {
   "__type__": "Marker",
   "__typeHash__": 3132676386,
   "dwHash": 4264902035,
   "nID": 4,
   "eType": 0,
   "transform": {
    "__type__": "PRTransform",
    "__typeHash__": 2588169118,
    "q": {
     "__type__": "bcQuat",
     "__typeHash__": 3955716320,
     "x": 0.0000010297399057890289,
     "y": 3.2782011771814723e-7,
     "z": 0.25881895422935486,
     "w": 0.9659258723258972
    },
    "wp": {
     "x": 0.05307009816169739,
     "y": 0.01679990068078041,
     "z": 0.038299500942230225
    }
   },
   "snoname": {
    "__raw__": 1314899,
    "__group__": 57,
    "__type__": "DT_SNO_NAME",
    "__typeHash__": 3339108615,
    "__targetFileName__": "base/meta/Material/KehjistanHU_Siege_Damage_Decal_01_Parallax.mat",
    "groupName": "Material",
    "name": "KehjistanHU_Siege_Damage_Decal_01_Parallax"
   },
   "dwMarkerFlags": 1024,
   "dwMarkerFlagsEx": 0,
   "vecScale": {
    "x": 1,
    "y": 1,
    "z": 0.10000000149011612
   },
   "ptBase": [
    {
     "__type__": "MarkerDecalData",
     "__typeHash__": 2650697781,
     "dwType": 2650697781,
     "dwPad": 0,
     "dwMarkerDecalFlags": 0,
     "flAngleThreshold": 3.1415927410125732,
     "unk_18f0908": 0,
     "bDieOverride": false,
     "ptRunTimeMaterialValues": []
    }
   ],
   "ptGroupData": [],
   "ptMarkerLinks": [],
   "unk_c339f69": -1,
   "dwSeed": 0,
   "tPrefabData": {
    "__type__": "PrefabData",
    "__typeHash__": 3988626058,
    "dwFlags": 0,
    "eOverrideFadeSettings": 0,
    "eFadeMethod": 0,
    "nFadeGroup": 0,
    "unk_d094b9a": 0,
    "eCullingLevel": 0,
    "szLookOverride": 0,
    "dwShaderMapOverride": 4294967295,
    "ptRunTimeMaterialValues": []
   }
  }
 ],
 "dwMarkerSetFlags": 66057,
 "nLabel": null,
 "snoCampaignEnableCondition": null,
 "arPrefabDataInfo": [],
 "ptPrefabDataMap": "0",
 "ptChunks": [],
 "ptMergedMsgTriggeredEvents": [],
 "unk_2bbd1d": {
  "__type__": "Type_c8d78ce7",
  "__typeHash__": 3369569511,
  "nWidth": 0,
  "nHeight": 0,
  "nDepth": 0,
  "dwPitch": 0,
  "dwSlicePitch": 0,
  "flGridSize": 0,
  "wpOrigin": {
   "x": 0,
   "y": 0,
   "z": 0
  },
  "unk_4b236f4": "0",
  "unk_aa0958e": {
   "__type__": "DT_VARIABLEARRAY",
   "__typeHash__": 3244749660,
   "__flags__": 2097153,
   "__external__": true,
   "value": {
    "__typeHash__": 1028759507,
    "__type__": "DT_WORD",
    "dataOffset": 0,
    "dataSize": 0
   }
  },
  "unk_aa09583": {
   "__type__": "DT_VARIABLEARRAY",
   "__typeHash__": 3244749660,
   "__flags__": 2097153,
   "__external__": true,
   "value": {
    "__typeHash__": 1028759507,
    "__type__": "DT_WORD",
    "dataOffset": 0,
    "dataSize": 0
   }
  },
  "unk_aa0957e": {
   "__type__": "DT_VARIABLEARRAY",
   "__typeHash__": 3244749660,
   "__flags__": 2097153,
   "__external__": true,
   "value": {
    "__typeHash__": 1028759507,
    "__type__": "DT_WORD",
    "dataOffset": 0,
    "dataSize": 0
   }
  },
  "unk_dd3cf4b": {
   "__type__": "DT_VARIABLEARRAY",
   "__typeHash__": 3244749660,
   "__flags__": 2097153,
   "__external__": true,
   "value": {
    "__typeHash__": 1028759507,
    "__type__": "DT_WORD",
    "dataOffset": 0,
    "dataSize": 0
   }
  },
  "unk_dd3cf40": {
   "__type__": "DT_VARIABLEARRAY",
   "__typeHash__": 3244749660,
   "__flags__": 2097153,
   "__external__": true,
   "value": {
    "__typeHash__": 1028759507,
    "__type__": "DT_WORD",
    "dataOffset": 0,
    "dataSize": 0
   }
  },
  "unk_dd3cf3b": {
   "__type__": "DT_VARIABLEARRAY",
   "__typeHash__": 3244749660,
   "__flags__": 2097153,
   "__external__": true,
   "value": {
    "__typeHash__": 1028759507,
    "__type__": "DT_WORD",
    "dataOffset": 0,
    "dataSize": 0
   }
  }
 }
}
