{
 "__fileName__": "base/meta/MarkerSet/PaperDoll_mount (Game).mrk",
 "__snoID__": 465542,
 "__type__": "MarkerSetDefinition",
 "__typeHash__": 4093179991,
 "tMarkerSet": [
  {
   "__type__": "Marker",
   "__typeHash__": 3132676386,
   "dwHash": 3134737497,
   "nID": 1,
   "eType": 2,
   "transform": {
    "__type__": "PRTransform",
    "__typeHash__": 2588169118,
    "q": {
     "__type__": "bcQuat",
     "__typeHash__": 3955716320,
     "x": 0.008948307484388351,
     "y": -3.471812073940761e-11,
     "z": 0.9999600052833557,
     "w": 9.316687421545566e-10
    },
    "wp": {
     "x": 6.710040092468262,
     "y": -0.056565698236227036,
     "z": 1.2287100553512573
    }
   },
   "snoname": null,
   "dwMarkerFlags": 0,
   "dwMarkerFlagsEx": 0,
   "vecScale": {
    "x": 1,
    "y": 1,
    "z": 1
   },
   "ptBase": [
    {
     "__type__": "MarkerCameraData",
     "__typeHash__": 105310949,
     "dwType": 105310949,
     "dwPad": 0,
     "aFOV": 0.6457718014717102,
     "flFocalPlane": 7.400000095367432,
     "flFStop": 0,
     "unk_101b2fc": 0,
     "unk_6749d34": 0,
     "unk_839bfef": 0,
     "flNearPlane": 0,
     "flFarPlane": 0
    }
   ],
   "ptGroupData": [],
   "ptMarkerLinks": [],
   "unk_c339f69": -1,
   "dwSeed": 0,
   "tPrefabData": {
    "__type__": "PrefabData",
    "__typeHash__": 3988626058,
    "dwFlags": 0,
    "eOverrideFadeSettings": 3,
    "eFadeMethod": 0,
    "nFadeGroup": 0,
    "unk_d094b9a": 0,
    "eCullingLevel": 0,
    "szLookOverride": 0,
    "dwShaderMapOverride": 4294967295,
    "ptRunTimeMaterialValues": []
   }
  },
  {
   "__type__": "Marker",
   "__typeHash__": 3132676386,
   "dwHash": 3134737498,
   "nID": 10,
   "eType": 2,
   "transform": {
    "__type__": "PRTransform",
    "__typeHash__": 2588169118,
    "q": {
     "__type__": "bcQuat",
     "__typeHash__": 3955716320,
     "x": 0.008948307484388351,
     "y": -3.471812073940761e-11,
     "z": 0.9999600052833557,
     "w": 9.316687421545566e-10
    },
    "wp": {
     "x": 5.78656005859375,
     "y": 1.3040000200271606,
     "z": 1.2622300386428833
    }
   },
   "snoname": null,
   "dwMarkerFlags": 0,
   "dwMarkerFlagsEx": 0,
   "vecScale": {
    "x": 1,
    "y": 1,
    "z": 1
   },
   "ptBase": [
    {
     "__type__": "MarkerCameraData",
     "__typeHash__": 105310949,
     "dwType": 105310949,
     "dwPad": 0,
     "aFOV": 0.6457718014717102,
     "flFocalPlane": 5,
     "flFStop": 0.4182441830635071,
     "unk_101b2fc": 0,
     "unk_6749d34": 0,
     "unk_839bfef": 0,
     "flNearPlane": 0,
     "flFarPlane": 0
    }
   ],
   "ptGroupData": [],
   "ptMarkerLinks": [],
   "unk_c339f69": -1,
   "dwSeed": 0,
   "tPrefabData": {
    "__type__": "PrefabData",
    "__typeHash__": 3988626058,
    "dwFlags": 0,
    "eOverrideFadeSettings": 3,
    "eFadeMethod": 0,
    "nFadeGroup": 0,
    "unk_d094b9a": 0,
    "eCullingLevel": 0,
    "szLookOverride": 0,
    "dwShaderMapOverride": 4294967295,
    "ptRunTimeMaterialValues": []
   }
  },
  {
   "__type__": "Marker",
   "__typeHash__": 3132676386,
   "dwHash": 1095401534,
   "nID": 12,
   "eType": 2,
   "transform": {
    "__type__": "PRTransform",
    "__typeHash__": 2588169118,
    "q": {
     "__type__": "bcQuat",
     "__typeHash__": 3955716320,
     "x": -0.01944526843726635,
     "y": 0.0003936439461540431,
     "z": 0.9996932148933411,
     "w": 0.015341280028223991
    },
    "wp": {
     "x": 6.360660076141357,
     "y": 1.3239699602127075,
     "z": 1.2519500255584717
    }
   },
   "snoname": null,
   "dwMarkerFlags": 0,
   "dwMarkerFlagsEx": 0,
   "vecScale": {
    "x": 1,
    "y": 1,
    "z": 1
   },
   "ptBase": [
    {
     "__type__": "MarkerCameraData",
     "__typeHash__": 105310949,
     "dwType": 105310949,
     "dwPad": 0,
     "aFOV": 0.6108652353286743,
     "flFocalPlane": 10,
     "flFStop": 0,
     "unk_101b2fc": 0,
     "unk_6749d34": 0,
     "unk_839bfef": 0,
     "flNearPlane": 0,
     "flFarPlane": 0
    }
   ],
   "ptGroupData": [],
   "ptMarkerLinks": [],
   "unk_c339f69": -1,
   "dwSeed": 0,
   "tPrefabData": {
    "__type__": "PrefabData",
    "__typeHash__": 3988626058,
    "dwFlags": 0,
    "eOverrideFadeSettings": 3,
    "eFadeMethod": 0,
    "nFadeGroup": 0,
    "unk_d094b9a": 0,
    "eCullingLevel": 0,
    "szLookOverride": 0,
    "dwShaderMapOverride": 4294967295,
    "ptRunTimeMaterialValues": []
   }
  },
  {
   "__type__": "Marker",
   "__typeHash__": 3132676386,
   "dwHash": 3820189365,
   "nID": 13,
   "eType": 2,
   "transform": {
    "__type__": "PRTransform",
    "__typeHash__": 2588169118,
    "q": {
     "__type__": "bcQuat",
     "__typeHash__": 3955716320,
     "x": -0.02527504414319992,
     "y": 0.00014116115926299244,
     "z": 0.9996649622917175,
     "w": 0.00558028370141983
    },
    "wp": {
     "x": 3.826200008392334,
     "y": -0.22150300443172455,
     "z": 1.1616499423980713
    }
   },
   "snoname": null,
   "dwMarkerFlags": 0,
   "dwMarkerFlagsEx": 0,
   "vecScale": {
    "x": 1,
    "y": 1,
    "z": 1
   },
   "ptBase": [
    {
     "__type__": "MarkerCameraData",
     "__typeHash__": 105310949,
     "dwType": 105310949,
     "dwPad": 0,
     "aFOV": 0.6108652353286743,
     "flFocalPlane": 10,
     "flFStop": 0,
     "unk_101b2fc": 0,
     "unk_6749d34": 0,
     "unk_839bfef": 0,
     "flNearPlane": 0,
     "flFarPlane": 0
    }
   ],
   "ptGroupData": [],
   "ptMarkerLinks": [],
   "unk_c339f69": -1,
   "dwSeed": 0,
   "tPrefabData": {
    "__type__": "PrefabData",
    "__typeHash__": 3988626058,
    "dwFlags": 0,
    "eOverrideFadeSettings": 0,
    "eFadeMethod": 0,
    "nFadeGroup": 0,
    "unk_d094b9a": 0,
    "eCullingLevel": 0,
    "szLookOverride": 0,
    "dwShaderMapOverride": 4294967295,
    "ptRunTimeMaterialValues": []
   }
  },
  {
   "__type__": "Marker",
   "__typeHash__": 3132676386,
   "dwHash": 4122852294,
   "nID": 16,
   "eType": 2,
   "transform": {
    "__type__": "PRTransform",
    "__typeHash__": 2588169118,
    "q": {
     "__type__": "bcQuat",
     "__typeHash__": 3955716320,
     "x": -0.105878546833992,
     "y": 0.0006944001652300358,
     "z": 0.9943574070930481,
     "w": 0.006521813105791807
    },
    "wp": {
     "x": 0.9350230097770691,
     "y": -0.15093299746513367,
     "z": 1.7038099765777588
    }
   },
   "snoname": null,
   "dwMarkerFlags": 0,
   "dwMarkerFlagsEx": 0,
   "vecScale": {
    "x": 1,
    "y": 1,
    "z": 1
   },
   "ptBase": [
    {
     "__type__": "MarkerCameraData",
     "__typeHash__": 105310949,
     "dwType": 105310949,
     "dwPad": 0,
     "aFOV": 0.6108652353286743,
     "flFocalPlane": 10,
     "flFStop": 0,
     "unk_101b2fc": 0,
     "unk_6749d34": 0,
     "unk_839bfef": 0,
     "flNearPlane": 0,
     "flFarPlane": 0
    }
   ],
   "ptGroupData": [],
   "ptMarkerLinks": [],
   "unk_c339f69": -1,
   "dwSeed": 0,
   "tPrefabData": {
    "__type__": "PrefabData",
    "__typeHash__": 3988626058,
    "dwFlags": 0,
    "eOverrideFadeSettings": 0,
    "eFadeMethod": 0,
    "nFadeGroup": 0,
    "unk_d094b9a": 0,
    "eCullingLevel": 0,
    "szLookOverride": 0,
    "dwShaderMapOverride": 4294967295,
    "ptRunTimeMaterialValues": []
   }
  },
  {
   "__type__": "Marker",
   "__typeHash__": 3132676386,
   "dwHash": 2924749067,
   "nID": 17,
   "eType": 2,
   "transform": {
    "__type__": "PRTransform",
    "__typeHash__": 2588169118,
    "q": {
     "__type__": "bcQuat",
     "__typeHash__": 3955716320,
     "x": -0.10711517184972763,
     "y": -0.00318972603417933,
     "z": 0.9938010573387146,
     "w": -0.02959359623491764
    },
    "wp": {
     "x": 1.662369966506958,
     "y": -0.005396869964897633,
     "z": 1.641260027885437
    }
   },
   "snoname": null,
   "dwMarkerFlags": 0,
   "dwMarkerFlagsEx": 0,
   "vecScale": {
    "x": 1,
    "y": 1,
    "z": 1
   },
   "ptBase": [
    {
     "__type__": "MarkerCameraData",
     "__typeHash__": 105310949,
     "dwType": 105310949,
     "dwPad": 0,
     "aFOV": 0.6108652353286743,
     "flFocalPlane": 10,
     "flFStop": 0,