{
 "__fileName__": "base/meta/MarkerSet/ProtoDun_Base_SE_02 (Shared).mrk",
 "__snoID__": 178484,
 "__type__": "MarkerSetDefinition",
 "__typeHash__": 4093179991,
 "tMarkerSet": [],
 "dwMarkerSetFlags": 66053,
 "nLabel": null,
 "snoCampaignEnableCondition": null,
 "arPrefabDataInfo": [],
 "ptPrefabDataMap": "0",
 "ptChunks": [
  {
   "__type__": "MarkerInstanceChunk",
   "__typeHash__": 2046453424,
   "ptInstanceGroups": {
    "__type__": "DT_VARIABLEARRAY",
    "__typeHash__": 3244749660,
    "__flags__": 2097152,
    "__external__": true,
    "value": {
     "__typeHash__": 2051550180,
     "__type__": "MarkerInstanceGroup",
     "dataOffset": 32,
     "dataSize": 64
    }
   },
   "aabbBounds": {
    "__type__": "AABB",
    "__typeHash__": 2408934,
    "wp": {
     "x": 16.083791732788086,
     "y": 3.4699060916900635,
     "z": 2.443634033203125
    },
    "wvExt": {
     "x": 15.776861190795898,
     "y": 3.7902801036834717,
     "z": 2
    }
   }
  },
  {
   "__type__": "MarkerInstanceChunk",
   "__typeHash__": 2046453424,
   "ptInstanceGroups": {
    "__type__": "DT_VARIABLEARRAY",
    "__typeHash__": 3244749660,
    "__flags__": 2097152,
    "__external__": true,
    "value": {
     "__typeHash__": 2051550180,
     "__type__": "MarkerInstanceGroup",
     "dataOffset": 176,
     "dataSize": 128
    }
   },
   "aabbBounds": {
    "__type__": "AABB",
    "__typeHash__": 2408934,
    "wp": {
     "x": 8.028647422790527,
     "y": 12.622884750366211,
     "z": 3.176353931427002
    },
    "wvExt": {
     "x": 10.017563819885254,
     "y": 15.032255172729492,
     "z": 6.023353099822998
    }
   }
  },
  {
   "__type__": "MarkerInstanceChunk",
   "__typeHash__": 2046453424,
   "ptInstanceGroups": {
    "__type__": "DT_VARIABLEARRAY",
    "__typeHash__": 3244749660,
    "__flags__": 2097152,
    "__external__": true,
    "value": {
     "__typeHash__": 2051550180,
     "__type__": "MarkerInstanceGroup",
     "dataOffset": 1904,
     "dataSize": 128
    }
   },
   "aabbBounds": {
    "__type__": "AABB",
    "__typeHash__": 2408934,
    "wp": {
     "x": 25.435537338256836,
     "y": 3.427783966064453,
     "z": 2.6622695922851562
    },
    "wvExt": {
     "x": 10.92241096496582,
     "y": 5.837154388427734,
     "z": 5.177852630615234
    }
   }
  },
  {
   "__type__": "MarkerInstanceChunk",
   "__typeHash__": 2046453424,
   "ptInstanceGroups": {
    "__type__": "DT_VARIABLEARRAY",
    "__typeHash__": 3244749660,
    "__flags__": 2097152,
    "__external__": true,
    "value": {
     "__typeHash__": 2051550180,
     "__type__": "MarkerInstanceGroup",
     "dataOffset": 3096,
     "dataSize": 384
    }
   },
   "aabbBounds": {
    "__type__": "AABB",
    "__typeHash__": 2408934,
    "wp": {
     "x": 6.888696670532227,
     "y": 24.234359741210938,
     "z": 2.4988956451416016
    },
    "wvExt": {
     "x": 8.877613067626953,
     "y": 11.512760162353516,
     "z": 5.632821083068848
    }
   }
  },
  {
   "__type__": "MarkerInstanceChunk",
   "__typeHash__": 2046453424,
   "ptInstanceGroups": {
    "__type__": "DT_VARIABLEARRAY",
    "__typeHash__": 3244749660,
    "__flags__": 2097152,
    "__external__": true,
    "value": {
     "__typeHash__": 2051550180,
     "__type__": "MarkerInstanceGroup",
     "dataOffset": 4864,
     "dataSize": 192
    }
   },
   "aabbBounds": {
    "__type__": "AABB",
    "__typeHash__": 2408934,
    "wp": {
     "x": 28.23042106628418,
     "y": 28.9104061126709,
     "z": 0.8139686584472656
    },
    "wvExt": {
     "x": 5.360372543334961,
     "y": 7.36784553527832,
     "z": 5.008837699890137
    }
   }
  }
 ],
 "ptMergedMsgTriggeredEvents": [],
 "unk_2bbd1d": {
  "__type__": "Type_c8d78ce7",
  "__typeHash__": 3369569511,
  "nWidth": 0,
  "nHeight": 0,
  "nDepth": 0,
  "dwPitch": 0,
  "dwSlicePitch": 0,
  "flGridSize": 0,
  "wpOrigin": {
   "x": 0,
   "y": 0,
   "z": 0
  },
  "unk_4b236f4": "0",
  "unk_aa0958e": {
   "__type__": "DT_VARIABLEARRAY",
   "__typeHash__": 3244749660,
   "__flags__": 2097153,
   "__external__": true,
   "value": {
    "__typeHash__": 1028759507,
    "__type__": "DT_WORD",
    "dataOffset": 0,
    "dataSize": 0
   }
  },
  "unk_aa09583": {
   "__type__": "DT_VARIABLEARRAY",
   "__typeHash__": 3244749660,
   "__flags__": 2097153,
   "__external__": true,
   "value": {
    "__typeHash__": 1028759507,
    "__type__": "DT_WORD",
    "dataOffset": 0,
    "dataSize": 0
   }
  },
  "unk_aa0957e": {
   "__type__": "DT_VARIABLEARRAY",
   "__typeHash__": 3244749660,
   "__flags__": 2097153,
   "__external__": true,
   "value": {
    "__typeHash__": 1028759507,
    "__type__": "DT_WORD",
    "dataOffset": 0,
    "dataSize": 0
   }
  },
  "unk_dd3cf4b": {
   "__type__": "DT_VARIABLEARRAY",
   "__typeHash__": 3244749660,
   "__flags__": 2097153,
   "__external__": true,
   "value": {
    "__typeHash__": 1028759507,
    "__type__": "DT_WORD",
    "dataOffset": 0,
    "dataSize": 0
   }
  },
  "unk_dd3cf40": {
   "__type__": "DT_VARIABLEARRAY",
   "__typeHash__": 3244749660,
   "__flags__": 2097153,
   "__external__": true,
   "value": {
    "__typeHash__": 1028759507,
    "__type__": "DT_WORD",
    "dataOffset": 0,
    "dataSize": 0
   }
  },
  "unk_dd3cf3b": {
   "__type__": "DT_VARIABLEARRAY",
   "__typeHash__": 3244749660,
   "__flags__": 2097153,
   "__external__": true,
   "value": {
    "__typeHash__": 1028759507,
    "__type__": "DT_WORD",
    "dataOffset": 0,
    "dataSize": 0
   }
  }
 }
}
