{
 "__fileName__": "data/base/meta/MarkerSet/ProtoDun_Base_N_Entrance_01 (Shared).mrk",
 "__snoID__": 142832,
 "__type__": "MarkerSetDefinition",
 "__typeHash__": 4093179991,
 "tMarkerSet": [],
 "dwMarkerSetFlags": 196869,
 "nLabel": {
  "value": 4294967295,
  "type": "gbid",
  "group": 4
 },
 "unk_677237e": {
  "value": -1,
  "group": 51,
  "groupName": "Condition",
  "type": "sno"
 },
 "unk_6d7f2e9": [],
 "unk_db67c2c": "0",
 "ptChunks": [
  {
   "__type__": "Type_79fa66b0",
   "__typeHash__": 2046453424,
   "unk_eaeca19": {
    "__type__": "DT_VARIABLEARRAY",
    "__typeHash__": 3244749660,
    "__flags__": 2097152,
    "__external__": true,
    "value": {
     "__typeHash__": 2051550180,
     "__type__": "Type_7a482be4",
     "dataOffset": 32,
     "dataSize": 648
    }
   },
   "unk_7934bc2": {
    "__type__": "Type_cd5b4347",
    "__typeHash__": 3445310279,
    "unk_69b6741": {
     "__type__": "DT_VARIABLEARRAY",
     "__typeHash__": 3244749660,
     "__flags__": 2097153,
     "__external__": true,
     "value": {
      "__typeHash__": 1028015787,
      "__type__": "DT_BYTE",
      "dataOffset": 0,
      "dataSize": 0
     }
    }
   },
   "unk_2f217b0": 0,
   "aabbBounds": {
    "__type__": "AABB",
    "__typeHash__": 2408934,
    "wp": {
     "x": 6.5609941482543945,
     "y": 5.984438896179199,
     "z": 2.116276741027832
    },
    "wvExt": {
     "x": 8.860416412353516,
     "y": 8.39380931854248,
     "z": 4.682555198669434
    }
   }
  },
  {
   "__type__": "Type_79fa66b0",
   "__typeHash__": 2046453424,
   "unk_eaeca19": {
    "__type__": "DT_VARIABLEARRAY",
    "__typeHash__": 3244749660,
    "__flags__": 2097152,
    "__external__": true,
    "value": {
     "__typeHash__": 2051550180,
     "__type__": "Type_7a482be4",
     "dataOffset": 2080,
     "dataSize": 360
    }
   },
   "unk_7934bc2": {
    "__type__": "Type_cd5b4347",
    "__typeHash__": 3445310279,
    "unk_69b6741": {
     "__type__": "DT_VARIABLEARRAY",
     "__typeHash__": 3244749660,
     "__flags__": 2097153,
     "__external__": true,
     "value": {
      "__typeHash__": 1028015787,
      "__type__": "DT_BYTE",
      "dataOffset": 0,
      "dataSize": 0
     }
    }
   },
   "unk_2f217b0": 0,
   "aabbBounds": {
    "__type__": "AABB",
    "__typeHash__": 2408934,
    "wp": {
     "x": 25.992809295654297,
     "y": 8.31781005859375,
     "z": 1.1399312019348145
    },
    "wvExt": {
     "x": 8.45138931274414,
     "y": 10.727180480957031,
     "z": 5.491434574127197
    }
   }
  },
  {
   "__type__": "Type_79fa66b0",
   "__typeHash__": 2046453424,
   "unk_eaeca19": {
    "__type__": "DT_VARIABLEARRAY",
    "__typeHash__": 3244749660,
    "__flags__": 2097152,
    "__external__": true,
    "value": {
     "__typeHash__": 2051550180,
     "__type__": "Type_7a482be4",
     "dataOffset": 3896,
     "dataSize": 432
    }
   },
   "unk_7934bc2": {
    "__type__": "Type_cd5b4347",
    "__typeHash__": 3445310279,
    "unk_69b6741": {
     "__type__": "DT_VARIABLEARRAY",
     "__typeHash__": 3244749660,
     "__flags__": 2097153,
     "__external__": true,
     "value": {
      "__typeHash__": 1028015787,
      "__type__": "DT_BYTE",
      "dataOffset": 0,
      "dataSize": 0
     }
    }
   },
   "unk_2f217b0": 0,
   "aabbBounds": {
    "__type__": "AABB",
    "__typeHash__": 2408934,
    "wp": {
     "x": 11.723639488220215,
     "y": 27.84571647644043,
     "z": 1.497133731842041
    },
    "wvExt": {
     "x": 13.623026847839355,
     "y": 6.325300216674805,
     "z": 4.9798054695129395
    }
   }
  },
  {
   "__type__": "Type_79fa66b0",
   "__typeHash__": 2046453424,
   "unk_eaeca19": {
    "__type__": "DT_VARIABLEARRAY",
    "__typeHash__": 3244749660,
    "__flags__": 2097152,
    "__external__": true,
    "value": {
     "__typeHash__": 2051550180,
     "__type__": "Type_7a482be4",
     "dataOffset": 5632,
     "dataSize": 432
    }
   },
   "unk_7934bc2": {
    "__type__": "Type_cd5b4347",
    "__typeHash__": 3445310279,
    "unk_69b6741": {
     "__type__": "DT_VARIABLEARRAY",
     "__typeHash__": 3244749660,
     "__flags__": 2097153,
     "__external__": true,
     "value": {
      "__typeHash__": 1028015787,
      "__type__": "DT_BYTE",
      "dataOffset": 0,
      "dataSize": 0
     }
    }
   },
   "unk_2f217b0": 0,
   "aabbBounds": {
    "__type__": "AABB",
    "__typeHash__": 2408934,
    "wp": {
     "x": 22.491132736206055,
     "y": 21.435943603515625,
     "z": 1.3598194122314453
    },
    "wvExt": {
     "x": 11.953065872192383,
     "y": 14.842308044433594,
     "z": 5.554689407348633
    }
   }
  },
  {
   "__type__": "Type_79fa66b0",
   "__typeHash__": 2046453424,
   "unk_eaeca19": {
    "__type__": "DT_VARIABLEARRAY",
    "__typeHash__": 3244749660,
    "__flags__": 2097152,
    "__external__": true,
    "value": {
     "__typeHash__": 2051550180,
     "__type__": "Type_7a482be4",
     "dataOffset": 8432,
     "dataSize": 72
    }
   },
   "unk_7934bc2": {
    "__type__": "Type_cd5b4347",
    "__typeHash__": 3445310279,
    "unk_69b6741": {
     "__type__": "DT_VARIABLEARRAY",
     "__typeHash__": 3244749660,
     "__flags__": 2097153,
     "__external__": true,
     "value": {
      "__typeHash__": 1028015787,
      "__type__": "DT_BYTE",
      "dataOffset": 0,
      "dataSize": 0
     }
    }
   },
   "unk_2f217b0": 0,
   "aabbBounds": {
    "__type__": "AABB",
    "__typeHash__": 2408934,
    "wp": {
     "x": 11.08497428894043,
     "y": 30.22409439086914,
     "z": 2.254748821258545
    },
    "wvExt": {
     "x": 3.395500659942627,
     "y": 3.2990198135375977,
     "z": 3.104287624359131
    }
   }
  },
  {
   "__type__": "Type_79fa66b0",
   "__typeHash__": 2046453424,
   "unk_eaeca19": {
    "__type__": "DT_VARIABLEARRAY",
    "__typeHash__": 3244749660,
    "__flags__": 2097152,
    "__external__": true,
    "value": {
     "__typeHash__": 2051550180,
     "__type__": "Type_7a482be4",
     "dataOffset": 8584,
     "dataSize": 72
    }
   },
   "unk_7934bc2": {
    "__type__": "Type_cd5b4347",
    "__typeHash__": 3445310279,
    "unk_69b6741": {
     "__type__": "DT_VARIABLEARRAY",
     "__typeHash__": 3244749660,
     "__flags__": 2097153,
     "__external__": true,
     "value": {
      "__typeHash__": 1028015787,
      "__type__": "DT_BYTE",
      "dataOffset": 0,
      "dataSize": 0
     }
    }
   },
   "unk_2f217b0": 0,
   "aabbBounds": {
    "__type__": "AABB",
    "__typeHash__": 2408934,
    "wp": {
     "x": 21.10175132751465,
     "y": 31.086864471435547,
     "z": 2.1894631385803223
    },
    "wvExt": {
     "x": 3.6147098541259766,
     "y": 3.3254547119140625,
     "z": 2.9885754585266113
    }
   }
  }
 ],
 "unk_a3613db": [],
 "unk_6458d11": [],
 "unk_2bbd1d": {
  "__type__": "Type_c8d78ce7",
  "__typeHash__": 3369569511,
  "nWidth": 0,
  "nHeight": 0,
  "nDepth": 0,
  "dwPitch": 0,
  "dwSlicePitch": 0,
  "flGridSize": 0,
  "wpOrigin": {
   "x": 0,
   "y": 0,
   "z": 0
  },
  "unk_4b236f4": "0",
  "unk_aa0958e": {
   "__type__": "DT_VARIABLEARRAY",
   "__typeHash__": 3244749660,
   "__flags__": 2097153,
   "__external__": true,
   "value": {
    "__typeHash__": 1028759507,
    "__type__": "DT_WORD",
    "dataOffset": 0,
    "dataSize": 0
   }
  },
  "unk_aa09583": {
   "__type__": "DT_VARIABLEARRAY",
   "__typeHash__": 3244749660,
   "__flags__": 2097153,
   "__external__": true,
   "value": {
    "__typeHash__": 1028759507,
    "__type__": "DT_WORD",
    "dataOffset": 0,
    "dataSize": 0
   }
  },
  "unk_aa0957e": {
   "__type__": "DT_VARIABLEARRAY",
   "__typeHash__": 3244749660,
   "__flags__": 2097153,
   "__external__": true,
   "value": {
    "__typeHash__": 1028759507,
    "__type__": "DT_WORD",
    "dataOffset": 0,
    "dataSize": 0
   }
  },
  "unk_dd3cf4b": {
   "__type__": "DT_VARIABLEARRAY",
   "__typeHash__": 3244749660,
   "__flags__": 2097153,
   "__external__": true,
   "value": {
    "__typeHash__": 1028759507,
    "__type__": "DT_WORD",
    "dataOffset": 0,
    "dataSize": 0
   }
  },