{
 "__fileName__": "data/base/meta/MarkerSet/ProtoDun_Base_NSEW_02 (Shared).mrk",
 "__snoID__": 952435,
 "__type__": "MarkerSetDefinition",
 "__typeHash__": 4093179991,
 "tMarkerSet": [],
 "dwMarkerSetFlags": 196869,
 "nLabel": {
  "value": 4294967295,
  "type": "gbid",
  "group": 4
 },
 "unk_677237e": {
  "value": -1,
  "group": 51,
  "groupName": "Condition",
  "type": "sno"
 },
 "unk_6d7f2e9": [],
 "unk_db67c2c": "0",
 "ptChunks": [
  {
   "__type__": "Type_79fa66b0",
   "__typeHash__": 2046453424,
   "unk_eaeca19": {
    "__type__": "DT_VARIABLEARRAY",
    "__typeHash__": 3244749660,
    "__flags__": 2097152,
    "__external__": true,
    "value": {
     "__typeHash__": 2051550180,
     "__type__": "Type_7a482be4",
     "dataOffset": 32,
     "dataSize": 72
    }
   },
   "unk_7934bc2": {
    "__type__": "Type_cd5b4347",
    "__typeHash__": 3445310279,
    "unk_69b6741": {
     "__type__": "DT_VARIABLEARRAY",
     "__typeHash__": 3244749660,
     "__flags__": 2097153,
     "__external__": true,
     "value": {
      "__typeHash__": 1028015787,
      "__type__": "DT_BYTE",
      "dataOffset": 0,
      "dataSize": 0
     }
    }
   },
   "unk_2f217b0": 0,
   "aabbBounds": {
    "__type__": "AABB",
    "__typeHash__": 2408934,
    "wp": {
     "x": 28.56220054626465,
     "y": 3.417734146118164,
     "z": 2.4972240924835205
    },
    "wvExt": {
     "x": 3.5192012786865234,
     "y": 3.4676015377044678,
     "z": 1.9999998807907104
    }
   }
  },
  {
   "__type__": "Type_79fa66b0",
   "__typeHash__": 2046453424,
   "unk_eaeca19": {
    "__type__": "DT_VARIABLEARRAY",
    "__typeHash__": 3244749660,
    "__flags__": 2097152,
    "__external__": true,
    "value": {
     "__typeHash__": 2051550180,
     "__type__": "Type_7a482be4",
     "dataOffset": 184,
     "dataSize": 432
    }
   },
   "unk_7934bc2": {
    "__type__": "Type_cd5b4347",
    "__typeHash__": 3445310279,
    "unk_69b6741": {
     "__type__": "DT_VARIABLEARRAY",
     "__typeHash__": 3244749660,
     "__flags__": 2097153,
     "__external__": true,
     "value": {
      "__typeHash__": 1028015787,
      "__type__": "DT_BYTE",
      "dataOffset": 0,
      "dataSize": 0
     }
    }
   },
   "unk_2f217b0": 0,
   "aabbBounds": {
    "__type__": "AABB",
    "__typeHash__": 2408934,
    "wp": {
     "x": 3.645507335662842,
     "y": 3.910140037536621,
     "z": 2.943720817565918
    },
    "wvExt": {
     "x": 5.841812610626221,
     "y": 5.865022659301758,
     "z": 5.5099992752075195
    }
   }
  },
  {
   "__type__": "Type_79fa66b0",
   "__typeHash__": 2046453424,
   "unk_eaeca19": {
    "__type__": "DT_VARIABLEARRAY",
    "__typeHash__": 3244749660,
    "__flags__": 2097152,
    "__external__": true,
    "value": {
     "__typeHash__": 2051550180,
     "__type__": "Type_7a482be4",
     "dataOffset": 1320,
     "dataSize": 432
    }
   },
   "unk_7934bc2": {
    "__type__": "Type_cd5b4347",
    "__typeHash__": 3445310279,
    "unk_69b6741": {
     "__type__": "DT_VARIABLEARRAY",
     "__typeHash__": 3244749660,
     "__flags__": 2097153,
     "__external__": true,
     "value": {
      "__typeHash__": 1028015787,
      "__type__": "DT_BYTE",
      "dataOffset": 0,
      "dataSize": 0
     }
    }
   },
   "unk_2f217b0": 0,
   "aabbBounds": {
    "__type__": "AABB",
    "__typeHash__": 2408934,
    "wp": {
     "x": 28.404582977294922,
     "y": 3.590947151184082,
     "z": 1.4226055145263672
    },
    "wvExt": {
     "x": 5.942111968994141,
     "y": 5.586372375488281,
     "z": 4.556532859802246
    }
   }
  },
  {
   "__type__": "Type_79fa66b0",
   "__typeHash__": 2046453424,
   "unk_eaeca19": {
    "__type__": "DT_VARIABLEARRAY",
    "__typeHash__": 3244749660,
    "__flags__": 2097152,
    "__external__": true,
    "value": {
     "__typeHash__": 2051550180,
     "__type__": "Type_7a482be4",
     "dataOffset": 2760,
     "dataSize": 432
    }
   },
   "unk_7934bc2": {
    "__type__": "Type_cd5b4347",
    "__typeHash__": 3445310279,
    "unk_69b6741": {
     "__type__": "DT_VARIABLEARRAY",
     "__typeHash__": 3244749660,
     "__flags__": 2097153,
     "__external__": true,
     "value": {
      "__typeHash__": 1028015787,
      "__type__": "DT_BYTE",
      "dataOffset": 0,
      "dataSize": 0
     }
    }
   },
   "unk_2f217b0": 0,
   "aabbBounds": {
    "__type__": "AABB",
    "__typeHash__": 2408934,
    "wp": {
     "x": 3.2128329277038574,
     "y": 28.885265350341797,
     "z": 1.765627384185791
    },
    "wvExt": {
     "x": 5.827695369720459,
     "y": 7.457344055175781,
     "z": 4.281210422515869
    }
   }
  },
  {
   "__type__": "Type_79fa66b0",
   "__typeHash__": 2046453424,
   "unk_eaeca19": {
    "__type__": "DT_VARIABLEARRAY",
    "__typeHash__": 3244749660,
    "__flags__": 2097152,
    "__external__": true,
    "value": {
     "__typeHash__": 2051550180,
     "__type__": "Type_7a482be4",
     "dataOffset": 3968,
     "dataSize": 288
    }
   },
   "unk_7934bc2": {
    "__type__": "Type_cd5b4347",
    "__typeHash__": 3445310279,
    "unk_69b6741": {
     "__type__": "DT_VARIABLEARRAY",
     "__typeHash__": 3244749660,
     "__flags__": 2097153,
     "__external__": true,
     "value": {
      "__typeHash__": 1028015787,
      "__type__": "DT_BYTE",
      "dataOffset": 0,
      "dataSize": 0
     }
    }
   },
   "unk_2f217b0": 0,
   "aabbBounds": {
    "__type__": "AABB",
    "__typeHash__": 2408934,
    "wp": {
     "x": 28.858272552490234,
     "y": 28.35063934326172,
     "z": 1.021151065826416
    },
    "wvExt": {
     "x": 7.371318817138672,
     "y": 5.7051544189453125,
     "z": 5.216023921966553
    }
   }
  },
  {
   "__type__": "Type_79fa66b0",
   "__typeHash__": 2046453424,
   "unk_eaeca19": {
    "__type__": "DT_VARIABLEARRAY",
    "__typeHash__": 3244749660,
    "__flags__": 2097152,
    "__external__": true,
    "value": {
     "__typeHash__": 2051550180,
     "__type__": "Type_7a482be4",
     "dataOffset": 5096,
     "dataSize": 72
    }
   },
   "unk_7934bc2": {
    "__type__": "Type_cd5b4347",
    "__typeHash__": 3445310279,
    "unk_69b6741": {
     "__type__": "DT_VARIABLEARRAY",
     "__typeHash__": 3244749660,
     "__flags__": 2097153,
     "__external__": true,
     "value": {
      "__typeHash__": 1028015787,
      "__type__": "DT_BYTE",
      "dataOffset": 0,
      "dataSize": 0
     }
    }
   },
   "unk_2f217b0": 0,
   "aabbBounds": {
    "__type__": "AABB",
    "__typeHash__": 2408934,
    "wp": {
     "x": 28.56220054626465,
     "y": 28.962739944458008,
     "z": 2.4972240924835205
    },
    "wvExt": {
     "x": 3.5192012786865234,
     "y": 3.198740005493164,
     "z": 1.9999998807907104
    }
   }
  }
 ],
 "unk_a3613db": [],
 "unk_6458d11": [],
 "unk_2bbd1d": {
  "__type__": "Type_c8d78ce7",
  "__typeHash__": 3369569511,
  "nWidth": 0,
  "nHeight": 0,
  "nDepth": 0,
  "dwPitch": 0,
  "dwSlicePitch": 0,
  "flGridSize": 0,
  "wpOrigin": {
   "x": 0,
   "y": 0,
   "z": 0
  },
  "unk_4b236f4": "0",
  "unk_aa0958e": {
   "__type__": "DT_VARIABLEARRAY",
   "__typeHash__": 3244749660,
   "__flags__": 2097153,
   "__external__": true,
   "value": {
    "__typeHash__": 1028759507,
    "__type__": "DT_WORD",
    "dataOffset": 0,
    "dataSize": 0
   }
  },
  "unk_aa09583": {
   "__type__": "DT_VARIABLEARRAY",
   "__typeHash__": 3244749660,
   "__flags__": 2097153,
   "__external__": true,
   "value": {
    "__typeHash__": 1028759507,
    "__type__": "DT_WORD",
    "dataOffset": 0,
    "dataSize": 0
   }
  },
  "unk_aa0957e": {
   "__type__": "DT_VARIABLEARRAY",
   "__typeHash__": 3244749660,
   "__flags__": 2097153,
   "__external__": true,
   "value": {
    "__typeHash__": 1028759507,
    "__type__": "DT_WORD",
    "dataOffset": 0,
    "dataSize": 0
   }
  },
  "unk_dd3cf4b": {
   "__type__": "DT_VARIABLEARRAY",
   "__typeHash__": 3244749660,
   "__flags__": 2097153,
   "__external__": true,
   "value": {
    "__typeHash__": 1028759507,
    "__type__": "DT_WORD",
    "dataOffset": 0,
    "dataSize": 0
   }
  },