{
 "__fileName__": "data/base/meta/MarkerSet/ProtoDun_Keep_EW_TR8_02 (Theme_Prologue).mrk",
 "__snoID__": 1218296,
 "__type__": "MarkerSetDefinition",
 "__typeHash__": 4093179991,
 "tMarkerSet": [
  {
   "__type__": "Marker",
   "__typeHash__": 3132676386,
   "dwHash": 1723624404,
   "nID": 1,
   "eType": 0,
   "transform": {
    "__type__": "PRTransform",
    "__typeHash__": 2588169118,
    "q": {
     "__type__": "bcQuat",
     "__typeHash__": 3955716320,
     "x": 0.08715575188398361,
     "y": -8.311821630968552e-8,
     "z": 9.500454893895949e-7,
     "w": 0.9961947798728943
    },
    "wp": {
     "x": 15.256199836730957,
     "y": 2.9801900386810303,
     "z": -0.03966899961233139
    }
   },
   "snoname": {
    "value": 1038590,
    "group": 57,
    "groupName": "Material"
   },
   "dwMarkerFlags": 1024,
   "vecScale": {
    "x": 1,
    "y": 1,
    "z": 1
   },
   "ptBase": [
    {
     "__type__": "MarkerDecalData",
     "__typeHash__": 2650697781,
     "dwType": 2650697781,
     "dwPad": 0,
     "unk_1e3c3c3": 0,
     "flAngleThreshold": 3.1415927410125732,
     "unk_18f0908": 1,
     "unk_ec8f2d4": 0,
     "unk_b0425e7": []
    }
   ],
   "ptGroupData": [],
   "ptMarkerLinks": [],
   "unk_c339f69": -1,
   "dwSeed": 0,
   "tPrefabData": {
    "__type__": "PrefabData",
    "__typeHash__": 3988626058,
    "dwFlags": 0,
    "unk_32bf9c6": 0,
    "eFadeMethod": 0,
    "nFadeGroup": 0,
    "unk_d094b9a": 0,
    "eCullingLevel": 0,
    "unk_4bfd602": 0,
    "unk_6c0cb90": 4294967295,
    "snoTraversalSurface": {
     "value": -1,
     "group": 43,
     "groupName": "Surface"
    },
    "unk_b0425e7": []
   }
  },
  {
   "__type__": "Marker",
   "__typeHash__": 3132676386,
   "dwHash": 1391208500,
   "nID": 2,
   "eType": 0,
   "transform": {
    "__type__": "PRTransform",
    "__typeHash__": 2588169118,
    "q": {
     "__type__": "bcQuat",
     "__typeHash__": 3955716320,
     "x": 0.058881569653749466,
     "y": -0.06425793468952179,
     "z": 0.7344716191291809,
     "w": 0.673019528388977
    },
    "wp": {
     "x": 17.66900062561035,
     "y": 3.4872100353240967,
     "z": 0.04463769868016243
    }
   },
   "snoname": {
    "value": 1038594,
    "group": 57,
    "groupName": "Material"
   },
   "dwMarkerFlags": 1024,
   "vecScale": {
    "x": 1,
    "y": 1,
    "z": 1
   },
   "ptBase": [
    {
     "__type__": "MarkerDecalData",
     "__typeHash__": 2650697781,
     "dwType": 2650697781,
     "dwPad": 0,
     "unk_1e3c3c3": 0,
     "flAngleThreshold": 3.1415927410125732,
     "unk_18f0908": 0,
     "unk_ec8f2d4": 0,
     "unk_b0425e7": []
    }
   ],
   "ptGroupData": [],
   "ptMarkerLinks": [],
   "unk_c339f69": -1,
   "dwSeed": 0,
   "tPrefabData": {
    "__type__": "PrefabData",
    "__typeHash__": 3988626058,
    "dwFlags": 0,
    "unk_32bf9c6": 0,
    "eFadeMethod": 0,
    "nFadeGroup": 0,
    "unk_d094b9a": 0,
    "eCullingLevel": 0,
    "unk_4bfd602": 0,
    "unk_6c0cb90": 4294967295,
    "snoTraversalSurface": {
     "value": -1,
     "group": 43,
     "groupName": "Surface"
    },
    "unk_b0425e7": []
   }
  },
  {
   "__type__": "Marker",
   "__typeHash__": 3132676386,
   "dwHash": 1391208501,
   "nID": 3,
   "eType": 0,
   "transform": {
    "__type__": "PRTransform",
    "__typeHash__": 2588169118,
    "q": {
     "__type__": "bcQuat",
     "__typeHash__": 3955716320,
     "x": 0,
     "y": 0.5000001192092896,
     "z": 0,
     "w": 0.8660253286361694
    },
    "wp": {
     "x": 21.053199768066406,
     "y": 12.007800102233887,
     "z": 4.631569862365723
    }
   },
   "snoname": {
    "value": 1038594,
    "group": 57,
    "groupName": "Material"
   },
   "dwMarkerFlags": 1024,
   "vecScale": {
    "x": 1,
    "y": 1,
    "z": 1
   },
   "ptBase": [
    {
     "__type__": "MarkerDecalData",
     "__typeHash__": 2650697781,
     "dwType": 2650697781,
     "dwPad": 0,
     "unk_1e3c3c3": 0,
     "flAngleThreshold": 3.1415927410125732,
     "unk_18f0908": 0,
     "unk_ec8f2d4": 0,
     "unk_b0425e7": []
    }
   ],
   "ptGroupData": [],
   "ptMarkerLinks": [],
   "unk_c339f69": -1,
   "dwSeed": 0,
   "tPrefabData": {
    "__type__": "PrefabData",
    "__typeHash__": 3988626058,
    "dwFlags": 0,
    "unk_32bf9c6": 0,
    "eFadeMethod": 0,
    "nFadeGroup": 0,
    "unk_d094b9a": 0,
    "eCullingLevel": 0,
    "unk_4bfd602": 0,
    "unk_6c0cb90": 4294967295,
    "snoTraversalSurface": {
     "value": -1,
     "group": 43,
     "groupName": "Surface"
    },
    "unk_b0425e7": []
   }
  },
  {
   "__type__": "Marker",
   "__typeHash__": 3132676386,
   "dwHash": 1393580342,
   "nID": 4,
   "eType": 0,
   "transform": {
    "__type__": "PRTransform",
    "__typeHash__": 2588169118,
    "q": {
     "__type__": "bcQuat",
     "__typeHash__": 3955716320,
     "x": 0,
     "y": 0.7071066498756409,
     "z": 0,
     "w": 0.70710688829422
    },
    "wp": {
     "x": 13.313300132751465,
     "y": 14.279999732971191,
     "z": 6.095739841461182
    }
   },
   "snoname": {
    "value": 1038596,
    "group": 57,
    "groupName": "Material"
   },
   "dwMarkerFlags": 1024,
   "vecScale": {
    "x": 1,
    "y": 1,
    "z": 0.11131100356578827
   },
   "ptBase": [
    {
     "__type__": "MarkerDecalData",
     "__typeHash__": 2650697781,
     "dwType": 2650697781,
     "dwPad": 0,
     "unk_1e3c3c3": 0,
     "flAngleThreshold": 3.1415927410125732,
     "unk_18f0908": 0,
     "unk_ec8f2d4": 0,
     "unk_b0425e7": []
    }
   ],
   "ptGroupData": [],
   "ptMarkerLinks": [],
   "unk_c339f69": -1,
   "dwSeed": 0,
   "tPrefabData": {
    "__type__": "PrefabData",
    "__typeHash__": 3988626058,
    "dwFlags": 0,
    "unk_32bf9c6": 0,
    "eFadeMethod": 0,
    "nFadeGroup": 0,
    "unk_d094b9a": 0,
    "eCullingLevel": 0,
    "unk_4bfd602": 0,
    "unk_6c0cb90": 4294967295,
    "snoTraversalSurface": {
     "value": -1,
     "group": 43,
     "groupName": "Surface"
    },
    "unk_b0425e7": []
   }
  },
  {
   "__type__": "Marker",
   "__typeHash__": 3132676386,
   "dwHash": 1395952184,
   "nID": 5,
   "eType": 0,
   "transform": {
    "__type__": "PRTransform",
    "__typeHash__": 2588169118,
    "q": {
     "__type__": "bcQuat",
     "__typeHash__": 3955716320,
     "x": -0.15304605662822723,
     "y": 0.6903461217880249,
     "z": 0.15304577350616455,
     "w": 0.6903449296951294
    },
    "wp": {
     "x": 8.569560050964355,
     "y": 29.571300506591797,
     "z": 10.499500274658203
    }
   },
   "snoname": {
    "value": 1038598,
    "group": 57,
    "groupName": "Material"
   },
   "dwMarkerFlags": 1024,
   "vecScale": {
    "x": 0.6571540236473083,
    "y": 0.6571540236473083,
    "z": 1
   },
   "ptBase": [
    {
     "__type__": "MarkerDecalData",
     "__typeHash__": 2650697781,
     "dwType": 2650697781,
     "dwPad": 0,
     "unk_1e3c3c3": 0,
     "flAngleThreshold": 3.1415927410125732,
     "unk_18f0908": 0,
     "unk_ec8f2d4": 0,
     "unk_b0425e7": []
    }
   ],
   "ptGroupData": [],
   "ptMarkerLinks": [],
   "unk_c339f69": -1,
   "dwSeed": 0,
   "tPrefabData": {
    "__type__": "PrefabData",
    "__typeHash__": 3988626058,
    "dwFlags": 0,
    "unk_32bf9c6": 0,
    "eFadeMethod": 0,
    "nFadeGroup": 0,
    "unk_d094b9a": 0,
    "eCullingLevel": 0,
    "unk_4bfd602": 0,
    "unk_6c0cb90": 4294967295,
    "snoTraversalSurface": {
     "value": -1,
     "group": 43,
     "groupName": "Surface"
    },
    "unk_b0425e7": []
   }
  },
  {
   "__type__": "Marker",
   "__typeHash__": 3132676386,
   "dwHash": 1724810325,
   "nID": 6,
   "eType": 0,
   "transform": {
    "__type__": "PRTransform",
    "__typeHash__": 2588169118,
    "q": {
     "__type__": "bcQuat",
     "__typeHash__": 3955716320,
     "x": 0,
     "y": 0.46174871921539307,
     "z": 0,
     "w": 0.8870107531547546
    },
    "wp": {
     "x": 8.562390327453613,
     "y": 30.73889923095703,
     "z": 9.852399826049805
    }
   },
   "snoname": {
    "value": 1038591,
    "group": 57,
    "groupName": "Material"
   },
   "dwMarkerFlags": 1024,