{
 "__fileName__": "data/base/meta/MarkerSet/QST_Step_BloodAndSweat_Composition_SP.mrk",
 "__snoID__": 1439474,
 "__type__": "MarkerSetDefinition",
 "__typeHash__": 4093179991,
 "tMarkerSet": [
  {
   "__type__": "Marker",
   "__typeHash__": 3132676386,
   "dwHash": 123843693,
   "nID": 1,
   "eType": 0,
   "transform": {
    "__type__": "PRTransform",
    "__typeHash__": 2588169118,
    "q": {
     "__type__": "bcQuat",
     "__typeHash__": 3955716320,
     "x": -0.004045217763632536,
     "y": 0.001979672582820058,
     "z": -0.21428966522216797,
     "w": 0.9767598509788513
    },
    "wp": {
     "x": 0.00585938012227416,
     "y": -0.02586360089480877,
     "z": 0.0054451897740364075
    }
   },
   "snoname": {
    "value": 1439403,
    "group": 1,
    "groupName": "Actor",
    "type": "sno",
    "name": "QST_Step_Scroll_Alchemy_02"
   },
   "dwMarkerFlags": 1410,
   "vecScale": {
    "x": 1,
    "y": 1,
    "z": 1
   },
   "ptBase": [
    {
     "__type__": "MarkerActorData",
     "__typeHash__": 2780317717,
     "dwType": 2780317717,
     "dwPad": 0,
     "szLookName": 0,
     "unk_6c0cb90": 4294967295,
     "unk_d897a3": 0,
     "eFadeMethod": 0,
     "nFadeGroup": 0,
     "unk_d094b9a": 1,
     "unk_529dc44": 2,
     "eActorType": 5,
     "eGizmoType": -1,
     "unk_940ff8e": 0,
     "ptServerData": [],
     "ptMonsterActorData": [],
     "ptActorGizmoData": [],
     "unk_6a0a118": [],
     "unk_df84c5d": [],
     "unk_ff96acb": 0,
     "unk_b0425e7": [],
     "unk_c627b16": 0
    }
   ],
   "ptGroupData": [],
   "ptMarkerLinks": [],
   "unk_c339f69": -1,
   "dwSeed": 0,
   "tPrefabData": {
    "__type__": "PrefabData",
    "__typeHash__": 3988626058,
    "dwFlags": 0,
    "unk_32bf9c6": 0,
    "eFadeMethod": 0,
    "nFadeGroup": 0,
    "unk_d094b9a": 0,
    "eCullingLevel": 0,
    "unk_4bfd602": 0,
    "unk_6c0cb90": 4294967295,
    "snoTraversalSurface": {
     "value": -1,
     "group": 43,
     "groupName": "Surface",
     "type": "sno"
    },
    "unk_b0425e7": []
   }
  },
  {
   "__type__": "Marker",
   "__typeHash__": 3132676386,
   "dwHash": 126215535,
   "nID": 2,
   "eType": 0,
   "transform": {
    "__type__": "PRTransform",
    "__typeHash__": 2588169118,
    "q": {
     "__type__": "bcQuat",
     "__typeHash__": 3955716320,
     "x": -0.006973860319703817,
     "y": 0.02838682383298874,
     "z": 0.8735190629959106,
     "w": 0.48591145873069763
    },
    "wp": {
     "x": -0.05433660000562668,
     "y": -0.1643030047416687,
     "z": 0.004488829988986254
    }
   },
   "snoname": {
    "value": 1439406,
    "group": 1,
    "groupName": "Actor",
    "type": "sno",
    "name": "QST_Step_Scroll_Alchemy_04"
   },
   "dwMarkerFlags": 1410,
   "vecScale": {
    "x": 1,
    "y": 1,
    "z": 1
   },
   "ptBase": [
    {
     "__type__": "MarkerActorData",
     "__typeHash__": 2780317717,
     "dwType": 2780317717,
     "dwPad": 0,
     "szLookName": 0,
     "unk_6c0cb90": 4294967295,
     "unk_d897a3": 0,
     "eFadeMethod": 0,
     "nFadeGroup": 0,
     "unk_d094b9a": 1,
     "unk_529dc44": 2,
     "eActorType": 5,
     "eGizmoType": -1,
     "unk_940ff8e": 0,
     "ptServerData": [],
     "ptMonsterActorData": [],
     "ptActorGizmoData": [],
     "unk_6a0a118": [],
     "unk_df84c5d": [],
     "unk_ff96acb": 0,
     "unk_b0425e7": [],
     "unk_c627b16": 0
    }
   ],
   "ptGroupData": [],
   "ptMarkerLinks": [],
   "unk_c339f69": -1,
   "dwSeed": 0,
   "tPrefabData": {
    "__type__": "PrefabData",
    "__typeHash__": 3988626058,
    "dwFlags": 0,
    "unk_32bf9c6": 0,
    "eFadeMethod": 0,
    "nFadeGroup": 0,
    "unk_d094b9a": 0,
    "eCullingLevel": 0,
    "unk_4bfd602": 0,
    "unk_6c0cb90": 4294967295,
    "snoTraversalSurface": {
     "value": -1,
     "group": 43,
     "groupName": "Surface",
     "type": "sno"
    },
    "unk_b0425e7": []
   }
  },
  {
   "__type__": "Marker",
   "__typeHash__": 3132676386,
   "dwHash": 126215537,
   "nID": 3,
   "eType": 0,
   "transform": {
    "__type__": "PRTransform",
    "__typeHash__": 2588169118,
    "q": {
     "__type__": "bcQuat",
     "__typeHash__": 3955716320,
     "x": -0.004286235198378563,
     "y": -0.004730283748358488,
     "z": 0.011113859713077545,
     "w": 0.9999179244041443
    },
    "wp": {
     "x": -0.11873599886894226,
     "y": 0.11503200232982635,
     "z": 0.00043901600292883813
    }
   },
   "snoname": {
    "value": 1439406,
    "group": 1,
    "groupName": "Actor",
    "type": "sno",
    "name": "QST_Step_Scroll_Alchemy_04"
   },
   "dwMarkerFlags": 1410,
   "vecScale": {
    "x": 1,
    "y": 1,
    "z": 0.6464669704437256
   },
   "ptBase": [
    {
     "__type__": "MarkerActorData",
     "__typeHash__": 2780317717,
     "dwType": 2780317717,
     "dwPad": 0,
     "szLookName": 0,
     "unk_6c0cb90": 4294967295,
     "unk_d897a3": 0,
     "eFadeMethod": 0,
     "nFadeGroup": 0,
     "unk_d094b9a": 1,
     "unk_529dc44": 2,
     "eActorType": 5,
     "eGizmoType": -1,
     "unk_940ff8e": 0,
     "ptServerData": [],
     "ptMonsterActorData": [],
     "ptActorGizmoData": [],
     "unk_6a0a118": [],
     "unk_df84c5d": [],
     "unk_ff96acb": 0,
     "unk_b0425e7": [],
     "unk_c627b16": 0
    }
   ],
   "ptGroupData": [],
   "ptMarkerLinks": [],
   "unk_c339f69": -1,
   "dwSeed": 0,
   "tPrefabData": {
    "__type__": "PrefabData",
    "__typeHash__": 3988626058,
    "dwFlags": 0,
    "unk_32bf9c6": 0,
    "eFadeMethod": 0,
    "nFadeGroup": 0,
    "unk_d094b9a": 0,
    "eCullingLevel": 0,
    "unk_4bfd602": 0,
    "unk_6c0cb90": 4294967295,
    "snoTraversalSurface": {
     "value": -1,
     "group": 43,
     "groupName": "Surface",
     "type": "sno"
    },
    "unk_b0425e7": []
   }
  },
  {
   "__type__": "Marker",
   "__typeHash__": 3132676386,
   "dwHash": 1908341149,
   "nID": 4,
   "eType": 0,
   "transform": {
    "__type__": "PRTransform",
    "__typeHash__": 2588169118,
    "q": {
     "__type__": "bcQuat",
     "__typeHash__": 3955716320,
     "x": 8.488935110406715e-10,
     "y": -1.007028460620063e-9,
     "z": -0.5646334290504456,
     "w": 0.8253418207168579
    },
    "wp": {
     "x": -0.08484649658203125,
     "y": -0.07814030349254608,
     "z": 0.014856100082397461
    }
   },
   "snoname": {
    "value": 938578,
    "group": 1,
    "groupName": "Actor",
    "type": "sno",
    "name": "Decal_Spawner_Blood_16_Dried"
   },
   "dwMarkerFlags": 2,
   "vecScale": {
    "x": 0.8773800134658813,
    "y": 0.8773800134658813,
    "z": 0.8773800134658813
   },
   "ptBase": [
    {
     "__type__": "MarkerActorData",
     "__typeHash__": 2780317717,
     "dwType": 2780317717,
     "dwPad": 0,
     "szLookName": 0,
     "unk_6c0cb90": 4294967295,
     "unk_d897a3": 0,
     "eFadeMethod": 0,
     "nFadeGroup": 0,
     "unk_d094b9a": 1,
     "unk_529dc44": 2,
     "eActorType": 4,
     "eGizmoType": -1,
     "unk_940ff8e": 0,
     "ptServerData": [
      {
       "__type__": "Type_b5a98293",
       "__typeHash__": 3047785107,
       "unk_61aa893": 0,
       "snoScript": [],
       "unk_ebb20cd": {
        "value": -1,
        "group": 12,
        "groupName": "Conversation",
        "type": "sno"
       },
       "unk_cb8d889": {
        "value": -1,
        "group": 13,
        "groupName": "ConverationList",
        "type": "sno"
       },
       "unk_6bf9013": {
        "value": -1,
        "group": 62,
        "groupName": "Music",
        "type": "sno"
       },
       "unk_6bc1c5f": {
        "value": -1,
        "group": 29,
        "groupName": "Power",
        "type": "sno"
       },
       "unk_cdb454b": {
        "value": -1,
        "group": 1,
        "groupName": "Actor",
        "type": "sno"
       },
       "arActorGroups": [],
       "unk_b5b0f9a": [],
       "unk_a5973cc": 0,
       "unk_ba8fd29": {
        "value": -1,
        "group": 51,
        "groupName": "Condition",
        "type": "sno"
       },
       "unk_a88b003": {
        "value": -1,
        "group": 29,
        "groupName": "Power",