{
 "__fileName__": "data/base/meta/MarkerSet/Sanctuary_Eastern_Continent_N02_W03 (Props).mrk",
 "__snoID__": 86687,
 "__type__": "MarkerSetDefinition",
 "__typeHash__": 4093179991,
 "tMarkerSet": [
  {
   "__type__": "Marker",
   "__typeHash__": 3132676386,
   "dwHash": 420946648,
   "nID": 1,
   "eType": 0,
   "transform": {
    "__type__": "PRTransform",
    "__typeHash__": 2588169118,
    "q": {
     "__type__": "bcQuat",
     "__typeHash__": 3955716320,
     "x": -0.06969787180423737,
     "y": -0.021273689344525337,
     "z": -0.251708984375,
     "w": 0.9650556445121765
    },
    "wp": {
     "x": 86.4999008178711,
     "y": 32.36029815673828,
     "z": 11.21619987487793
    }
   },
   "snoname": {
    "value": 1326042,
    "group": 1,
    "groupName": "Actor",
    "type": "sno",
    "name": "KehjistanHU_DebrisPile_Corner_2x2_06_Arrangement_Proximity"
   },
   "dwMarkerFlags": 0,
   "vecScale": {
    "x": 1,
    "y": 1,
    "z": 1
   },
   "ptBase": [
    {
     "__type__": "MarkerActorData",
     "__typeHash__": 2780317717,
     "dwType": 2780317717,
     "dwPad": 0,
     "szLookName": 0,
     "unk_6c0cb90": 4294967295,
     "unk_d897a3": 0,
     "eFadeMethod": 0,
     "nFadeGroup": 0,
     "unk_d094b9a": 0,
     "unk_529dc44": 2,
     "eActorType": 3,
     "eGizmoType": -1,
     "unk_940ff8e": 0,
     "ptServerData": [],
     "ptMonsterActorData": [],
     "ptActorGizmoData": [],
     "unk_6a0a118": [],
     "unk_df84c5d": [],
     "unk_ff96acb": 0,
     "unk_b0425e7": [],
     "unk_c627b16": 0
    }
   ],
   "ptGroupData": [],
   "ptMarkerLinks": [],
   "unk_c339f69": -1,
   "dwSeed": 0,
   "tPrefabData": {
    "__type__": "PrefabData",
    "__typeHash__": 3988626058,
    "dwFlags": 0,
    "unk_32bf9c6": 0,
    "eFadeMethod": 0,
    "nFadeGroup": 0,
    "unk_d094b9a": 0,
    "eCullingLevel": 0,
    "unk_4bfd602": 0,
    "unk_6c0cb90": 4294967295,
    "snoTraversalSurface": {
     "value": -1,
     "group": 43,
     "groupName": "Surface",
     "type": "sno"
    },
    "unk_b0425e7": []
   }
  },
  {
   "__type__": "Marker",
   "__typeHash__": 3132676386,
   "dwHash": 94243735,
   "nID": 2,
   "eType": 0,
   "transform": {
    "__type__": "PRTransform",
    "__typeHash__": 2588169118,
    "q": {
     "__type__": "bcQuat",
     "__typeHash__": 3955716320,
     "x": 0.018396643921732903,
     "y": -0.08616580814123154,
     "z": 0.025239622220396996,
     "w": 0.9957911968231201
    },
    "wp": {
     "x": 85.70079803466797,
     "y": 34.78010177612305,
     "z": 11.175700187683105
    }
   },
   "snoname": {
    "value": 1325924,
    "group": 1,
    "groupName": "Actor",
    "type": "sno",
    "name": "KehjistanHU_DebrisPile_Corner_2x2_05_Arrangement_Proximity"
   },
   "dwMarkerFlags": 0,
   "vecScale": {
    "x": 1,
    "y": 1,
    "z": 1
   },
   "ptBase": [
    {
     "__type__": "MarkerActorData",
     "__typeHash__": 2780317717,
     "dwType": 2780317717,
     "dwPad": 0,
     "szLookName": 0,
     "unk_6c0cb90": 4294967295,
     "unk_d897a3": 0,
     "eFadeMethod": 0,
     "nFadeGroup": 0,
     "unk_d094b9a": 0,
     "unk_529dc44": 2,
     "eActorType": 3,
     "eGizmoType": -1,
     "unk_940ff8e": 0,
     "ptServerData": [],
     "ptMonsterActorData": [],
     "ptActorGizmoData": [],
     "unk_6a0a118": [],
     "unk_df84c5d": [],
     "unk_ff96acb": 0,
     "unk_b0425e7": [],
     "unk_c627b16": 0
    }
   ],
   "ptGroupData": [],
   "ptMarkerLinks": [],
   "unk_c339f69": -1,
   "dwSeed": 0,
   "tPrefabData": {
    "__type__": "PrefabData",
    "__typeHash__": 3988626058,
    "dwFlags": 0,
    "unk_32bf9c6": 0,
    "eFadeMethod": 0,
    "nFadeGroup": 0,
    "unk_d094b9a": 0,
    "eCullingLevel": 0,
    "unk_4bfd602": 0,
    "unk_6c0cb90": 4294967295,
    "snoTraversalSurface": {
     "value": -1,
     "group": 43,
     "groupName": "Surface",
     "type": "sno"
    },
    "unk_b0425e7": []
   }
  },
  {
   "__type__": "Marker",
   "__typeHash__": 3132676386,
   "dwHash": 1851330844,
   "nID": 3,
   "eType": 0,
   "transform": {
    "__type__": "PRTransform",
    "__typeHash__": 2588169118,
    "q": {
     "__type__": "bcQuat",
     "__typeHash__": 3955716320,
     "x": 0.09278002381324768,
     "y": -0.0052421363070607185,
     "z": -0.5553330183029175,
     "w": 0.8264197111129761
    },
    "wp": {
     "x": 92.98560333251953,
     "y": 20.561399459838867,
     "z": 12.538599967956543
    }
   },
   "snoname": {
    "value": 1180440,
    "group": 1,
    "groupName": "Actor",
    "type": "sno",
    "name": "KehjistanHU_Wagon_Destroyed_Edge_2x4_05_Arrangement"
   },
   "dwMarkerFlags": 0,
   "vecScale": {
    "x": 1,
    "y": 1,
    "z": 1
   },
   "ptBase": [
    {
     "__type__": "MarkerActorData",
     "__typeHash__": 2780317717,
     "dwType": 2780317717,
     "dwPad": 0,
     "szLookName": 0,
     "unk_6c0cb90": 4294967295,
     "unk_d897a3": 0,
     "eFadeMethod": 0,
     "nFadeGroup": 0,
     "unk_d094b9a": 1,
     "unk_529dc44": 2,
     "eActorType": 2,
     "eGizmoType": 48,
     "unk_940ff8e": 0,
     "ptServerData": [
      {
       "__type__": "Type_b5a98293",
       "__typeHash__": 3047785107,
       "unk_61aa893": 0,
       "snoScript": [],
       "unk_ebb20cd": {
        "value": -1,
        "group": 12,
        "groupName": "Conversation",
        "type": "sno"
       },
       "unk_cb8d889": {
        "value": -1,
        "group": 13,
        "groupName": "ConverationList",
        "type": "sno"
       },
       "unk_6bf9013": {
        "value": -1,
        "group": 62,
        "groupName": "Music",
        "type": "sno"
       },
       "unk_6bc1c5f": {
        "value": -1,
        "group": 29,
        "groupName": "Power",
        "type": "sno"
       },
       "unk_cdb454b": {
        "value": -1,
        "group": 1,
        "groupName": "Actor",
        "type": "sno"
       },
       "arActorGroups": [],
       "unk_b5b0f9a": [],
       "unk_a5973cc": 0,
       "unk_ba8fd29": {
        "value": -1,
        "group": 51,
        "groupName": "Condition",
        "type": "sno"
       },
       "unk_a88b003": {
        "value": -1,
        "group": 29,
        "groupName": "Power",
        "type": "sno"
       }
      }
     ],
     "ptMonsterActorData": [],
     "ptActorGizmoData": [
      {
       "__type__": "MarkerActorGizmoData",
       "__typeHash__": 3464528123,
       "ptDoorGizmoData": [],
       "unk_fb42747": [],
       "unk_70d0dc0": [],
       "unk_ac84ca4": [],
       "unk_b64cb67": [],
       "unk_83131fe": [],
       "ptChestGizmoData": [],
       "ptSpawnerGizmoData": [],
       "ptPortalGizmoData": [],
       "unk_f441be6": [],
       "unk_542a67d": [],
       "ptProxData": [],
       "unk_604a84d": [],
       "ptGizmoConditionData": [
        {
         "__type__": "GizmoConditionData",
         "__typeHash__": 2664386791,
         "snoGizmoCondition": {
          "value": -1,
          "group": 51,
          "groupName": "Condition",
          "type": "sno"
         }
        }
       ],
       "ptMarkerBaseGizmoData": [
        {
         "__type__": "MarkerBaseGizmoData",
         "__typeHash__": 598155613,
         "unk_bf69fb1": 0,
         "unk_2387505": 0
        }
       ],
       "unk_ebfdb39": [
        {
         "__type__": "Type_7324c6f7",
         "__typeHash__": 1931790071,
         "unk_54513b8": 0
        }
       ],
       "ptWaypointGizmoData": [],
       "ptHiddenCacheGizmoData": []
      }
     ],
     "unk_6a0a118": [],
     "unk_df84c5d": [],
     "unk_ff96acb": 0,
     "unk_b0425e7": [],
     "unk_c627b16": 0
    }
   ],
   "ptGroupData": [],
   "ptMarkerLinks": [],
   "unk_c339f69": -1,
   "dwSeed": 0,
   "tPrefabData": {
    "__type__": "PrefabData",
    "__typeHash__": 3988626058,
    "dwFlags": 0,
    "unk_32bf9c6": 0,
    "eFadeMethod": 0,
    "nFadeGroup": 0,
    "unk_d094b9a": 0,
    "eCullingLevel": 0,
    "unk_4bfd602": 0,
    "unk_6c0cb90": 4294967295,
    "snoTraversalSurface": {
     "value": -1,
     "group": 43,
     "groupName": "Surface",