{
 "__fileName__": "data/base/meta/MarkerSet/Sanctuary_Eastern_Continent_N23_W05 (Lighting).mrk",
 "__snoID__": 72323,
 "__type__": "MarkerSetDefinition",
 "__typeHash__": 4093179991,
 "tMarkerSet": [
  {
   "__type__": "Marker",
   "__typeHash__": 3132676386,
   "dwHash": 731034645,
   "nID": 13,
   "eType": 0,
   "transform": {
    "__type__": "PRTransform",
    "__typeHash__": 2588169118,
    "q": {
     "__type__": "bcQuat",
     "__typeHash__": 3955716320,
     "x": 0,
     "y": 0,
     "z": 0.43287089467048645,
     "w": 0.9014559388160706
    },
    "wp": {
     "x": 21.091299057006836,
     "y": 9.418330192565918,
     "z": 1.84660005569458
    }
   },
   "snoname": {
    "value": 55638,
    "group": 76,
    "groupName": "FogVolume",
    "type": "sno",
    "name": "Default_FogVolume"
   },
   "dwMarkerFlags": 0,
   "vecScale": {
    "x": 42,
    "y": 24,
    "z": 7.903510093688965
   },
   "ptBase": [
    {
     "__type__": "MarkerFogVolumeData",
     "__typeHash__": 135947440,
     "dwType": 135947440,
     "dwPad": 0,
     "tInstanceData": {
      "__type__": "Type_3248a683",
      "__typeHash__": 843622019,
      "eShape": 1,
      "flDensity": 1,
      "flHeightScale": 1.422631859779358,
      "unk_e596c58": 0.7799999713897705,
      "unk_5050283": 0.38999998569488525,
      "unk_6b7a77": -0.3199999928474426,
      "flEmissive": 0,
      "unk_9e04ce9": 0.5,
      "unk_b8a40f6": 0.10000000149011612,
      "flFlowSpeed": 1,
      "flFlowPower": 1,
      "unk_b950bb6": 0.0476190485060215,
      "unk_b345994": 1,
      "unk_4d7c109": 1,
      "unk_29ac45": 1,
      "unk_9ecb4e4": 0,
      "unk_56127ed": 0,
      "unk_69cc0f4": 0.20000000298023224,
      "unk_5838de5": {
       "__type__": "Type_560ae4cf",
       "__typeHash__": 1443554511,
       "tHeader": {
        "__type__": "InterpolationPathHeader",
        "__typeHash__": 2520702334,
        "tLoopPointStart": 0,
        "tLoopPointEnd": 1,
        "nDistributionFunction": 0,
        "unk_2312508": 0,
        "arInterpScalar": [
         {
          "__type__": "InterpolationScalar",
          "__typeHash__": 991799518,
          "nScalarFunction": 0,
          "dwFlags": 1,
          "unk_2424d91": {
           "rangeValue1": 0,
           "rangeValue2": 1
          },
          "unk_c9a8e76": {
           "rangeValue1": 0,
           "rangeValue2": 1
          },
          "eRemapEasing": 0,
          "szFormulaName": 0
         }
        ],
        "dwFlags": 12
       },
       "ptArrayNodes": [
        {
         "__type__": "Type_977100c8",
         "__typeHash__": 2540765384,
         "tValueMin": {
          "r": 180,
          "g": 180,
          "b": 180,
          "a": 255
         },
         "tValueMax": {
          "r": 180,
          "g": 180,
          "b": 180,
          "a": 255
         },
         "tTime": 0
        }
       ]
      },
      "bUseMask": 1
     }
    }
   ],
   "ptGroupData": [],
   "ptMarkerLinks": [],
   "unk_c339f69": -1,
   "dwSeed": 0,
   "tPrefabData": {
    "__type__": "PrefabData",
    "__typeHash__": 3988626058,
    "dwFlags": 0,
    "unk_32bf9c6": 0,
    "eFadeMethod": 0,
    "nFadeGroup": 0,
    "unk_d094b9a": 0,
    "eCullingLevel": 0,
    "unk_4bfd602": 0,
    "unk_6c0cb90": 4294967295,
    "snoTraversalSurface": {
     "value": -1,
     "group": 43,
     "groupName": "Surface",
     "type": "sno"
    },
    "unk_b0425e7": []
   }
  },
  {
   "__type__": "Marker",
   "__typeHash__": 3132676386,
   "dwHash": 2328534794,
   "nID": 17,
   "eType": 4,
   "transform": {
    "__type__": "PRTransform",
    "__typeHash__": 2588169118,
    "q": {
     "__type__": "bcQuat",
     "__typeHash__": 3955716320,
     "x": 0,
     "y": 0,
     "z": 0,
     "w": 1
    },
    "wp": {
     "x": 14.687999725341797,
     "y": 16.219900131225586,
     "z": 0.4674760103225708
    }
   },
   "snoname": {
    "value": -1,
    "group": -1,
    "groupName": "None",
    "type": "sno"
   },
   "dwMarkerFlags": 0,
   "vecScale": {
    "x": 24,
    "y": 24,
    "z": 24
   },
   "ptBase": [
    {
     "__type__": "MarkerReflectionProbeData",
     "__typeHash__": 962881663,
     "dwType": 962881663,
     "dwPad": 0,
     "unk_65aa6d9": 0,
     "unk_b950bb6": 0.949999988079071,
     "unk_fb8100e": 1.5,
     "snoTexture": {
      "value": -1,
      "group": 44,
      "groupName": "Texture",
      "type": "sno"
     },
     "unk_284ec52": {
      "__type__": "bcQuat",
      "__typeHash__": 3955716320,
      "x": 0,
      "y": 0,
      "z": 0,
      "w": 1
     },
     "unk_340c842": 0,
     "fHighQuality": 0,
     "unk_4f5b254": {
      "x": 0,
      "y": 0,
      "z": 0
     },
     "unk_56127ed": 0
    }
   ],
   "ptGroupData": [],
   "ptMarkerLinks": [],
   "unk_c339f69": -1,
   "dwSeed": 0,
   "tPrefabData": {
    "__type__": "PrefabData",
    "__typeHash__": 3988626058,
    "dwFlags": 0,
    "unk_32bf9c6": 0,
    "eFadeMethod": 0,
    "nFadeGroup": 0,
    "unk_d094b9a": 0,
    "eCullingLevel": 0,
    "unk_4bfd602": 0,
    "unk_6c0cb90": 4294967295,
    "snoTraversalSurface": {
     "value": -1,
     "group": 43,
     "groupName": "Surface",
     "type": "sno"
    },
    "unk_b0425e7": []
   }
  },
  {
   "__type__": "Marker",
   "__typeHash__": 3132676386,
   "dwHash": 3484048412,
   "nID": 39,
   "eType": 0,
   "transform": {
    "__type__": "PRTransform",
    "__typeHash__": 2588169118,
    "q": {
     "__type__": "bcQuat",
     "__typeHash__": 3955716320,
     "x": -0.004699441138654947,
     "y": -0.027760695666074753,
     "z": 0.02155311033129692,
     "w": 0.9993712306022644
    },
    "wp": {
     "x": 57.22269821166992,
     "y": 93.00779724121094,
     "z": 6.082759857177734
    }
   },
   "snoname": {
    "value": 55638,
    "group": 76,
    "groupName": "FogVolume",
    "type": "sno",
    "name": "Default_FogVolume"
   },
   "dwMarkerFlags": 0,
   "vecScale": {
    "x": 27.135099411010742,
    "y": 14.303500175476074,
    "z": 4
   },
   "ptBase": [
    {
     "__type__": "MarkerFogVolumeData",
     "__typeHash__": 135947440,
     "dwType": 135947440,
     "dwPad": 0,
     "tInstanceData": {
      "__type__": "Type_3248a683",
      "__typeHash__": 843622019,
      "eShape": 1,
      "flDensity": 1,
      "flHeightScale": 1.399999976158142,
      "unk_e596c58": 0.3100000023841858,
      "unk_5050283": 0.38999998569488525,
      "unk_6b7a77": -0.550000011920929,
      "flEmissive": 0,
      "unk_9e04ce9": 0.5,
      "unk_b8a40f6": 0.10000000149011612,
      "flFlowSpeed": 1,
      "flFlowPower": 1,
      "unk_b950bb6": 0.0737052783370018,
      "unk_b345994": 1,
      "unk_4d7c109": 1,
      "unk_29ac45": 1,
      "unk_9ecb4e4": 0,
      "unk_56127ed": 0,
      "unk_69cc0f4": 0.009999999776482582,
      "unk_5838de5": {
       "__type__": "Type_560ae4cf",
       "__typeHash__": 1443554511,
       "tHeader": {
        "__type__": "InterpolationPathHeader",
        "__typeHash__": 2520702334,
        "tLoopPointStart": 0,
        "tLoopPointEnd": 1,
        "nDistributionFunction": 0,
        "unk_2312508": 0,
        "arInterpScalar": [
         {
          "__type__": "InterpolationScalar",
          "__typeHash__": 991799518,
          "nScalarFunction": 0,
          "dwFlags": 1,
          "unk_2424d91": {
           "rangeValue1": 0,
           "rangeValue2": 1
          },
          "unk_c9a8e76": {
           "rangeValue1": 0,
           "rangeValue2": 1
          },
          "eRemapEasing": 0,
          "szFormulaName": 0
         }
        ],
        "dwFlags": 12
       },
       "ptArrayNodes": [
        {
         "__type__": "Type_977100c8",
         "__typeHash__": 2540765384,
         "tValueMin": {
          "r": 180,
          "g": 180,
          "b": 180,
          "a": 255
         },
         "tValueMax": {
          "r": 180,
          "g": 180,
          "b": 180,
          "a": 255
         },
         "tTime": 0
        }
       ]
      },
      "bUseMask": 1
     }
    }
   ],
   "ptGroupData": [],
   "ptMarkerLinks": [],