{
 "__fileName__": "data/base/meta/MarkerSet/Sanctuary_Eastern_Continent_N16_E05 (Game).mrk",
 "__snoID__": 75551,
 "__type__": "MarkerSetDefinition",
 "__typeHash__": 4093179991,
 "tMarkerSet": [
  {
   "__type__": "Marker",
   "__typeHash__": 3132676386,
   "dwHash": 2081281998,
   "nID": 701,
   "eType": 0,
   "transform": {
    "__type__": "PRTransform",
    "__typeHash__": 2588169118,
    "q": {
     "__type__": "bcQuat",
     "__typeHash__": 3955716320,
     "x": 0,
     "y": 0,
     "z": -0.1652645766735077,
     "w": -0.9862493276596069
    },
    "wp": {
     "x": 74.63813781738281,
     "y": 44.907203674316406,
     "z": 76.29327392578125
    }
   },
   "snoname": {
    "value": 495015,
    "group": 24,
    "groupName": "MarkerSet",
    "type": "sno",
    "name": "Frac_Road_Decal_A"
   },
   "dwMarkerFlags": 32,
   "vecScale": {
    "x": 0.8114008903503418,
    "y": 0.8114008903503418,
    "z": 0.8114008903503418
   },
   "ptBase": [],
   "ptGroupData": [],
   "ptMarkerLinks": [],
   "unk_c339f69": -1,
   "dwSeed": 0,
   "tPrefabData": {
    "__type__": "PrefabData",
    "__typeHash__": 3988626058,
    "dwFlags": 16,
    "unk_32bf9c6": 3,
    "eFadeMethod": 0,
    "nFadeGroup": 0,
    "unk_d094b9a": 0,
    "eCullingLevel": 0,
    "unk_4bfd602": 0,
    "unk_6c0cb90": 4294967295,
    "snoTraversalSurface": {
     "value": -1,
     "group": 43,
     "groupName": "Surface",
     "type": "sno"
    },
    "unk_b0425e7": []
   }
  },
  {
   "__type__": "Marker",
   "__typeHash__": 3132676386,
   "dwHash": 731493455,
   "nID": 702,
   "eType": 0,
   "transform": {
    "__type__": "PRTransform",
    "__typeHash__": 2588169118,
    "q": {
     "__type__": "bcQuat",
     "__typeHash__": 3955716320,
     "x": 0,
     "y": 0,
     "z": -0.1628754585981369,
     "w": -0.9866466522216797
    },
    "wp": {
     "x": 74.06040954589844,
     "y": 46.52518844604492,
     "z": 76.0000228881836
    }
   },
   "snoname": {
    "value": 495463,
    "group": 24,
    "groupName": "MarkerSet",
    "type": "sno",
    "name": "Frac_Road_Decal_B"
   },
   "dwMarkerFlags": 32,
   "vecScale": {
    "x": 0.8308511972427368,
    "y": 0.8308511972427368,
    "z": 0.8308511972427368
   },
   "ptBase": [],
   "ptGroupData": [],
   "ptMarkerLinks": [],
   "unk_c339f69": -1,
   "dwSeed": 0,
   "tPrefabData": {
    "__type__": "PrefabData",
    "__typeHash__": 3988626058,
    "dwFlags": 16,
    "unk_32bf9c6": 3,
    "eFadeMethod": 0,
    "nFadeGroup": 0,
    "unk_d094b9a": 1,
    "eCullingLevel": 0,
    "unk_4bfd602": 0,
    "unk_6c0cb90": 4294967295,
    "snoTraversalSurface": {
     "value": -1,
     "group": 43,
     "groupName": "Surface",
     "type": "sno"
    },
    "unk_b0425e7": []
   }
  },
  {
   "__type__": "Marker",
   "__typeHash__": 3132676386,
   "dwHash": 3676672208,
   "nID": 703,
   "eType": 0,
   "transform": {
    "__type__": "PRTransform",
    "__typeHash__": 2588169118,
    "q": {
     "__type__": "bcQuat",
     "__typeHash__": 3955716320,
     "x": 0,
     "y": 0,
     "z": -0.0766480565071106,
     "w": -0.9970582723617554
    },
    "wp": {
     "x": 73.6385726928711,
     "y": 48.2510986328125,
     "z": 75.74691009521484
    }
   },
   "snoname": {
    "value": 495480,
    "group": 24,
    "groupName": "MarkerSet",
    "type": "sno",
    "name": "Frac_Road_Decal_C"
   },
   "dwMarkerFlags": 32,
   "vecScale": {
    "x": 0.8916531801223755,
    "y": 0.8916531801223755,
    "z": 0.8916531801223755
   },
   "ptBase": [],
   "ptGroupData": [],
   "ptMarkerLinks": [],
   "unk_c339f69": -1,
   "dwSeed": 0,
   "tPrefabData": {
    "__type__": "PrefabData",
    "__typeHash__": 3988626058,
    "dwFlags": 16,
    "unk_32bf9c6": 3,
    "eFadeMethod": 0,
    "nFadeGroup": 0,
    "unk_d094b9a": 1,
    "eCullingLevel": 0,
    "unk_4bfd602": 0,
    "unk_6c0cb90": 4294967295,
    "snoTraversalSurface": {
     "value": -1,
     "group": 43,
     "groupName": "Surface",
     "type": "sno"
    },
    "unk_b0425e7": []
   }
  },
  {
   "__type__": "Marker",
   "__typeHash__": 3132676386,
   "dwHash": 2326883665,
   "nID": 704,
   "eType": 0,
   "transform": {
    "__type__": "PRTransform",
    "__typeHash__": 2588169118,
    "q": {
     "__type__": "bcQuat",
     "__typeHash__": 3955716320,
     "x": 0,
     "y": 0,
     "z": 0.008469256572425365,
     "w": -0.99996417760849
    },
    "wp": {
     "x": 73.54942321777344,
     "y": 50.0261116027832,
     "z": 75.52799224853516
    }
   },
   "snoname": {
    "value": 1266789,
    "group": 24,
    "groupName": "MarkerSet",
    "type": "sno",
    "name": "Frac_Road_Decal_A_2"
   },
   "dwMarkerFlags": 32,
   "vecScale": {
    "x": 0.8129018545150757,
    "y": 0.8129018545150757,
    "z": 0.8129018545150757
   },
   "ptBase": [],
   "ptGroupData": [],
   "ptMarkerLinks": [],
   "unk_c339f69": -1,
   "dwSeed": 0,
   "tPrefabData": {
    "__type__": "PrefabData",
    "__typeHash__": 3988626058,
    "dwFlags": 16,
    "unk_32bf9c6": 3,
    "eFadeMethod": 0,
    "nFadeGroup": 0,
    "unk_d094b9a": 1,
    "eCullingLevel": 0,
    "unk_4bfd602": 0,
    "unk_6c0cb90": 4294967295,
    "snoTraversalSurface": {
     "value": -1,
     "group": 43,
     "groupName": "Surface",
     "type": "sno"
    },
    "unk_b0425e7": []
   }
  },
  {
   "__type__": "Marker",
   "__typeHash__": 3132676386,
   "dwHash": 977095122,
   "nID": 705,
   "eType": 0,
   "transform": {
    "__type__": "PRTransform",
    "__typeHash__": 2588169118,
    "q": {
     "__type__": "bcQuat",
     "__typeHash__": 3955716320,
     "x": 0,
     "y": 0,
     "z": 0.056367117911577225,
     "w": -0.998410165309906
    },
    "wp": {
     "x": 73.64742279052734,
     "y": 51.6613883972168,
     "z": 75.35807800292969
    }
   },
   "snoname": {
    "value": 1266786,
    "group": 24,
    "groupName": "MarkerSet",
    "type": "sno",
    "name": "Frac_Road_Decal_B_2"
   },
   "dwMarkerFlags": 32,
   "vecScale": {
    "x": 0.6862267255783081,
    "y": 0.6862267255783081,
    "z": 0.6862267255783081
   },
   "ptBase": [],
   "ptGroupData": [],
   "ptMarkerLinks": [],
   "unk_c339f69": -1,
   "dwSeed": 0,
   "tPrefabData": {
    "__type__": "PrefabData",
    "__typeHash__": 3988626058,
    "dwFlags": 16,
    "unk_32bf9c6": 3,
    "eFadeMethod": 0,
    "nFadeGroup": 0,
    "unk_d094b9a": 1,
    "eCullingLevel": 0,
    "unk_4bfd602": 0,
    "unk_6c0cb90": 4294967295,
    "snoTraversalSurface": {
     "value": -1,
     "group": 43,
     "groupName": "Surface",
     "type": "sno"
    },
    "unk_b0425e7": []
   }
  },
  {
   "__type__": "Marker",
   "__typeHash__": 3132676386,
   "dwHash": 3922273875,
   "nID": 706,
   "eType": 0,
   "transform": {
    "__type__": "PRTransform",
    "__typeHash__": 2588169118,
    "q": {
     "__type__": "bcQuat",
     "__typeHash__": 3955716320,
     "x": 0,
     "y": 0,
     "z": 0.10225341469049454,
     "w": -0.9947584271430969
    },
    "wp": {
     "x": 73.9222640991211,
     "y": 53.34018325805664,
     "z": 75.30013275146484
    }
   },
   "snoname": {
    "value": 1266783,
    "group": 24,
    "groupName": "MarkerSet",
    "type": "sno",
    "name": "Frac_Road_Decal_C_2"
   },
   "dwMarkerFlags": 32,
   "vecScale": {
    "x": 0.9066969156265259,
    "y": 0.9066969156265259,
    "z": 0.9066969156265259
   },
   "ptBase": [],
   "ptGroupData": [],
   "ptMarkerLinks": [],
   "unk_c339f69": -1,
   "dwSeed": 0,
   "tPrefabData": {
    "__type__": "PrefabData",
    "__typeHash__": 3988626058,
    "dwFlags": 16,
    "unk_32bf9c6": 3,
    "eFadeMethod": 0,
    "nFadeGroup": 0,
    "unk_d094b9a": 1,
    "eCullingLevel": 0,
    "unk_4bfd602": 0,
    "unk_6c0cb90": 4294967295,
    "snoTraversalSurface": {
     "value": -1,
     "group": 43,
     "groupName": "Surface",
     "type": "sno"
    },
    "unk_b0425e7": []
   }
  },
  {
   "__type__": "Marker",
   "__typeHash__": 3132676386,
   "dwHash": 2572485332,
   "nID": 707,
   "eType": 0,
   "transform": {
    "__type__": "PRTransform",
    "__typeHash__": 2588169118,