{
 "__fileName__": "base/meta/MarkerSet/Sanctuary_Eastern_Continent_N14_E01 (Lighting).mrk",
 "__snoID__": 69202,
 "__type__": "MarkerSetDefinition",
 "__typeHash__": 4093179991,
 "tMarkerSet": [
  {
   "__type__": "Marker",
   "__typeHash__": 3132676386,
   "dwHash": 463661007,
   "nID": 60,
   "eType": 5,
   "transform": {
    "__type__": "PRTransform",
    "__typeHash__": 2588169118,
    "q": {
     "__type__": "bcQuat",
     "__typeHash__": 3955716320,
     "x": 0.00893473718315363,
     "y": 0.002460203366354108,
     "z": 0.2675221562385559,
     "w": 0.9635072350502014
    },
    "wp": {
     "x": 88.693603515625,
     "y": 92.80069732666016,
     "z": 79.7020034790039
    }
   },
   "snoname": null,
   "dwMarkerFlags": 0,
   "dwMarkerFlagsEx": 0,
   "vecScale": {
    "x": 1,
    "y": 1,
    "z": 1
   },
   "ptBase": [],
   "ptGroupData": [],
   "ptMarkerLinks": [],
   "unk_c339f69": -1,
   "dwSeed": 0,
   "tPrefabData": {
    "__type__": "PrefabData",
    "__typeHash__": 3988626058,
    "dwFlags": 0,
    "unk_32bf9c6": 0,
    "eFadeMethod": 0,
    "nFadeGroup": 0,
    "unk_d094b9a": 0,
    "eCullingLevel": 0,
    "szLookOverride": 0,
    "dwShaderMapOverride": 4294967295,
    "snoTraversalSurface": null,
    "ptRunTimeMaterialValues": []
   }
  },
  {
   "__type__": "Marker",
   "__typeHash__": 3132676386,
   "dwHash": 1690214460,
   "nID": 67,
   "eType": 0,
   "transform": {
    "__type__": "PRTransform",
    "__typeHash__": 2588169118,
    "q": {
     "__type__": "bcQuat",
     "__typeHash__": 3955716320,
     "x": 0.00893473718315363,
     "y": 0.002460203366354108,
     "z": 0.2675221562385559,
     "w": 0.9635072350502014
    },
    "wp": {
     "x": 88.51969909667969,
     "y": 92.9395980834961,
     "z": 79.7020034790039
    }
   },
   "snoname": {
    "__raw__": 136022,
    "__group__": 57,
    "__type__": "DT_SNO_NAME",
    "__typeHash__": 3339108615,
    "__targetFileName__": "base/meta/Material/BurntGround_Splat.mat",
    "groupName": "Material",
    "name": "BurntGround_Splat"
   },
   "dwMarkerFlags": 1024,
   "dwMarkerFlagsEx": 0,
   "vecScale": {
    "x": 0.6610410213470459,
    "y": 0.6610410213470459,
    "z": 0.6610410213470459
   },
   "ptBase": [
    {
     "__type__": "MarkerDecalData",
     "__typeHash__": 2650697781,
     "dwType": 2650697781,
     "dwPad": 0,
     "unk_1e3c3c3": 0,
     "flAngleThreshold": 3.1415927410125732,
     "unk_18f0908": 0,
     "bDieOverride": true,
     "ptRunTimeMaterialValues": []
    }
   ],
   "ptGroupData": [],
   "ptMarkerLinks": [],
   "unk_c339f69": -1,
   "dwSeed": 0,
   "tPrefabData": {
    "__type__": "PrefabData",
    "__typeHash__": 3988626058,
    "dwFlags": 0,
    "unk_32bf9c6": 0,
    "eFadeMethod": 0,
    "nFadeGroup": 0,
    "unk_d094b9a": 0,
    "eCullingLevel": 0,
    "szLookOverride": 0,
    "dwShaderMapOverride": 4294967295,
    "snoTraversalSurface": null,
    "ptRunTimeMaterialValues": []
   }
  },
  {
   "__type__": "Marker",
   "__typeHash__": 3132676386,
   "dwHash": 781188736,
   "nID": 68,
   "eType": 0,
   "transform": {
    "__type__": "PRTransform",
    "__typeHash__": 2588169118,
    "q": {
     "__type__": "bcQuat",
     "__typeHash__": 3955716320,
     "x": 0.012792202644050121,
     "y": 0.23662810027599335,
     "z": -0.13693726062774658,
     "w": 0.9618169665336609
    },
    "wp": {
     "x": 87.38809967041016,
     "y": 93.76339721679688,
     "z": 80.02539825439453
    }
   },
   "snoname": {
    "__raw__": 987790,
    "__group__": 1,
    "__type__": "DT_SNO_NAME",
    "__typeHash__": 3339108615,
    "__targetFileName__": "base/meta/Actor/FracturedPeaksHU_Vendor_Box_Corner_2x2_03_SnowThick_Arrangement.acr",
    "groupName": "Actor",
    "name": "FracturedPeaksHU_Vendor_Box_Corner_2x2_03_SnowThick_Arrangement"
   },
   "dwMarkerFlags": 0,
   "dwMarkerFlagsEx": 0,
   "vecScale": {
    "x": 1,
    "y": 1,
    "z": 1
   },
   "ptBase": [
    {
     "__type__": "MarkerActorData",
     "__typeHash__": 2780317717,
     "dwType": 2780317717,
     "dwPad": 0,
     "szLookName": 0,
     "dwShaderMapOverride": 4294967295,
     "dwMarkerActorFlags": 0,
     "eFadeMethod": 0,
     "nFadeGroup": 0,
     "unk_d094b9a": 1,
     "unk_529dc44": 2,
     "eActorType": 2,
     "eGizmoType": 48,
     "unk_940ff8e": 0,
     "ptServerData": [
      {
       "__type__": "MarkerServerData",
       "__typeHash__": 3047785107,
       "fHiddenUntilUnlocked": false,
       "snoScript": [],
       "unk_ebb20cd": null,
       "unk_cb8d889": null,
       "unk_6bf9013": null,
       "unk_6bc1c5f": null,
       "unk_cdb454b": null,
       "arActorGroups": [],
       "arPrefabScopedActorGroups": [],
       "fStartDisabled": false,
       "snoPhasingVisibilityCondition": null,
       "snoPowerDeathOverride": null
      }
     ],
     "ptMonsterActorData": [],
     "ptActorGizmoData": [
      {
       "__type__": "MarkerActorGizmoData",
       "__typeHash__": 3464528123,
       "ptDoorGizmoData": [],
       "ptLockData": [],
       "ptSwitchBehaviorData": [],
       "ptPOICameraInstanceData": [],
       "ptTraversalInstanceData": [],
       "ptBossDoorInstanceData": [],
       "ptChestGizmoData": [],
       "ptSpawnerGizmoData": [],
       "ptPortalGizmoData": [],
       "ptPortalDestGizmoData": [],
       "ptSavePointGizmoData": [],
       "ptProxData": [],
       "ptTriggerProximityGizmoData": [],
       "ptGizmoConditionData": [
        {
         "__type__": "GizmoConditionData",
         "__typeHash__": 2664386791,
         "snoGizmoCondition": null
        }
       ],
       "ptMarkerBaseGizmoData": [
        {
         "__type__": "MarkerBaseGizmoData",
         "__typeHash__": 598155613,
         "fQuestRestricted": false,
         "fGizmoStartsDisabled": false
        }
       ],
       "ptDestroyableObjectGizmoData": [
        {
         "__type__": "MarkerDestroyableObjectGizmoData",
         "__typeHash__": 1931790071,
         "unk_54513b8": false
        }
       ],
       "ptWaypointGizmoData": [],
       "ptHiddenCacheGizmoData": []
      }
     ],
     "ptNPCActorData": [],
     "unk_df84c5d": [],
     "unk_ff96acb": 0,
     "ptRunTimeMaterialValues": [],
     "unk_c627b16": false
    }
   ],
   "ptGroupData": [],
   "ptMarkerLinks": [],
   "unk_c339f69": -1,
   "dwSeed": 0,
   "tPrefabData": {
    "__type__": "PrefabData",
    "__typeHash__": 3988626058,
    "dwFlags": 0,
    "unk_32bf9c6": 0,
    "eFadeMethod": 0,
    "nFadeGroup": 0,
    "unk_d094b9a": 0,
    "eCullingLevel": 0,
    "szLookOverride": 0,
    "dwShaderMapOverride": 4294967295,
    "snoTraversalSurface": null,
    "ptRunTimeMaterialValues": []
   }
  }
 ],
 "dwMarkerSetFlags": 133377,
 "nLabel": null,
 "snoCampaignEnableCondition": null,
 "arPrefabDataInfo": [],
 "ptPrefabDataMap": "0",
 "ptChunks": [
  {
   "__type__": "MarkerInstanceChunk",
   "__typeHash__": 2046453424,
   "ptInstanceGroups": {
    "__type__": "DT_VARIABLEARRAY",
    "__typeHash__": 3244749660,
    "__flags__": 2097152,
    "__external__": true,
    "value": {
     "__typeHash__": 2051550180,
     "__type__": "MarkerInstanceGroup",
     "dataOffset": 32,
     "dataSize": 216
    }
   },
   "tVertexAO": {
    "__type__": "Type_cd5b4347",
    "__typeHash__": 3445310279,
    "arVertexAO": {
     "__type__": "DT_VARIABLEARRAY",
     "__typeHash__": 3244749660,
     "__flags__": 2097153,
     "__external__": true,
     "value": {
      "__typeHash__": 1028015787,
      "__type__": "DT_BYTE",
      "dataOffset": 488,
      "dataSize": 1888
     }
    }
   },
   "unk_2f217b0": 0,
   "aabbBounds": {
    "__type__": "AABB",
    "__typeHash__": 2408934,
    "wp": {
     "x": 88.49176025390625,
     "y": 92.91873168945312,
     "z": 80.06102752685547
    },
    "wvExt": {
     "x": 0.99774169921875,
     "y": 1.0586700439453125,
     "z": 0.42339324951171875
    }
   }
  }
 ],
 "arVertexAOOffsets": [],
 "unk_6458d11": [],
 "unk_2bbd1d": {
  "__type__": "Type_c8d78ce7",
  "__typeHash__": 3369569511,
  "nWidth": 25,
  "nHeight": 25,