{
 "__fileName__": "data/base/meta/MarkerSet/Sanctuary_Eastern_Continent_S02_W09 (VFX).mrk",
 "__snoID__": 1074507,
 "__type__": "MarkerSetDefinition",
 "__typeHash__": 4093179991,
 "tMarkerSet": [
  {
   "__type__": "Marker",
   "__typeHash__": 3132676386,
   "dwHash": 3304172673,
   "nID": 1,
   "eType": 0,
   "transform": {
    "__type__": "PRTransform",
    "__typeHash__": 2588169118,
    "q": {
     "__type__": "bcQuat",
     "__typeHash__": 3955716320,
     "x": -0.10872448980808258,
     "y": -0.27012157440185547,
     "z": 0.03071492537856102,
     "w": 0.9561747312545776
    },
    "wp": {
     "x": 28.80970001220703,
     "y": 67.79509735107422,
     "z": 13.065199851989746
    }
   },
   "snoname": {
    "value": 551747,
    "group": 14,
    "groupName": "EffectGroup"
   },
   "dwMarkerFlags": 0,
   "vecScale": {
    "x": 4.498660087585449,
    "y": 4.498660087585449,
    "z": 4.498660087585449
   },
   "ptBase": [
    {
     "__type__": "MarkerEffectGroupData",
     "__typeHash__": 1385267894,
     "dwType": 1385267894,
     "dwPad": 0,
     "unk_90afea4": 0,
     "unk_4bf3f6b": 0,
     "unk_9411612": 0,
     "unk_b0425e7": []
    }
   ],
   "ptGroupData": [],
   "ptMarkerLinks": [],
   "unk_c339f69": -1,
   "dwSeed": 0,
   "tPrefabData": {
    "__type__": "PrefabData",
    "__typeHash__": 3988626058,
    "dwFlags": 0,
    "unk_32bf9c6": 0,
    "eFadeMethod": 0,
    "nFadeGroup": 0,
    "unk_d094b9a": 0,
    "eCullingLevel": 0,
    "unk_4bfd602": 0,
    "unk_6c0cb90": 4294967295,
    "snoTraversalSurface": {
     "value": -1,
     "group": 43,
     "groupName": "Surface"
    },
    "unk_b0425e7": []
   }
  },
  {
   "__type__": "Marker",
   "__typeHash__": 3132676386,
   "dwHash": 3304172674,
   "nID": 2,
   "eType": 0,
   "transform": {
    "__type__": "PRTransform",
    "__typeHash__": 2588169118,
    "q": {
     "__type__": "bcQuat",
     "__typeHash__": 3955716320,
     "x": -0.030296579003334045,
     "y": -0.011761759407818317,
     "z": 0.10633822530508041,
     "w": 0.9937987327575684
    },
    "wp": {
     "x": 29.28380012512207,
     "y": 56.99300003051758,
     "z": 11.72189998626709
    }
   },
   "snoname": {
    "value": 551747,
    "group": 14,
    "groupName": "EffectGroup"
   },
   "dwMarkerFlags": 0,
   "vecScale": {
    "x": 4.498660087585449,
    "y": 4.498660087585449,
    "z": 4.498660087585449
   },
   "ptBase": [
    {
     "__type__": "MarkerEffectGroupData",
     "__typeHash__": 1385267894,
     "dwType": 1385267894,
     "dwPad": 0,
     "unk_90afea4": 0,
     "unk_4bf3f6b": 0,
     "unk_9411612": 0,
     "unk_b0425e7": []
    }
   ],
   "ptGroupData": [],
   "ptMarkerLinks": [],
   "unk_c339f69": -1,
   "dwSeed": 0,
   "tPrefabData": {
    "__type__": "PrefabData",
    "__typeHash__": 3988626058,
    "dwFlags": 0,
    "unk_32bf9c6": 0,
    "eFadeMethod": 0,
    "nFadeGroup": 0,
    "unk_d094b9a": 0,
    "eCullingLevel": 0,
    "unk_4bfd602": 0,
    "unk_6c0cb90": 4294967295,
    "snoTraversalSurface": {
     "value": -1,
     "group": 43,
     "groupName": "Surface"
    },
    "unk_b0425e7": []
   }
  },
  {
   "__type__": "Marker",
   "__typeHash__": 3132676386,
   "dwHash": 3842119219,
   "nID": 3,
   "eType": 0,
   "transform": {
    "__type__": "PRTransform",
    "__typeHash__": 2588169118,
    "q": {
     "__type__": "bcQuat",
     "__typeHash__": 3955716320,
     "x": -0.030296579003334045,
     "y": -0.011761759407818317,
     "z": 0.10633822530508041,
     "w": 0.9937987327575684
    },
    "wp": {
     "x": 28.940399169921875,
     "y": 58.738800048828125,
     "z": 10.816699981689453
    }
   },
   "snoname": {
    "value": 547637,
    "group": 14,
    "groupName": "EffectGroup"
   },
   "dwMarkerFlags": 0,
   "vecScale": {
    "x": 4.498660087585449,
    "y": 4.498660087585449,
    "z": 4.498660087585449
   },
   "ptBase": [
    {
     "__type__": "MarkerEffectGroupData",
     "__typeHash__": 1385267894,
     "dwType": 1385267894,
     "dwPad": 0,
     "unk_90afea4": 0,
     "unk_4bf3f6b": 0,
     "unk_9411612": 0,
     "unk_b0425e7": []
    }
   ],
   "ptGroupData": [],
   "ptMarkerLinks": [],
   "unk_c339f69": -1,
   "dwSeed": 0,
   "tPrefabData": {
    "__type__": "PrefabData",
    "__typeHash__": 3988626058,
    "dwFlags": 0,
    "unk_32bf9c6": 0,
    "eFadeMethod": 0,
    "nFadeGroup": 0,
    "unk_d094b9a": 0,
    "eCullingLevel": 0,
    "unk_4bfd602": 0,
    "unk_6c0cb90": 4294967295,
    "snoTraversalSurface": {
     "value": -1,
     "group": 43,
     "groupName": "Surface"
    },
    "unk_b0425e7": []
   }
  },
  {
   "__type__": "Marker",
   "__typeHash__": 3132676386,
   "dwHash": 3842119220,
   "nID": 4,
   "eType": 0,
   "transform": {
    "__type__": "PRTransform",
    "__typeHash__": 2588169118,
    "q": {
     "__type__": "bcQuat",
     "__typeHash__": 3955716320,
     "x": -0.030296579003334045,
     "y": -0.011761759407818317,
     "z": 0.10633822530508041,
     "w": 0.9937987327575684
    },
    "wp": {
     "x": 29.033599853515625,
     "y": 28.540199279785156,
     "z": 10.481599807739258
    }
   },
   "snoname": {
    "value": 547637,
    "group": 14,
    "groupName": "EffectGroup"
   },
   "dwMarkerFlags": 0,
   "vecScale": {
    "x": 4.498660087585449,
    "y": 4.498660087585449,
    "z": 4.498660087585449
   },
   "ptBase": [
    {
     "__type__": "MarkerEffectGroupData",
     "__typeHash__": 1385267894,
     "dwType": 1385267894,
     "dwPad": 0,
     "unk_90afea4": 0,
     "unk_4bf3f6b": 0,
     "unk_9411612": 0,
     "unk_b0425e7": []
    }
   ],
   "ptGroupData": [],
   "ptMarkerLinks": [],
   "unk_c339f69": -1,
   "dwSeed": 0,
   "tPrefabData": {
    "__type__": "PrefabData",
    "__typeHash__": 3988626058,
    "dwFlags": 0,
    "unk_32bf9c6": 0,
    "eFadeMethod": 0,
    "nFadeGroup": 0,
    "unk_d094b9a": 0,
    "eCullingLevel": 0,
    "unk_4bfd602": 0,
    "unk_6c0cb90": 4294967295,
    "snoTraversalSurface": {
     "value": -1,
     "group": 43,
     "groupName": "Surface"
    },
    "unk_b0425e7": []
   }
  },
  {
   "__type__": "Marker",
   "__typeHash__": 3132676386,
   "dwHash": 3842119221,
   "nID": 5,
   "eType": 0,
   "transform": {
    "__type__": "PRTransform",
    "__typeHash__": 2588169118,
    "q": {
     "__type__": "bcQuat",
     "__typeHash__": 3955716320,
     "x": -0.09500351548194885,
     "y": 0.01195488590747118,
     "z": 0.10254763811826706,
     "w": 0.9901087880134583
    },
    "wp": {
     "x": 15.060099601745605,
     "y": 33.44089889526367,
     "z": 11.33329963684082
    }
   },
   "snoname": {
    "value": 547637,
    "group": 14,
    "groupName": "EffectGroup"
   },
   "dwMarkerFlags": 0,
   "vecScale": {
    "x": 4.498660087585449,
    "y": 4.498660087585449,
    "z": 4.498660087585449
   },
   "ptBase": [
    {
     "__type__": "MarkerEffectGroupData",
     "__typeHash__": 1385267894,
     "dwType": 1385267894,
     "dwPad": 0,
     "unk_90afea4": 0,
     "unk_4bf3f6b": 0,
     "unk_9411612": 0,
     "unk_b0425e7": []
    }
   ],
   "ptGroupData": [],
   "ptMarkerLinks": [],
   "unk_c339f69": -1,
   "dwSeed": 0,
   "tPrefabData": {
    "__type__": "PrefabData",
    "__typeHash__": 3988626058,
    "dwFlags": 0,
    "unk_32bf9c6": 0,
    "eFadeMethod": 0,
    "nFadeGroup": 0,
    "unk_d094b9a": 0,
    "eCullingLevel": 0,
    "unk_4bfd602": 0,
    "unk_6c0cb90": 4294967295,
    "snoTraversalSurface": {
     "value": -1,
     "group": 43,
     "groupName": "Surface"
    },
    "unk_b0425e7": []
   }
  },
  {
   "__type__": "Marker",
   "__typeHash__": 3132676386,
   "dwHash": 3842119222,
   "nID": 7,
   "eType": 0,
   "transform": {
    "__type__": "PRTransform",
    "__typeHash__": 2588169118,
    "q": {
     "__type__": "bcQuat",
     "__typeHash__": 3955716320,
     "x": 0.1414579451084137,
     "y": -0.049116261303424835,
     "z": 0.08407727628946304,
     "w": 0.985143780708313
    },
    "wp": {
     "x": 38.352699279785156,
     "y": 60.46739959716797,
     "z": 5.776140213012695
    }
   },