{
 "__fileName__": "data/base/meta/MarkerSet/Sanctuary_Eastern_Continent_N21_W01 (VFX).mrk",
 "__snoID__": 1066812,
 "__type__": "MarkerSetDefinition",
 "__typeHash__": 4093179991,
 "tMarkerSet": [
  {
   "__type__": "Marker",
   "__typeHash__": 3132676386,
   "dwHash": 1090242211,
   "nID": 1,
   "eType": 0,
   "transform": {
    "__type__": "PRTransform",
    "__typeHash__": 2588169118,
    "q": {
     "__type__": "bcQuat",
     "__typeHash__": 3955716320,
     "x": -0.14011147618293762,
     "y": -0.678452730178833,
     "z": -0.014130513183772564,
     "w": 0.7210207581520081
    },
    "wp": {
     "x": 32.7681999206543,
     "y": 47.77840042114258,
     "z": 50.919700622558594
    }
   },
   "snoname": {
    "value": 735573,
    "group": 14,
    "groupName": "EffectGroup",
    "name": "environmentVFX_fogCard_scosMist_static"
   },
   "dwMarkerFlags": 0,
   "vecScale": {
    "x": 6.47776985168457,
    "y": 6.47776985168457,
    "z": 6.47776985168457
   },
   "ptBase": [
    {
     "__type__": "MarkerEffectGroupData",
     "__typeHash__": 1385267894,
     "dwType": 1385267894,
     "dwPad": 0,
     "unk_90afea4": 0,
     "unk_4bf3f6b": 0,
     "unk_9411612": 0,
     "unk_b0425e7": []
    }
   ],
   "ptGroupData": [],
   "ptMarkerLinks": [],
   "unk_c339f69": -1,
   "dwSeed": 0,
   "tPrefabData": {
    "__type__": "PrefabData",
    "__typeHash__": 3988626058,
    "dwFlags": 0,
    "unk_32bf9c6": 0,
    "eFadeMethod": 0,
    "nFadeGroup": 0,
    "unk_d094b9a": 0,
    "eCullingLevel": 0,
    "unk_4bfd602": 0,
    "unk_6c0cb90": 4294967295,
    "snoTraversalSurface": {
     "value": -1,
     "group": 43,
     "groupName": "Surface"
    },
    "unk_b0425e7": []
   }
  },
  {
   "__type__": "Marker",
   "__typeHash__": 3132676386,
   "dwHash": 1090242212,
   "nID": 2,
   "eType": 0,
   "transform": {
    "__type__": "PRTransform",
    "__typeHash__": 2588169118,
    "q": {
     "__type__": "bcQuat",
     "__typeHash__": 3955716320,
     "x": -0.14011147618293762,
     "y": -0.678452730178833,
     "z": -0.014130513183772564,
     "w": 0.7210207581520081
    },
    "wp": {
     "x": 36.45029830932617,
     "y": 11.480199813842773,
     "z": 50.0005989074707
    }
   },
   "snoname": {
    "value": 735573,
    "group": 14,
    "groupName": "EffectGroup",
    "name": "environmentVFX_fogCard_scosMist_static"
   },
   "dwMarkerFlags": 0,
   "vecScale": {
    "x": 6.47776985168457,
    "y": 6.47776985168457,
    "z": 6.47776985168457
   },
   "ptBase": [
    {
     "__type__": "MarkerEffectGroupData",
     "__typeHash__": 1385267894,
     "dwType": 1385267894,
     "dwPad": 0,
     "unk_90afea4": 0,
     "unk_4bf3f6b": 0,
     "unk_9411612": 0,
     "unk_b0425e7": []
    }
   ],
   "ptGroupData": [],
   "ptMarkerLinks": [],
   "unk_c339f69": -1,
   "dwSeed": 0,
   "tPrefabData": {
    "__type__": "PrefabData",
    "__typeHash__": 3988626058,
    "dwFlags": 0,
    "unk_32bf9c6": 0,
    "eFadeMethod": 0,
    "nFadeGroup": 0,
    "unk_d094b9a": 0,
    "eCullingLevel": 0,
    "unk_4bfd602": 0,
    "unk_6c0cb90": 4294967295,
    "snoTraversalSurface": {
     "value": -1,
     "group": 43,
     "groupName": "Surface"
    },
    "unk_b0425e7": []
   }
  },
  {
   "__type__": "Marker",
   "__typeHash__": 3132676386,
   "dwHash": 1090242213,
   "nID": 3,
   "eType": 0,
   "transform": {
    "__type__": "PRTransform",
    "__typeHash__": 2588169118,
    "q": {
     "__type__": "bcQuat",
     "__typeHash__": 3955716320,
     "x": -0.14011147618293762,
     "y": -0.678452730178833,
     "z": -0.014130513183772564,
     "w": 0.7210207581520081
    },
    "wp": {
     "x": 53.24509811401367,
     "y": 7.291590213775635,
     "z": 48.493499755859375
    }
   },
   "snoname": {
    "value": 735573,
    "group": 14,
    "groupName": "EffectGroup",
    "name": "environmentVFX_fogCard_scosMist_static"
   },
   "dwMarkerFlags": 0,
   "vecScale": {
    "x": 6.47776985168457,
    "y": 6.47776985168457,
    "z": 6.47776985168457
   },
   "ptBase": [
    {
     "__type__": "MarkerEffectGroupData",
     "__typeHash__": 1385267894,
     "dwType": 1385267894,
     "dwPad": 0,
     "unk_90afea4": 0,
     "unk_4bf3f6b": 0,
     "unk_9411612": 0,
     "unk_b0425e7": []
    }
   ],
   "ptGroupData": [],
   "ptMarkerLinks": [],
   "unk_c339f69": -1,
   "dwSeed": 0,
   "tPrefabData": {
    "__type__": "PrefabData",
    "__typeHash__": 3988626058,
    "dwFlags": 0,
    "unk_32bf9c6": 0,
    "eFadeMethod": 0,
    "nFadeGroup": 0,
    "unk_d094b9a": 0,
    "eCullingLevel": 0,
    "unk_4bfd602": 0,
    "unk_6c0cb90": 4294967295,
    "snoTraversalSurface": {
     "value": -1,
     "group": 43,
     "groupName": "Surface"
    },
    "unk_b0425e7": []
   }
  },
  {
   "__type__": "Marker",
   "__typeHash__": 3132676386,
   "dwHash": 1090242214,
   "nID": 4,
   "eType": 0,
   "transform": {
    "__type__": "PRTransform",
    "__typeHash__": 2588169118,
    "q": {
     "__type__": "bcQuat",
     "__typeHash__": 3955716320,
     "x": -0.14011147618293762,
     "y": -0.678452730178833,
     "z": -0.014130513183772564,
     "w": 0.7210207581520081
    },
    "wp": {
     "x": 77.98079681396484,
     "y": 12.456100463867188,
     "z": 48.493499755859375
    }
   },
   "snoname": {
    "value": 735573,
    "group": 14,
    "groupName": "EffectGroup",
    "name": "environmentVFX_fogCard_scosMist_static"
   },
   "dwMarkerFlags": 0,
   "vecScale": {
    "x": 6.47776985168457,
    "y": 6.47776985168457,
    "z": 6.47776985168457
   },
   "ptBase": [
    {
     "__type__": "MarkerEffectGroupData",
     "__typeHash__": 1385267894,
     "dwType": 1385267894,
     "dwPad": 0,
     "unk_90afea4": 0,
     "unk_4bf3f6b": 0,
     "unk_9411612": 0,
     "unk_b0425e7": []
    }
   ],
   "ptGroupData": [],
   "ptMarkerLinks": [],
   "unk_c339f69": -1,
   "dwSeed": 0,
   "tPrefabData": {
    "__type__": "PrefabData",
    "__typeHash__": 3988626058,
    "dwFlags": 0,
    "unk_32bf9c6": 0,
    "eFadeMethod": 0,
    "nFadeGroup": 0,
    "unk_d094b9a": 0,
    "eCullingLevel": 0,
    "unk_4bfd602": 0,
    "unk_6c0cb90": 4294967295,
    "snoTraversalSurface": {
     "value": -1,
     "group": 43,
     "groupName": "Surface"
    },
    "unk_b0425e7": []
   }
  },
  {
   "__type__": "Marker",
   "__typeHash__": 3132676386,
   "dwHash": 1090242215,
   "nID": 5,
   "eType": 0,
   "transform": {
    "__type__": "PRTransform",
    "__typeHash__": 2588169118,
    "q": {
     "__type__": "bcQuat",
     "__typeHash__": 3955716320,
     "x": -0.14011147618293762,
     "y": -0.678452730178833,
     "z": -0.014130513183772564,
     "w": 0.7210207581520081
    },
    "wp": {
     "x": 91.00340270996094,
     "y": 20.73509979248047,
     "z": 48.493499755859375
    }
   },
   "snoname": {
    "value": 735573,
    "group": 14,
    "groupName": "EffectGroup",
    "name": "environmentVFX_fogCard_scosMist_static"
   },
   "dwMarkerFlags": 0,
   "vecScale": {
    "x": 6.47776985168457,
    "y": 6.47776985168457,
    "z": 6.47776985168457
   },
   "ptBase": [
    {
     "__type__": "MarkerEffectGroupData",
     "__typeHash__": 1385267894,
     "dwType": 1385267894,
     "dwPad": 0,
     "unk_90afea4": 0,
     "unk_4bf3f6b": 0,
     "unk_9411612": 0,
     "unk_b0425e7": []
    }
   ],
   "ptGroupData": [],
   "ptMarkerLinks": [],
   "unk_c339f69": -1,
   "dwSeed": 0,
   "tPrefabData": {
    "__type__": "PrefabData",
    "__typeHash__": 3988626058,
    "dwFlags": 0,
    "unk_32bf9c6": 0,
    "eFadeMethod": 0,
    "nFadeGroup": 0,
    "unk_d094b9a": 0,
    "eCullingLevel": 0,
    "unk_4bfd602": 0,
    "unk_6c0cb90": 4294967295,
    "snoTraversalSurface": {
     "value": -1,
     "group": 43,
     "groupName": "Surface"
    },
    "unk_b0425e7": []
   }
  },
  {
   "__type__": "Marker",
   "__typeHash__": 3132676386,
   "dwHash": 1090242216,
   "nID": 6,
   "eType": 0,
   "transform": {
    "__type__": "PRTransform",
    "__typeHash__": 2588169118,
    "q": {
     "__type__": "bcQuat",
     "__typeHash__": 3955716320,