{
 "__fileName__": "base/meta/MarkerSet/Scos_RockyPine_N_02 (Theme_Druid).mrk",
 "__snoID__": 1227296,
 "__type__": "MarkerSetDefinition",
 "__typeHash__": 4093179991,
 "tMarkerSet": [
  {
   "__type__": "Marker",
   "__typeHash__": 3132676386,
   "dwHash": 2196620104,
   "nID": 10,
   "eType": 0,
   "transform": {
    "__type__": "PRTransform",
    "__typeHash__": 2588169118,
    "q": {
     "__type__": "bcQuat",
     "__typeHash__": 3955716320,
     "x": -0.39503246545791626,
     "y": 0.5200383067131042,
     "z": 0.4646654427051544,
     "w": 0.5979929566383362
    },
    "wp": {
     "x": 6.77957010269165,
     "y": 12.464500427246094,
     "z": 2.860909938812256
    }
   },
   "snoname": {
    "__raw__": 981501,
    "__group__": 57,
    "__type__": "DT_SNO_NAME",
    "__typeHash__": 3339108615,
    "__targetFileName__": "base/meta/Material/Dungeon_Theme_Druid_Carved_Decal_A_05.mat",
    "groupName": "Material",
    "name": "Dungeon_Theme_Druid_Carved_Decal_A_05"
   },
   "dwMarkerFlags": 1024,
   "dwMarkerFlagsEx": 0,
   "vecScale": {
    "x": 0.7119330167770386,
    "y": 0.7119330167770386,
    "z": 0.7119330167770386
   },
   "ptBase": [
    {
     "__type__": "MarkerDecalData",
     "__typeHash__": 2650697781,
     "dwType": 2650697781,
     "dwPad": 0,
     "unk_1e3c3c3": 0,
     "flAngleThreshold": 3.1415927410125732,
     "unk_18f0908": 0,
     "bDieOverride": false,
     "ptRunTimeMaterialValues": []
    }
   ],
   "ptGroupData": [],
   "ptMarkerLinks": [],
   "unk_c339f69": -1,
   "dwSeed": 0,
   "tPrefabData": {
    "__type__": "PrefabData",
    "__typeHash__": 3988626058,
    "dwFlags": 0,
    "unk_32bf9c6": 0,
    "eFadeMethod": 0,
    "nFadeGroup": 0,
    "unk_d094b9a": 0,
    "eCullingLevel": 0,
    "szLookOverride": 0,
    "dwShaderMapOverride": 4294967295,
    "snoTraversalSurface": null,
    "ptRunTimeMaterialValues": []
   }
  },
  {
   "__type__": "Marker",
   "__typeHash__": 3132676386,
   "dwHash": 4110947672,
   "nID": 12,
   "eType": 0,
   "transform": {
    "__type__": "PRTransform",
    "__typeHash__": 2588169118,
    "q": {
     "__type__": "bcQuat",
     "__typeHash__": 3955716320,
     "x": 0.059632156044244766,
     "y": 0.033129964023828506,
     "z": -0.7528650164604187,
     "w": 0.6546303629875183
    },
    "wp": {
     "x": 0.5091689825057983,
     "y": 12.059200286865234,
     "z": 0.6568440198898315
    }
   },
   "snoname": {
    "__raw__": 934350,
    "__group__": 1,
    "__type__": "DT_SNO_NAME",
    "__typeHash__": 3339108615,
    "__targetFileName__": "base/meta/Actor/ScosglenHU_Druid_HangingChimes_Vert_2m_01_ClientEffect.acr",
    "groupName": "Actor",
    "name": "ScosglenHU_Druid_HangingChimes_Vert_2m_01_ClientEffect"
   },
   "dwMarkerFlags": 0,
   "dwMarkerFlagsEx": 0,
   "vecScale": {
    "x": 1,
    "y": 1,
    "z": 1
   },
   "ptBase": [
    {
     "__type__": "MarkerActorData",
     "__typeHash__": 2780317717,
     "dwType": 2780317717,
     "dwPad": 0,
     "szLookName": 0,
     "dwShaderMapOverride": 4294967295,
     "dwMarkerActorFlags": 0,
     "eFadeMethod": 0,
     "nFadeGroup": 0,
     "unk_d094b9a": 0,
     "unk_529dc44": 2,
     "eActorType": 3,
     "eGizmoType": -1,
     "unk_940ff8e": 0,
     "ptServerData": [],
     "ptMonsterActorData": [],
     "ptActorGizmoData": [],
     "ptNPCActorData": [],
     "unk_df84c5d": [],
     "unk_ff96acb": 0,
     "ptRunTimeMaterialValues": [],
     "unk_c627b16": false
    }
   ],
   "ptGroupData": [],
   "ptMarkerLinks": [],
   "unk_c339f69": -1,
   "dwSeed": 0,
   "tPrefabData": {
    "__type__": "PrefabData",
    "__typeHash__": 3988626058,
    "dwFlags": 0,
    "unk_32bf9c6": 0,
    "eFadeMethod": 0,
    "nFadeGroup": 0,
    "unk_d094b9a": 0,
    "eCullingLevel": 0,
    "szLookOverride": 0,
    "dwShaderMapOverride": 4294967295,
    "snoTraversalSurface": null,
    "ptRunTimeMaterialValues": []
   }
  }
 ],
 "dwMarkerSetFlags": 131329,
 "nLabel": {
  "__raw__": 3809702186,
  "__type__": "DT_GBID",
  "__typeHash__": 1028170061,
  "group": 4,
  "name": "Theme_Druid"
 },
 "snoCampaignEnableCondition": null,
 "arPrefabDataInfo": [],
 "ptPrefabDataMap": "0",
 "ptChunks": [
  {
   "__type__": "MarkerInstanceChunk",
   "__typeHash__": 2046453424,
   "ptInstanceGroups": {
    "__type__": "DT_VARIABLEARRAY",
    "__typeHash__": 3244749660,
    "__flags__": 2097152,
    "__external__": true,
    "value": {
     "__typeHash__": 2051550180,
     "__type__": "MarkerInstanceGroup",
     "dataOffset": 32,
     "dataSize": 864
    }
   },
   "tVertexAO": {
    "__type__": "Type_cd5b4347",
    "__typeHash__": 3445310279,
    "arVertexAO": {
     "__type__": "DT_VARIABLEARRAY",
     "__typeHash__": 3244749660,
     "__flags__": 2097153,
     "__external__": true,
     "value": {
      "__typeHash__": 1028015787,
      "__type__": "DT_BYTE",
      "dataOffset": 1928,
      "dataSize": 10468
     }
    }
   },
   "unk_2f217b0": 0,
   "aabbBounds": {
    "__type__": "AABB",
    "__typeHash__": 2408934,
    "wp": {
     "x": 4.016481399536133,
     "y": 11.240407943725586,
     "z": 1.8182125091552734
    },
    "wvExt": {
     "x": 4.384248733520508,
     "y": 2.00570011138916,
     "z": 2.519679546356201
    }
   }
  },
  {
   "__type__": "MarkerInstanceChunk",
   "__typeHash__": 2046453424,
   "ptInstanceGroups": {
    "__type__": "DT_VARIABLEARRAY",
    "__typeHash__": 3244749660,
    "__flags__": 2097152,
    "__external__": true,
    "value": {
     "__typeHash__": 2051550180,
     "__type__": "MarkerInstanceGroup",
     "dataOffset": 12400,
     "dataSize": 576
    }
   },
   "tVertexAO": {
    "__type__": "Type_cd5b4347",
    "__typeHash__": 3445310279,
    "arVertexAO": {
     "__type__": "DT_VARIABLEARRAY",
     "__typeHash__": 3244749660,
     "__flags__": 2097153,
     "__external__": true,
     "value": {
      "__typeHash__": 1028015787,
      "__type__": "DT_BYTE",
      "dataOffset": 13840,
      "dataSize": 1608
     }
    }
   },
   "unk_2f217b0": 0,
   "aabbBounds": {
    "__type__": "AABB",
    "__typeHash__": 2408934,
    "wp": {
     "x": 2.931182622909546,
     "y": 19.865121841430664,
     "z": 1.5236399173736572
    },
    "wvExt": {
     "x": 2.716928720474243,
     "y": 4.169315338134766,
     "z": 1.9199669361114502
    }
   }
  }
 ],
 "arVertexAOOffsets": [],
 "ptMergedMsgTriggeredEvents": [],
 "unk_2bbd1d": {
  "__type__": "Type_c8d78ce7",
  "__typeHash__": 3369569511,
  "nWidth": 0,
  "nHeight": 0,
  "nDepth": 0,
  "dwPitch": 0,
  "dwSlicePitch": 0,
  "flGridSize": 0,
  "wpOrigin": {
   "x": 0,
   "y": 0,
   "z": 0
  },
  "unk_4b236f4": "0",
  "unk_aa0958e": {
   "__type__": "DT_VARIABLEARRAY",
   "__typeHash__": 3244749660,
   "__flags__": 2097153,
   "__external__": true,
   "value": {
    "__typeHash__": 1028759507,
    "__type__": "DT_WORD",
    "dataOffset": 0,
    "dataSize": 0
   }
  },
  "unk_aa09583": {
   "__type__": "DT_VARIABLEARRAY",
   "__typeHash__": 3244749660,
   "__flags__": 2097153,
   "__external__": true,
   "value": {
    "__typeHash__": 1028759507,
    "__type__": "DT_WORD",
    "dataOffset": 0,
    "dataSize": 0
   }
  },
  "unk_aa0957e": {
   "__type__": "DT_VARIABLEARRAY",
   "__typeHash__": 3244749660,
   "__flags__": 2097153,
   "__external__": true,
   "value": {
    "__typeHash__": 1028759507,
    "__type__": "DT_WORD",
    "dataOffset": 0,
    "dataSize": 0
   }
  },
  "unk_dd3cf4b": {
   "__type__": "DT_VARIABLEARRAY",
   "__typeHash__": 3244749660,
   "__flags__": 2097153,
   "__external__": true,
   "value": {
    "__typeHash__": 1028759507,
    "__type__": "DT_WORD",
    "dataOffset": 0,
    "dataSize": 0
   }
  },
  "unk_dd3cf40": {
   "__type__": "DT_VARIABLEARRAY",
   "__typeHash__": 3244749660,
   "__flags__": 2097153,
   "__external__": true,
   "value": {
    "__typeHash__": 1028759507,
    "__type__": "DT_WORD",
    "dataOffset": 0,
    "dataSize": 0
   }
  },
  "unk_dd3cf3b": {
   "__type__": "DT_VARIABLEARRAY",
   "__typeHash__": 3244749660,
   "__flags__": 2097153,
   "__external__": true,