{
 "__fileName__": "data/base/meta/MarkerSet/Scos_Building_DebrisPile_Brick_01.mrk",
 "__snoID__": 565826,
 "__type__": "MarkerSetDefinition",
 "__typeHash__": 4093179991,
 "tMarkerSet": [
  {
   "__type__": "Marker",
   "__typeHash__": 3132676386,
   "dwHash": 3304574791,
   "nID": 1,
   "eType": 0,
   "transform": {
    "__type__": "PRTransform",
    "__typeHash__": 2588169118,
    "q": {
     "__type__": "bcQuat",
     "__typeHash__": 3955716320,
     "x": 0,
     "y": 0,
     "z": 0.9997713565826416,
     "w": 0.02138330042362213
    },
    "wp": {
     "x": -0.9276729822158813,
     "y": -0.34127798676490784,
     "z": -0.16896100342273712
    }
   },
   "snoname": {
    "value": 388355,
    "group": 1,
    "groupName": "Actor",
    "type": "sno",
    "name": "Scos_Mudpiles_Curve"
   },
   "dwMarkerFlags": 1410,
   "vecScale": {
    "x": 1.159999966621399,
    "y": 1.159999966621399,
    "z": 1.159999966621399
   },
   "ptBase": [
    {
     "__type__": "MarkerActorData",
     "__typeHash__": 2780317717,
     "dwType": 2780317717,
     "dwPad": 0,
     "szLookName": 0,
     "unk_6c0cb90": 4294967295,
     "unk_d897a3": 0,
     "eFadeMethod": 0,
     "nFadeGroup": 0,
     "unk_d094b9a": 1,
     "unk_529dc44": 2,
     "eActorType": 5,
     "eGizmoType": -1,
     "unk_940ff8e": 0,
     "ptServerData": [],
     "ptMonsterActorData": [],
     "ptActorGizmoData": [],
     "unk_6a0a118": [],
     "unk_df84c5d": [],
     "unk_ff96acb": 0,
     "unk_b0425e7": [],
     "unk_c627b16": 0
    }
   ],
   "ptGroupData": [
    {
     "__type__": "MarkerGroupData",
     "__typeHash__": 3312843337,
     "tLocalTransform": {
      "__type__": "PRTransform",
      "__typeHash__": 2588169118,
      "q": {
       "__type__": "bcQuat",
       "__typeHash__": 3955716320,
       "x": 0,
       "y": 0,
       "z": 0.9997713565826416,
       "w": 0.02138330042362213
      },
      "wp": {
       "x": -0.9276729822158813,
       "y": -0.34127798676490784,
       "z": -0.16896100342273712
      }
     },
     "unk_80dc871": {
      "x": 1.159999966621399,
      "y": 1.159999966621399,
      "z": 1.159999966621399
     }
    }
   ],
   "ptMarkerLinks": [],
   "unk_c339f69": -1,
   "dwSeed": 0,
   "tPrefabData": {
    "__type__": "PrefabData",
    "__typeHash__": 3988626058,
    "dwFlags": 0,
    "unk_32bf9c6": 0,
    "eFadeMethod": 0,
    "nFadeGroup": 0,
    "unk_d094b9a": 0,
    "eCullingLevel": 0,
    "unk_4bfd602": 0,
    "unk_6c0cb90": 4294967295,
    "snoTraversalSurface": {
     "value": -1,
     "group": 43,
     "groupName": "Surface",
     "type": "sno"
    },
    "unk_b0425e7": []
   }
  },
  {
   "__type__": "Marker",
   "__typeHash__": 3132676386,
   "dwHash": 181157557,
   "nID": 2,
   "eType": 0,
   "transform": {
    "__type__": "PRTransform",
    "__typeHash__": 2588169118,
    "q": {
     "__type__": "bcQuat",
     "__typeHash__": 3955716320,
     "x": 0.5545955300331116,
     "y": 0.056692007929086685,
     "z": 0.8293594717979431,
     "w": 0.03704889491200447
    },
    "wp": {
     "x": -0.4788210093975067,
     "y": -0.060821499675512314,
     "z": -0.011363999918103218
    }
   },
   "snoname": {
    "value": 346057,
    "group": 1,
    "groupName": "Actor",
    "type": "sno",
    "name": "Scos_Building_Debris_Wall_A"
   },
   "dwMarkerFlags": 1408,
   "vecScale": {
    "x": 1,
    "y": 1,
    "z": 1
   },
   "ptBase": [
    {
     "__type__": "MarkerActorData",
     "__typeHash__": 2780317717,
     "dwType": 2780317717,
     "dwPad": 0,
     "szLookName": 3711923,
     "unk_6c0cb90": 6,
     "unk_d897a3": 0,
     "eFadeMethod": 0,
     "nFadeGroup": 0,
     "unk_d094b9a": 1,
     "unk_529dc44": 2,
     "eActorType": 5,
     "eGizmoType": -1,
     "unk_940ff8e": 0,
     "ptServerData": [],
     "ptMonsterActorData": [],
     "ptActorGizmoData": [],
     "unk_6a0a118": [],
     "unk_df84c5d": [],
     "unk_ff96acb": 0,
     "unk_b0425e7": [],
     "unk_c627b16": 0
    }
   ],
   "ptGroupData": [
    {
     "__type__": "MarkerGroupData",
     "__typeHash__": 3312843337,
     "tLocalTransform": {
      "__type__": "PRTransform",
      "__typeHash__": 2588169118,
      "q": {
       "__type__": "bcQuat",
       "__typeHash__": 3955716320,
       "x": 0.5545955896377563,
       "y": 0.05669201537966728,
       "z": 0.8293595910072327,
       "w": 0.03704889863729477
      },
      "wp": {
       "x": -0.4788210093975067,
       "y": -0.060821499675512314,
       "z": -0.011363999918103218
      }
     },
     "unk_80dc871": {
      "x": 1,
      "y": 1,
      "z": 1
     }
    }
   ],
   "ptMarkerLinks": [],
   "unk_c339f69": -1,
   "dwSeed": 0,
   "tPrefabData": {
    "__type__": "PrefabData",
    "__typeHash__": 3988626058,
    "dwFlags": 0,
    "unk_32bf9c6": 0,
    "eFadeMethod": 0,
    "nFadeGroup": 0,
    "unk_d094b9a": 0,
    "eCullingLevel": 0,
    "unk_4bfd602": 0,
    "unk_6c0cb90": 4294967295,
    "snoTraversalSurface": {
     "value": -1,
     "group": 43,
     "groupName": "Surface",
     "type": "sno"
    },
    "unk_b0425e7": []
   }
  },
  {
   "__type__": "Marker",
   "__typeHash__": 3132676386,
   "dwHash": 880132020,
   "nID": 3,
   "eType": 0,
   "transform": {
    "__type__": "PRTransform",
    "__typeHash__": 2588169118,
    "q": {
     "__type__": "bcQuat",
     "__typeHash__": 3955716320,
     "x": 0.639083743095398,
     "y": -0.09441111981868744,
     "z": 0.7623857259750366,
     "w": -0.0377715528011322
    },
    "wp": {
     "x": 0.5097050070762634,
     "y": -0.8678889870643616,
     "z": -0.3353689908981323
    }
   },
   "snoname": {
    "value": 346054,
    "group": 1,
    "groupName": "Actor",
    "type": "sno",
    "name": "Scos_Building_Debris_Ground_A"
   },
   "dwMarkerFlags": 1408,
   "vecScale": {
    "x": 1,
    "y": 1,
    "z": 1
   },
   "ptBase": [
    {
     "__type__": "MarkerActorData",
     "__typeHash__": 2780317717,
     "dwType": 2780317717,
     "dwPad": 0,
     "szLookName": 3711923,
     "unk_6c0cb90": 4294967295,
     "unk_d897a3": 0,
     "eFadeMethod": 0,
     "nFadeGroup": 0,
     "unk_d094b9a": 1,
     "unk_529dc44": 2,
     "eActorType": 5,
     "eGizmoType": -1,
     "unk_940ff8e": 0,
     "ptServerData": [],
     "ptMonsterActorData": [],
     "ptActorGizmoData": [],
     "unk_6a0a118": [],
     "unk_df84c5d": [],
     "unk_ff96acb": 0,
     "unk_b0425e7": [],
     "unk_c627b16": 0
    }
   ],
   "ptGroupData": [
    {
     "__type__": "MarkerGroupData",
     "__typeHash__": 3312843337,
     "tLocalTransform": {
      "__type__": "PRTransform",
      "__typeHash__": 2588169118,
      "q": {
       "__type__": "bcQuat",
       "__typeHash__": 3955716320,
       "x": 0.6390836834907532,
       "y": -0.09441110491752625,
       "z": 0.7623856067657471,
       "w": -0.037771549075841904
      },
      "wp": {
       "x": 0.5097050070762634,
       "y": -0.8678889870643616,
       "z": -0.3353689908981323
      }
     },
     "unk_80dc871": {
      "x": 1,
      "y": 1,
      "z": 1
     }
    }
   ],
   "ptMarkerLinks": [],
   "unk_c339f69": -1,
   "dwSeed": 0,
   "tPrefabData": {
    "__type__": "PrefabData",
    "__typeHash__": 3988626058,
    "dwFlags": 0,
    "unk_32bf9c6": 0,
    "eFadeMethod": 0,
    "nFadeGroup": 0,
    "unk_d094b9a": 0,
    "eCullingLevel": 0,
    "unk_4bfd602": 0,
    "unk_6c0cb90": 4294967295,
    "snoTraversalSurface": {
     "value": -1,
     "group": 43,
     "groupName": "Surface",
     "type": "sno"
    },
    "unk_b0425e7": []
   }
  },
  {
   "__type__": "Marker",
   "__typeHash__": 3132676386,
   "dwHash": 3304574792,
   "nID": 4,
   "eType": 0,
   "transform": {
    "__type__": "PRTransform",
    "__typeHash__": 2588169118,
    "q": {
     "__type__": "bcQuat",
     "__typeHash__": 3955716320,
     "x": 0,
     "y": 0,
     "z": 0.4736650586128235,
     "w": 0.8807051777839661
    },
    "wp": {
     "x": 0.9276729822158813,
     "y": 0.8678889870643616,
     "z": -0.27126699686050415
    }
   },
   "snoname": {
    "value": 388355,
    "group": 1,