{
 "__fileName__": "data/base/meta/MarkerSet/Scos_RockyPine_S_01 (Merged).mrk",
 "__snoID__": 411351,
 "__type__": "MarkerSetDefinition",
 "__typeHash__": 4093179991,
 "tMarkerSet": [],
 "dwMarkerSetFlags": 131333,
 "nLabel": {
  "value": 4294967295,
  "type": "gbid",
  "group": 4
 },
 "snoCampaignEnableCondition": {
  "value": -1,
  "group": 51,
  "groupName": "Condition",
  "type": "sno"
 },
 "unk_6d7f2e9": [],
 "unk_db67c2c": "0",
 "ptChunks": [
  {
   "__type__": "Type_79fa66b0",
   "__typeHash__": 2046453424,
   "unk_eaeca19": {
    "__type__": "DT_VARIABLEARRAY",
    "__typeHash__": 3244749660,
    "__flags__": 2097152,
    "__external__": true,
    "value": {
     "__typeHash__": 2051550180,
     "__type__": "Type_7a482be4",
     "dataOffset": 32,
     "dataSize": 1296
    }
   },
   "unk_7934bc2": {
    "__type__": "Type_cd5b4347",
    "__typeHash__": 3445310279,
    "unk_69b6741": {
     "__type__": "DT_VARIABLEARRAY",
     "__typeHash__": 3244749660,
     "__flags__": 2097153,
     "__external__": true,
     "value": {
      "__typeHash__": 1028015787,
      "__type__": "DT_BYTE",
      "dataOffset": 3664,
      "dataSize": 23952
     }
    }
   },
   "unk_2f217b0": 0,
   "aabbBounds": {
    "__type__": "AABB",
    "__typeHash__": 2408934,
    "wp": {
     "x": 23.31033706665039,
     "y": 9.227485656738281,
     "z": 1.4521970748901367
    },
    "wvExt": {
     "x": 11.834774017333984,
     "y": 12.507589340209961,
     "z": 11.794905662536621
    }
   }
  },
  {
   "__type__": "Type_79fa66b0",
   "__typeHash__": 2046453424,
   "unk_eaeca19": {
    "__type__": "DT_VARIABLEARRAY",
    "__typeHash__": 3244749660,
    "__flags__": 2097152,
    "__external__": true,
    "value": {
     "__typeHash__": 2051550180,
     "__type__": "Type_7a482be4",
     "dataOffset": 27616,
     "dataSize": 360
    }
   },
   "unk_7934bc2": {
    "__type__": "Type_cd5b4347",
    "__typeHash__": 3445310279,
    "unk_69b6741": {
     "__type__": "DT_VARIABLEARRAY",
     "__typeHash__": 3244749660,
     "__flags__": 2097153,
     "__external__": true,
     "value": {
      "__typeHash__": 1028015787,
      "__type__": "DT_BYTE",
      "dataOffset": 0,
      "dataSize": 0
     }
    }
   },
   "unk_2f217b0": 0,
   "aabbBounds": {
    "__type__": "AABB",
    "__typeHash__": 2408934,
    "wp": {
     "x": 13.729715347290039,
     "y": 20.737014770507812,
     "z": 6.502290725708008
    },
    "wvExt": {
     "x": 2.685089111328125,
     "y": 4.171384811401367,
     "z": 5.300219535827637
    }
   }
  },
  {
   "__type__": "Type_79fa66b0",
   "__typeHash__": 2046453424,
   "unk_eaeca19": {
    "__type__": "DT_VARIABLEARRAY",
    "__typeHash__": 3244749660,
    "__flags__": 2097152,
    "__external__": true,
    "value": {
     "__typeHash__": 2051550180,
     "__type__": "Type_7a482be4",
     "dataOffset": 28520,
     "dataSize": 1296
    }
   },
   "unk_7934bc2": {
    "__type__": "Type_cd5b4347",
    "__typeHash__": 3445310279,
    "unk_69b6741": {
     "__type__": "DT_VARIABLEARRAY",
     "__typeHash__": 3244749660,
     "__flags__": 2097153,
     "__external__": true,
     "value": {
      "__typeHash__": 1028015787,
      "__type__": "DT_BYTE",
      "dataOffset": 31856,
      "dataSize": 18344
     }
    }
   },
   "unk_2f217b0": 0,
   "aabbBounds": {
    "__type__": "AABB",
    "__typeHash__": 2408934,
    "wp": {
     "x": 24.78821563720703,
     "y": 24.049938201904297,
     "z": 2.124563217163086
    },
    "wvExt": {
     "x": 10.286510467529297,
     "y": 10.550514221191406,
     "z": 11.674444198608398
    }
   }
  }
 ],
 "unk_a3613db": [],
 "unk_6458d11": [],
 "unk_2bbd1d": {
  "__type__": "Type_c8d78ce7",
  "__typeHash__": 3369569511,
  "nWidth": 0,
  "nHeight": 0,
  "nDepth": 0,
  "dwPitch": 0,
  "dwSlicePitch": 0,
  "flGridSize": 0,
  "wpOrigin": {
   "x": 0,
   "y": 0,
   "z": 0
  },
  "unk_4b236f4": "0",
  "unk_aa0958e": {
   "__type__": "DT_VARIABLEARRAY",
   "__typeHash__": 3244749660,
   "__flags__": 2097153,
   "__external__": true,
   "value": {
    "__typeHash__": 1028759507,
    "__type__": "DT_WORD",
    "dataOffset": 0,
    "dataSize": 0
   }
  },
  "unk_aa09583": {
   "__type__": "DT_VARIABLEARRAY",
   "__typeHash__": 3244749660,
   "__flags__": 2097153,
   "__external__": true,
   "value": {
    "__typeHash__": 1028759507,
    "__type__": "DT_WORD",
    "dataOffset": 0,
    "dataSize": 0
   }
  },
  "unk_aa0957e": {
   "__type__": "DT_VARIABLEARRAY",
   "__typeHash__": 3244749660,
   "__flags__": 2097153,
   "__external__": true,
   "value": {
    "__typeHash__": 1028759507,
    "__type__": "DT_WORD",
    "dataOffset": 0,
    "dataSize": 0
   }
  },
  "unk_dd3cf4b": {
   "__type__": "DT_VARIABLEARRAY",
   "__typeHash__": 3244749660,
   "__flags__": 2097153,
   "__external__": true,
   "value": {
    "__typeHash__": 1028759507,
    "__type__": "DT_WORD",
    "dataOffset": 0,
    "dataSize": 0
   }
  },
  "unk_dd3cf40": {
   "__type__": "DT_VARIABLEARRAY",
   "__typeHash__": 3244749660,
   "__flags__": 2097153,
   "__external__": true,
   "value": {
    "__typeHash__": 1028759507,
    "__type__": "DT_WORD",
    "dataOffset": 0,
    "dataSize": 0
   }
  },
  "unk_dd3cf3b": {
   "__type__": "DT_VARIABLEARRAY",
   "__typeHash__": 3244749660,
   "__flags__": 2097153,
   "__external__": true,
   "value": {
    "__typeHash__": 1028759507,
    "__type__": "DT_WORD",
    "dataOffset": 0,
    "dataSize": 0
   }
  }
 },
 "unk_69b6741": {
  "__type__": "DT_VARIABLEARRAY",
  "__typeHash__": 3244749660,
  "__flags__": 2097152,
  "__external__": true,
  "value": {
   "__typeHash__": 1028015787,
   "__type__": "DT_BYTE",
   "dataOffset": 0,
   "dataSize": 0
  }
 },
 "unk_2f217b0": -1,
 "unk_d0a9662": "0"
}
