{
 "__fileName__": "data/base/meta/MarkerSet/Scos_RockyPine_N_Entrance_01 (Merged).mrk",
 "__snoID__": 411558,
 "__type__": "MarkerSetDefinition",
 "__typeHash__": 4093179991,
 "tMarkerSet": [
  {
   "__type__": "Marker",
   "__typeHash__": 3132676386,
   "dwHash": 3484048412,
   "nID": 346,
   "eType": 0,
   "transform": {
    "__type__": "PRTransform",
    "__typeHash__": 2588169118,
    "q": {
     "__type__": "bcQuat",
     "__typeHash__": 3955716320,
     "x": -0.4506281912326813,
     "y": -0.19330060482025146,
     "z": 0.3121369183063507,
     "w": 0.8137197494506836
    },
    "wp": {
     "x": 20.936800003051758,
     "y": 10.387399673461914,
     "z": 0
    }
   },
   "snoname": {
    "value": 55638,
    "group": 76,
    "groupName": "FogVolume",
    "type": "sno",
    "name": "Default_FogVolume"
   },
   "dwMarkerFlags": 0,
   "vecScale": {
    "x": 7.800000190734863,
    "y": 7.800000190734863,
    "z": 7.800000190734863
   },
   "ptBase": [
    {
     "__type__": "MarkerFogVolumeData",
     "__typeHash__": 135947440,
     "dwType": 135947440,
     "dwPad": 0,
     "tInstanceData": {
      "__type__": "Type_3248a683",
      "__typeHash__": 843622019,
      "eShape": 1,
      "flDensity": 1,
      "flHeightScale": 1.9500000476837158,
      "unk_e596c58": 0,
      "unk_5050283": 1,
      "unk_6b7a77": 0,
      "flEmissive": 0,
      "unk_9e04ce9": 0.5,
      "unk_b8a40f6": 0.10000000149011612,
      "flFlowSpeed": 1,
      "flFlowPower": 1,
      "unk_b950bb6": 0.25641024112701416,
      "unk_b345994": 1,
      "unk_4d7c109": 1,
      "unk_29ac45": 1,
      "unk_9ecb4e4": 0,
      "unk_56127ed": 0,
      "unk_69cc0f4": 1,
      "unk_5838de5": {
       "__type__": "Type_560ae4cf",
       "__typeHash__": 1443554511,
       "tHeader": {
        "__type__": "InterpolationPathHeader",
        "__typeHash__": 2520702334,
        "tLoopPointStart": 0,
        "tLoopPointEnd": 1,
        "nDistributionFunction": 0,
        "unk_2312508": 0,
        "arInterpScalar": [
         {
          "__type__": "InterpolationScalar",
          "__typeHash__": 991799518,
          "nScalarFunction": 0,
          "dwFlags": 1,
          "unk_2424d91": {
           "rangeValue1": 0,
           "rangeValue2": 1
          },
          "unk_c9a8e76": {
           "rangeValue1": 0,
           "rangeValue2": 1
          },
          "eRemapEasing": 0,
          "szFormulaName": 0
         }
        ],
        "dwFlags": 12
       },
       "ptArrayNodes": [
        {
         "__type__": "Type_977100c8",
         "__typeHash__": 2540765384,
         "tValueMin": {
          "r": 255,
          "g": 255,
          "b": 255,
          "a": 255
         },
         "tValueMax": {
          "r": 255,
          "g": 255,
          "b": 255,
          "a": 255
         },
         "tTime": 0
        }
       ]
      },
      "bUseMask": 0
     }
    }
   ],
   "ptGroupData": [],
   "ptMarkerLinks": [],
   "unk_c339f69": -1,
   "dwSeed": 0,
   "tPrefabData": {
    "__type__": "PrefabData",
    "__typeHash__": 3988626058,
    "dwFlags": 0,
    "unk_32bf9c6": 0,
    "eFadeMethod": 0,
    "nFadeGroup": 0,
    "unk_d094b9a": 0,
    "eCullingLevel": 0,
    "unk_4bfd602": 0,
    "unk_6c0cb90": 4294967295,
    "snoTraversalSurface": {
     "value": -1,
     "group": 43,
     "groupName": "Surface",
     "type": "sno"
    },
    "unk_b0425e7": []
   }
  },
  {
   "__type__": "Marker",
   "__typeHash__": 3132676386,
   "dwHash": 3484048413,
   "nID": 349,
   "eType": 0,
   "transform": {
    "__type__": "PRTransform",
    "__typeHash__": 2588169118,
    "q": {
     "__type__": "bcQuat",
     "__typeHash__": 3955716320,
     "x": 1.469666610631748e-8,
     "y": -2.4601813919389315e-9,
     "z": -0.1651000827550888,
     "w": 0.9862768650054932
    },
    "wp": {
     "x": 23.39579963684082,
     "y": 27.49810028076172,
     "z": 0
    }
   },
   "snoname": {
    "value": 55638,
    "group": 76,
    "groupName": "FogVolume",
    "type": "sno",
    "name": "Default_FogVolume"
   },
   "dwMarkerFlags": 0,
   "vecScale": {
    "x": 10.600000381469727,
    "y": 6.400000095367432,
    "z": 6.400000095367432
   },
   "ptBase": [
    {
     "__type__": "MarkerFogVolumeData",
     "__typeHash__": 135947440,
     "dwType": 135947440,
     "dwPad": 0,
     "tInstanceData": {
      "__type__": "Type_3248a683",
      "__typeHash__": 843622019,
      "eShape": 1,
      "flDensity": 1,
      "flHeightScale": 1.600000023841858,
      "unk_e596c58": 0,
      "unk_5050283": 1,
      "unk_6b7a77": 0,
      "flEmissive": 0,
      "unk_9e04ce9": 0.5,
      "unk_b8a40f6": 0.10000000149011612,
      "flFlowSpeed": 1,
      "flFlowPower": 1,
      "unk_b950bb6": 0.18867923319339752,
      "unk_b345994": 1,
      "unk_4d7c109": 1,
      "unk_29ac45": 1,
      "unk_9ecb4e4": 0,
      "unk_56127ed": 0,
      "unk_69cc0f4": 1,
      "unk_5838de5": {
       "__type__": "Type_560ae4cf",
       "__typeHash__": 1443554511,
       "tHeader": {
        "__type__": "InterpolationPathHeader",
        "__typeHash__": 2520702334,
        "tLoopPointStart": 0,
        "tLoopPointEnd": 1,
        "nDistributionFunction": 0,
        "unk_2312508": 0,
        "arInterpScalar": [
         {
          "__type__": "InterpolationScalar",
          "__typeHash__": 991799518,
          "nScalarFunction": 0,
          "dwFlags": 1,
          "unk_2424d91": {
           "rangeValue1": 0,
           "rangeValue2": 1
          },
          "unk_c9a8e76": {
           "rangeValue1": 0,
           "rangeValue2": 1
          },
          "eRemapEasing": 0,
          "szFormulaName": 0
         }
        ],
        "dwFlags": 12
       },
       "ptArrayNodes": [
        {
         "__type__": "Type_977100c8",
         "__typeHash__": 2540765384,
         "tValueMin": {
          "r": 255,
          "g": 255,
          "b": 255,
          "a": 255
         },
         "tValueMax": {
          "r": 255,
          "g": 255,
          "b": 255,
          "a": 255
         },
         "tTime": 0
        }
       ]
      },
      "bUseMask": 0
     }
    }
   ],
   "ptGroupData": [],
   "ptMarkerLinks": [],
   "unk_c339f69": -1,
   "dwSeed": 0,
   "tPrefabData": {
    "__type__": "PrefabData",
    "__typeHash__": 3988626058,
    "dwFlags": 0,
    "unk_32bf9c6": 0,
    "eFadeMethod": 0,
    "nFadeGroup": 0,
    "unk_d094b9a": 0,
    "eCullingLevel": 0,
    "unk_4bfd602": 0,
    "unk_6c0cb90": 4294967295,
    "snoTraversalSurface": {
     "value": -1,
     "group": 43,
     "groupName": "Surface",
     "type": "sno"
    },
    "unk_b0425e7": []
   }
  },
  {
   "__type__": "Marker",
   "__typeHash__": 3132676386,
   "dwHash": 463661007,
   "nID": 393,
   "eType": 5,
   "transform": {
    "__type__": "PRTransform",
    "__typeHash__": 2588169118,
    "q": {
     "__type__": "bcQuat",
     "__typeHash__": 3955716320,
     "x": 0,
     "y": 0,
     "z": 0,
     "w": 1
    },
    "wp": {
     "x": 0,
     "y": 0,
     "z": 0
    }
   },
   "snoname": {
    "value": -1,
    "group": -1,
    "groupName": "None",
    "type": "sno"
   },
   "dwMarkerFlags": 0,
   "vecScale": {
    "x": 1,
    "y": 1,
    "z": 1
   },
   "ptBase": [],
   "ptGroupData": [],
   "ptMarkerLinks": [],
   "unk_c339f69": -1,
   "dwSeed": 0,
   "tPrefabData": {
    "__type__": "PrefabData",
    "__typeHash__": 3988626058,
    "dwFlags": 0,
    "unk_32bf9c6": 0,
    "eFadeMethod": 0,
    "nFadeGroup": 0,
    "unk_d094b9a": 0,
    "eCullingLevel": 0,
    "unk_4bfd602": 0,
    "unk_6c0cb90": 4294967295,
    "snoTraversalSurface": {
     "value": -1,
     "group": 43,
     "groupName": "Surface",
     "type": "sno"
    },
    "unk_b0425e7": []
   }
  }
 ],
 "dwMarkerSetFlags": 131333,
 "nLabel": {
  "value": 4294967295,
  "type": "gbid",
  "group": 4
 },
 "unk_677237e": {
  "value": -1,
  "group": 51,
  "groupName": "Condition",
  "type": "sno"
 },
 "unk_6d7f2e9": [],
 "unk_db67c2c": "0",
 "ptChunks": [
  {
   "__type__": "Type_79fa66b0",
   "__typeHash__": 2046453424,