{
 "__fileName__": "data/base/meta/MarkerSet/Scos_Building_Stable_01.mrk",
 "__snoID__": 574451,
 "__type__": "MarkerSetDefinition",
 "__typeHash__": 4093179991,
 "tMarkerSet": [
  {
   "__type__": "Marker",
   "__typeHash__": 3132676386,
   "dwHash": 837831178,
   "nID": 220,
   "eType": 0,
   "transform": {
    "__type__": "PRTransform",
    "__typeHash__": 2588169118,
    "q": {
     "__type__": "bcQuat",
     "__typeHash__": 3955716320,
     "x": 0.07035955786705017,
     "y": 0.29189857840538025,
     "z": 0.33075156807899475,
     "w": 0.8946777582168579
    },
    "wp": {
     "x": 2.7094099521636963,
     "y": -0.4479750096797943,
     "z": 4.245490074157715
    }
   },
   "snoname": {
    "__raw__": 341263,
    "__group__": 14,
    "__type__": "DT_SNO_NAME",
    "__typeHash__": 3339108615,
    "groupName": "EffectGroup",
    "name": "environmentVFX_buildingRainSpout"
   },
   "dwMarkerFlags": 0,
   "vecScale": {
    "x": 1,
    "y": 1,
    "z": 1
   },
   "ptBase": [
    {
     "__type__": "MarkerEffectGroupData",
     "__typeHash__": 1385267894,
     "dwType": 1385267894,
     "dwPad": 0,
     "unk_90afea4": 0,
     "unk_4bf3f6b": 0,
     "unk_9411612": 0,
     "unk_b0425e7": []
    }
   ],
   "ptGroupData": [],
   "ptMarkerLinks": [],
   "unk_c339f69": -1,
   "dwSeed": 0,
   "tPrefabData": {
    "__type__": "PrefabData",
    "__typeHash__": 3988626058,
    "dwFlags": 0,
    "unk_32bf9c6": 0,
    "eFadeMethod": 0,
    "nFadeGroup": 0,
    "unk_d094b9a": 0,
    "eCullingLevel": 0,
    "unk_4bfd602": 0,
    "dwShaderMapOverride": 4294967295,
    "snoTraversalSurface": null,
    "unk_b0425e7": []
   }
  },
  {
   "__type__": "Marker",
   "__typeHash__": 3132676386,
   "dwHash": 837831179,
   "nID": 221,
   "eType": 0,
   "transform": {
    "__type__": "PRTransform",
    "__typeHash__": 2588169118,
    "q": {
     "__type__": "bcQuat",
     "__typeHash__": 3955716320,
     "x": 0.07035955786705017,
     "y": 0.29189857840538025,
     "z": 0.33075156807899475,
     "w": 0.8946777582168579
    },
    "wp": {
     "x": 3.050309896469116,
     "y": -1.5789999961853027,
     "z": 3.5242199897766113
    }
   },
   "snoname": {
    "__raw__": 341263,
    "__group__": 14,
    "__type__": "DT_SNO_NAME",
    "__typeHash__": 3339108615,
    "groupName": "EffectGroup",
    "name": "environmentVFX_buildingRainSpout"
   },
   "dwMarkerFlags": 0,
   "vecScale": {
    "x": 1,
    "y": 1,
    "z": 1
   },
   "ptBase": [
    {
     "__type__": "MarkerEffectGroupData",
     "__typeHash__": 1385267894,
     "dwType": 1385267894,
     "dwPad": 0,
     "unk_90afea4": 0,
     "unk_4bf3f6b": 0,
     "unk_9411612": 0,
     "unk_b0425e7": []
    }
   ],
   "ptGroupData": [],
   "ptMarkerLinks": [],
   "unk_c339f69": -1,
   "dwSeed": 0,
   "tPrefabData": {
    "__type__": "PrefabData",
    "__typeHash__": 3988626058,
    "dwFlags": 0,
    "unk_32bf9c6": 0,
    "eFadeMethod": 0,
    "nFadeGroup": 0,
    "unk_d094b9a": 0,
    "eCullingLevel": 0,
    "unk_4bfd602": 0,
    "dwShaderMapOverride": 4294967295,
    "snoTraversalSurface": null,
    "unk_b0425e7": []
   }
  },
  {
   "__type__": "Marker",
   "__typeHash__": 3132676386,
   "dwHash": 837831180,
   "nID": 222,
   "eType": 0,
   "transform": {
    "__type__": "PRTransform",
    "__typeHash__": 2588169118,
    "q": {
     "__type__": "bcQuat",
     "__typeHash__": 3955716320,
     "x": 0.08425368368625641,
     "y": 0.2862666845321655,
     "z": 0.33681175112724304,
     "w": 0.8930344581604004
    },
    "wp": {
     "x": 1.9315999746322632,
     "y": -4.076099872589111,
     "z": 4.066559791564941
    }
   },
   "snoname": {
    "__raw__": 341263,
    "__group__": 14,
    "__type__": "DT_SNO_NAME",
    "__typeHash__": 3339108615,
    "groupName": "EffectGroup",
    "name": "environmentVFX_buildingRainSpout"
   },
   "dwMarkerFlags": 0,
   "vecScale": {
    "x": 1,
    "y": 1,
    "z": 1
   },
   "ptBase": [
    {
     "__type__": "MarkerEffectGroupData",
     "__typeHash__": 1385267894,
     "dwType": 1385267894,
     "dwPad": 0,
     "unk_90afea4": 0,
     "unk_4bf3f6b": 0,
     "unk_9411612": 0,
     "unk_b0425e7": []
    }
   ],
   "ptGroupData": [],
   "ptMarkerLinks": [],
   "unk_c339f69": -1,
   "dwSeed": 0,
   "tPrefabData": {
    "__type__": "PrefabData",
    "__typeHash__": 3988626058,
    "dwFlags": 0,
    "unk_32bf9c6": 0,
    "eFadeMethod": 0,
    "nFadeGroup": 0,
    "unk_d094b9a": 0,
    "eCullingLevel": 0,
    "unk_4bfd602": 0,
    "dwShaderMapOverride": 4294967295,
    "snoTraversalSurface": null,
    "unk_b0425e7": []
   }
  },
  {
   "__type__": "Marker",
   "__typeHash__": 3132676386,
   "dwHash": 837831181,
   "nID": 223,
   "eType": 0,
   "transform": {
    "__type__": "PRTransform",
    "__typeHash__": 2588169118,
    "q": {
     "__type__": "bcQuat",
     "__typeHash__": 3955716320,
     "x": 0.07035955786705017,
     "y": 0.29189857840538025,
     "z": 0.33075156807899475,
     "w": 0.8946777582168579
    },
    "wp": {
     "x": 2.7242000102996826,
     "y": 2.458509922027588,
     "z": 4.278590202331543
    }
   },
   "snoname": {
    "__raw__": 341263,
    "__group__": 14,
    "__type__": "DT_SNO_NAME",
    "__typeHash__": 3339108615,
    "groupName": "EffectGroup",
    "name": "environmentVFX_buildingRainSpout"
   },
   "dwMarkerFlags": 0,
   "vecScale": {
    "x": 1,
    "y": 1,
    "z": 1
   },
   "ptBase": [
    {
     "__type__": "MarkerEffectGroupData",
     "__typeHash__": 1385267894,
     "dwType": 1385267894,
     "dwPad": 0,
     "unk_90afea4": 0,
     "unk_4bf3f6b": 0,
     "unk_9411612": 0,
     "unk_b0425e7": []
    }
   ],
   "ptGroupData": [],
   "ptMarkerLinks": [],
   "unk_c339f69": -1,
   "dwSeed": 0,
   "tPrefabData": {
    "__type__": "PrefabData",
    "__typeHash__": 3988626058,
    "dwFlags": 0,
    "unk_32bf9c6": 0,
    "eFadeMethod": 0,
    "nFadeGroup": 0,
    "unk_d094b9a": 0,
    "eCullingLevel": 0,
    "unk_4bfd602": 0,
    "dwShaderMapOverride": 4294967295,
    "snoTraversalSurface": null,
    "unk_b0425e7": []
   }
  },
  {
   "__type__": "Marker",
   "__typeHash__": 3132676386,
   "dwHash": 837831182,
   "nID": 224,
   "eType": 0,
   "transform": {
    "__type__": "PRTransform",
    "__typeHash__": 2588169118,
    "q": {
     "__type__": "bcQuat",
     "__typeHash__": 3955716320,
     "x": 0.07035955786705017,
     "y": 0.29189857840538025,
     "z": 0.33075156807899475,
     "w": 0.8946777582168579
    },
    "wp": {
     "x": 2.5941898822784424,
     "y": 5.051620006561279,
     "z": 4.278590202331543
    }
   },
   "snoname": {
    "__raw__": 341263,
    "__group__": 14,
    "__type__": "DT_SNO_NAME",
    "__typeHash__": 3339108615,
    "groupName": "EffectGroup",
    "name": "environmentVFX_buildingRainSpout"
   },
   "dwMarkerFlags": 0,
   "vecScale": {
    "x": 1,
    "y": 1,
    "z": 1
   },
   "ptBase": [
    {
     "__type__": "MarkerEffectGroupData",
     "__typeHash__": 1385267894,
     "dwType": 1385267894,
     "dwPad": 0,
     "unk_90afea4": 0,
     "unk_4bf3f6b": 0,
     "unk_9411612": 0,
     "unk_b0425e7": []
    }
   ],
   "ptGroupData": [],
   "ptMarkerLinks": [],
   "unk_c339f69": -1,
   "dwSeed": 0,
   "tPrefabData": {
    "__type__": "PrefabData",
    "__typeHash__": 3988626058,
    "dwFlags": 0,
    "unk_32bf9c6": 0,
    "eFadeMethod": 0,
    "nFadeGroup": 0,
    "unk_d094b9a": 0,
    "eCullingLevel": 0,
    "unk_4bfd602": 0,
    "dwShaderMapOverride": 4294967295,
    "snoTraversalSurface": null,
    "unk_b0425e7": []
   }
  },
  {
   "__type__": "Marker",
   "__typeHash__": 3132676386,
   "dwHash": 837831213,
   "nID": 232,
   "eType": 0,
   "transform": {
    "__type__": "PRTransform",
    "__typeHash__": 2588169118,
    "q": {
     "__type__": "bcQuat",
     "__typeHash__": 3955716320,
     "x": 0.08425368368625641,
     "y": 0.2862666845321655,
     "z": 0.33681175112724304,
     "w": 0.8930344581604004
    },
    "wp": {
     "x": -2.0307300090789795,
     "y": -3.9694600105285645,
     "z": 2.8940200805664062
    }
   },