{
 "__fileName__": "base/meta/MarkerSet/Scos_RockyPine_NW_01 (Merged).mrk",
 "__snoID__": 411395,
 "__type__": "MarkerSetDefinition",
 "__typeHash__": 4093179991,
 "tMarkerSet": [
  {
   "__type__": "Marker",
   "__typeHash__": 3132676386,
   "dwHash": 1246878553,
   "nID": 367,
   "eType": 0,
   "transform": {
    "__type__": "PRTransform",
    "__typeHash__": 2588169118,
    "q": {
     "__type__": "bcQuat",
     "__typeHash__": 3955716320,
     "x": 0,
     "y": 0,
     "z": 0.9683933854103088,
     "w": -0.2494281530380249
    },
    "wp": {
     "x": 15.130599975585938,
     "y": 14.42490005493164,
     "z": -0.0618417002260685
    }
   },
   "snoname": {
    "__raw__": 406748,
    "__group__": 24,
    "__type__": "DT_SNO_NAME",
    "__typeHash__": 3339108615,
    "__targetFileName__": "base/meta/MarkerSet/Scos_Foliage_Tree_Pine_Fallen_A.mrk",
    "groupName": "MarkerSet",
    "name": "Scos_Foliage_Tree_Pine_Fallen_A"
   },
   "dwMarkerFlags": 0,
   "vecScale": {
    "x": 0.8999999761581421,
    "y": 0.8999999761581421,
    "z": 0.8999999761581421
   },
   "ptBase": [
    {
     "__type__": "MarkerPrefabData",
     "__typeHash__": 3127494188,
     "dwType": 3127494188,
     "dwPad": 0,
     "arPrefabCustomizations": []
    }
   ],
   "ptGroupData": [],
   "ptMarkerLinks": [],
   "unk_c339f69": -1,
   "dwSeed": 0,
   "tPrefabData": {
    "__type__": "PrefabData",
    "__typeHash__": 3988626058,
    "dwFlags": 8,
    "unk_32bf9c6": 0,
    "eFadeMethod": 0,
    "nFadeGroup": 0,
    "unk_d094b9a": 0,
    "eCullingLevel": 0,
    "szLookOverride": 0,
    "dwShaderMapOverride": 4294967295,
    "snoTraversalSurface": null,
    "ptRunTimeMaterialValues": []
   }
  },
  {
   "__type__": "Marker",
   "__typeHash__": 3132676386,
   "dwHash": 3170210968,
   "nID": 383,
   "eType": 3,
   "transform": {
    "__type__": "PRTransform",
    "__typeHash__": 2588169118,
    "q": {
     "__type__": "bcQuat",
     "__typeHash__": 3955716320,
     "x": 0,
     "y": 0,
     "z": 0.3048520088195801,
     "w": 0.9523997902870178
    },
    "wp": {
     "x": 14.731800079345703,
     "y": 3.0720200538635254,
     "z": 0.00949763972312212
    }
   },
   "snoname": null,
   "dwMarkerFlags": 0,
   "vecScale": {
    "x": 2.799999952316284,
    "y": 1.899999976158142,
    "z": 1.2999999523162842
   },
   "ptBase": [
    {
     "__type__": "MarkerFadeVolumeData",
     "__typeHash__": 413517284,
     "dwType": 413517284,
     "dwPad": 0,
     "unk_f86aafe": 0,
     "eBehavior": 2,
     "unk_d014f8b": false,
     "unk_81c0263": false,
     "nFadeGroup": 1
    }
   ],
   "ptGroupData": [],
   "ptMarkerLinks": [],
   "unk_c339f69": -1,
   "dwSeed": 0,
   "tPrefabData": {
    "__type__": "PrefabData",
    "__typeHash__": 3988626058,
    "dwFlags": 0,
    "unk_32bf9c6": 0,
    "eFadeMethod": 0,
    "nFadeGroup": 0,
    "unk_d094b9a": 0,
    "eCullingLevel": 0,
    "szLookOverride": 0,
    "dwShaderMapOverride": 4294967295,
    "snoTraversalSurface": null,
    "ptRunTimeMaterialValues": []
   }
  }
 ],
 "dwMarkerSetFlags": 131333,
 "nLabel": null,
 "snoCampaignEnableCondition": null,
 "arPrefabDataInfo": [
  {
   "__type__": "PrefabDataInfo",
   "__typeHash__": 1894103222,
   "dwMarkerPathID": 366084501,
   "tPrefabData": {
    "__type__": "PrefabData",
    "__typeHash__": 3988626058,
    "dwFlags": 8,
    "unk_32bf9c6": 0,
    "eFadeMethod": 0,
    "nFadeGroup": 0,
    "unk_d094b9a": 0,
    "eCullingLevel": 0,
    "szLookOverride": 0,
    "dwShaderMapOverride": 4294967295,
    "snoTraversalSurface": null,
    "ptRunTimeMaterialValues": []
   }
  }
 ],
 "ptPrefabDataMap": "0",
 "ptChunks": [
  {
   "__type__": "MarkerInstanceChunk",
   "__typeHash__": 2046453424,
   "ptInstanceGroups": {
    "__type__": "DT_VARIABLEARRAY",
    "__typeHash__": 3244749660,
    "__flags__": 2097152,
    "__external__": true,
    "value": {
     "__typeHash__": 2051550180,
     "__type__": "MarkerInstanceGroup",
     "dataOffset": 32,
     "dataSize": 1368
    }
   },
   "unk_7934bc2": {
    "__type__": "Type_cd5b4347",
    "__typeHash__": 3445310279,
    "arVertexAO": {
     "__type__": "DT_VARIABLEARRAY",
     "__typeHash__": 3244749660,
     "__flags__": 2097153,
     "__external__": true,
     "value": {
      "__typeHash__": 1028015787,
      "__type__": "DT_BYTE",
      "dataOffset": 3280,
      "dataSize": 19712
     }
    }
   },
   "unk_2f217b0": 0,
   "aabbBounds": {
    "__type__": "AABB",
    "__typeHash__": 2408934,
    "wp": {
     "x": 6.827391624450684,
     "y": 7.010903358459473,
     "z": -0.08009147644042969
    },
    "wvExt": {
     "x": 10.35878849029541,
     "y": 10.899584770202637,
     "z": 10.795454025268555
    }
   }
  },
  {
   "__type__": "MarkerInstanceChunk",
   "__typeHash__": 2046453424,
   "ptInstanceGroups": {
    "__type__": "DT_VARIABLEARRAY",
    "__typeHash__": 3244749660,
    "__flags__": 2097152,
    "__external__": true,
    "value": {
     "__typeHash__": 2051550180,
     "__type__": "MarkerInstanceGroup",
     "dataOffset": 22992,
     "dataSize": 1296
    }
   },
   "unk_7934bc2": {
    "__type__": "Type_cd5b4347",
    "__typeHash__": 3445310279,
    "arVertexAO": {
     "__type__": "DT_VARIABLEARRAY",
     "__typeHash__": 3244749660,
     "__flags__": 2097153,
     "__external__": true,
     "value": {
      "__typeHash__": 1028015787,
      "__type__": "DT_BYTE",
      "dataOffset": 26088,
      "dataSize": 16700
     }
    }
   },
   "unk_2f217b0": 0,
   "aabbBounds": {
    "__type__": "AABB",
    "__typeHash__": 2408934,
    "wp": {
     "x": 23.447952270507812,
     "y": 8.582420349121094,
     "z": 2.4316189289093018
    },
    "wvExt": {
     "x": 9.394996643066406,
     "y": 9.978099822998047,
     "z": 8.095425605773926
    }
   }
  },
  {
   "__type__": "MarkerInstanceChunk",
   "__typeHash__": 2046453424,
   "ptInstanceGroups": {
    "__type__": "DT_VARIABLEARRAY",
    "__typeHash__": 3244749660,
    "__flags__": 2097152,
    "__external__": true,
    "value": {
     "__typeHash__": 2051550180,
     "__type__": "MarkerInstanceGroup",
     "dataOffset": 42792,
     "dataSize": 864
    }
   },
   "unk_7934bc2": {
    "__type__": "Type_cd5b4347",
    "__typeHash__": 3445310279,
    "arVertexAO": {
     "__type__": "DT_VARIABLEARRAY",
     "__typeHash__": 3244749660,
     "__flags__": 2097153,
     "__external__": true,
     "value": {
      "__typeHash__": 1028015787,
      "__type__": "DT_BYTE",
      "dataOffset": 44912,
      "dataSize": 12876
     }
    }
   },
   "unk_2f217b0": 0,
   "aabbBounds": {
    "__type__": "AABB",
    "__typeHash__": 2408934,
    "wp": {
     "x": 8.42519760131836,
     "y": 23.451274871826172,
     "z": 0.068511962890625
    },
    "wvExt": {
     "x": 11.24757194519043,
     "y": 11.44247817993164,
     "z": 9.449190139770508
    }
   }
  },
  {
   "__type__": "MarkerInstanceChunk",
   "__typeHash__": 2046453424,
   "ptInstanceGroups": {
    "__type__": "DT_VARIABLEARRAY",
    "__typeHash__": 3244749660,
    "__flags__": 2097152,
    "__external__": true,
    "value": {
     "__typeHash__": 2051550180,
     "__type__": "MarkerInstanceGroup",
     "dataOffset": 57792,
     "dataSize": 1224
    }
   },
   "unk_7934bc2": {
    "__type__": "Type_cd5b4347",
    "__typeHash__": 3445310279,
    "arVertexAO": {
     "__type__": "DT_VARIABLEARRAY",
     "__typeHash__": 3244749660,
     "__flags__": 2097153,
     "__external__": true,
     "value": {
      "__typeHash__": 1028015787,
      "__type__": "DT_BYTE",
      "dataOffset": 60448,
      "dataSize": 15032
     }
    }
   },
   "unk_2f217b0": 0,
   "aabbBounds": {
    "__type__": "AABB",
    "__typeHash__": 2408934,
    "wp": {
     "x": 23.86359977722168,
     "y": 23.734251022338867,
     "z": 0.6365280151367188
    },
    "wvExt": {
     "x": 9.764699935913086,
     "y": 9.879217147827148,
     "z": 9.760005950927734
    }
   }
  }
 ],
 "arVertexAOOffsets": [],
 "unk_6458d11": [],
 "unk_2bbd1d": {
  "__type__": "Type_c8d78ce7",
  "__typeHash__": 3369569511,