{
 "__fileName__": "data/base/meta/MarkerSet/Scos_RockyPine_EW_TR8_02 (Merged).mrk",
 "__snoID__": 411629,
 "__type__": "MarkerSetDefinition",
 "__typeHash__": 4093179991,
 "tMarkerSet": [
  {
   "__type__": "Marker",
   "__typeHash__": 3132676386,
   "dwHash": 3484048413,
   "nID": 414,
   "eType": 0,
   "transform": {
    "__type__": "PRTransform",
    "__typeHash__": 2588169118,
    "q": {
     "__type__": "bcQuat",
     "__typeHash__": 3955716320,
     "x": 0.05496745556592941,
     "y": 0.05156457796692848,
     "z": -0.44948050379753113,
     "w": 0.8901050686836243
    },
    "wp": {
     "x": 7.905930042266846,
     "y": 28.3656005859375,
     "z": 0
    }
   },
   "snoname": {
    "__raw__": 55638,
    "__group__": 76,
    "__type__": "DT_SNO_NAME",
    "__typeHash__": 3339108615,
    "groupName": "FogVolume",
    "name": "Default_FogVolume"
   },
   "dwMarkerFlags": 0,
   "vecScale": {
    "x": 4.300000190734863,
    "y": 6.5,
    "z": 4.300000190734863
   },
   "ptBase": [
    {
     "__type__": "MarkerFogVolumeData",
     "__typeHash__": 135947440,
     "dwType": 135947440,
     "dwPad": 0,
     "tInstanceData": {
      "__type__": "Type_3248a683",
      "__typeHash__": 843622019,
      "eShape": 1,
      "flDensity": 1,
      "flHeightScale": 1.0750000476837158,
      "unk_e596c58": 0,
      "unk_5050283": 1,
      "unk_6b7a77": 0,
      "flEmissive": 0,
      "unk_9e04ce9": 0.5,
      "unk_b8a40f6": 0.10000000149011612,
      "flFlowSpeed": 1,
      "flFlowPower": 1,
      "unk_b950bb6": 0.4651162624359131,
      "unk_b345994": 1,
      "unk_4d7c109": 1,
      "unk_29ac45": 1,
      "unk_9ecb4e4": 0,
      "unk_56127ed": 0,
      "unk_69cc0f4": 1,
      "unk_5838de5": {
       "__type__": "Type_560ae4cf",
       "__typeHash__": 1443554511,
       "tHeader": {
        "__type__": "InterpolationPathHeader",
        "__typeHash__": 2520702334,
        "tLoopPointStart": 0,
        "tLoopPointEnd": 1,
        "nDistributionFunction": 0,
        "unk_2312508": 0,
        "arInterpScalar": [
         {
          "__type__": "InterpolationScalar",
          "__typeHash__": 991799518,
          "nScalarFunction": 0,
          "dwFlags": 1,
          "unk_2424d91": {
           "rangeValue1": 0,
           "rangeValue2": 1
          },
          "unk_c9a8e76": {
           "rangeValue1": 0,
           "rangeValue2": 1
          },
          "eRemapEasing": 0,
          "szFormulaName": 0
         }
        ],
        "dwFlags": 12
       },
       "ptArrayNodes": [
        {
         "__type__": "Type_977100c8",
         "__typeHash__": 2540765384,
         "tValueMin": {
          "r": 255,
          "g": 255,
          "b": 255,
          "a": 255
         },
         "tValueMax": {
          "r": 255,
          "g": 255,
          "b": 255,
          "a": 255
         },
         "tTime": 0
        }
       ]
      },
      "bUseMask": 0
     }
    }
   ],
   "ptGroupData": [],
   "ptMarkerLinks": [],
   "unk_c339f69": -1,
   "dwSeed": 0,
   "tPrefabData": {
    "__type__": "PrefabData",
    "__typeHash__": 3988626058,
    "dwFlags": 0,
    "unk_32bf9c6": 0,
    "eFadeMethod": 0,
    "nFadeGroup": 0,
    "unk_d094b9a": 0,
    "eCullingLevel": 0,
    "unk_4bfd602": 0,
    "dwShaderMapOverride": 4294967295,
    "snoTraversalSurface": null,
    "unk_b0425e7": []
   }
  },
  {
   "__type__": "Marker",
   "__typeHash__": 3132676386,
   "dwHash": 463661007,
   "nID": 431,
   "eType": 5,
   "transform": {
    "__type__": "PRTransform",
    "__typeHash__": 2588169118,
    "q": {
     "__type__": "bcQuat",
     "__typeHash__": 3955716320,
     "x": 0,
     "y": 0,
     "z": 0,
     "w": 1
    },
    "wp": {
     "x": 0,
     "y": 0,
     "z": 0
    }
   },
   "snoname": null,
   "dwMarkerFlags": 0,
   "vecScale": {
    "x": 1,
    "y": 1,
    "z": 1
   },
   "ptBase": [],
   "ptGroupData": [],
   "ptMarkerLinks": [],
   "unk_c339f69": -1,
   "dwSeed": 0,
   "tPrefabData": {
    "__type__": "PrefabData",
    "__typeHash__": 3988626058,
    "dwFlags": 0,
    "unk_32bf9c6": 0,
    "eFadeMethod": 0,
    "nFadeGroup": 0,
    "unk_d094b9a": 0,
    "eCullingLevel": 0,
    "unk_4bfd602": 0,
    "dwShaderMapOverride": 4294967295,
    "snoTraversalSurface": null,
    "unk_b0425e7": []
   }
  }
 ],
 "dwMarkerSetFlags": 131333,
 "nLabel": null,
 "snoCampaignEnableCondition": null,
 "unk_6d7f2e9": [],
 "unk_db67c2c": "0",
 "ptChunks": [
  {
   "__type__": "Type_79fa66b0",
   "__typeHash__": 2046453424,
   "unk_eaeca19": {
    "__type__": "DT_VARIABLEARRAY",
    "__typeHash__": 3244749660,
    "__flags__": 2097152,
    "__external__": true,
    "value": {
     "__typeHash__": 2051550180,
     "__type__": "Type_7a482be4",
     "dataOffset": 32,
     "dataSize": 1584
    }
   },
   "unk_7934bc2": {
    "__type__": "Type_cd5b4347",
    "__typeHash__": 3445310279,
    "unk_69b6741": {
     "__type__": "DT_VARIABLEARRAY",
     "__typeHash__": 3244749660,
     "__flags__": 2097153,
     "__external__": true,
     "value": {
      "__typeHash__": 1028015787,
      "__type__": "DT_BYTE",
      "dataOffset": 4408,
      "dataSize": 29036
     }
    }
   },
   "unk_2f217b0": 0,
   "aabbBounds": {
    "__type__": "AABB",
    "__typeHash__": 2408934,
    "wp": {
     "x": 6.090360641479492,
     "y": 7.768601417541504,
     "z": -0.08598518371582031
    },
    "wvExt": {
     "x": 11.079813003540039,
     "y": 10.274142265319824,
     "z": 12.433065414428711
    }
   }
  },
  {
   "__type__": "Type_79fa66b0",
   "__typeHash__": 2046453424,
   "unk_eaeca19": {
    "__type__": "DT_VARIABLEARRAY",
    "__typeHash__": 3244749660,
    "__flags__": 2097152,
    "__external__": true,
    "value": {
     "__typeHash__": 2051550180,
     "__type__": "Type_7a482be4",
     "dataOffset": 33448,
     "dataSize": 2088
    }
   },
   "unk_7934bc2": {
    "__type__": "Type_cd5b4347",
    "__typeHash__": 3445310279,
    "unk_69b6741": {
     "__type__": "DT_VARIABLEARRAY",
     "__typeHash__": 3244749660,
     "__flags__": 2097153,
     "__external__": true,
     "value": {
      "__typeHash__": 1028015787,
      "__type__": "DT_BYTE",
      "dataOffset": 39648,
      "dataSize": 44340
     }
    }
   },
   "unk_2f217b0": 0,
   "aabbBounds": {
    "__type__": "AABB",
    "__typeHash__": 2408934,
    "wp": {
     "x": 23.334693908691406,
     "y": 9.163347244262695,
     "z": -1.5126523971557617
    },
    "wvExt": {
     "x": 11.810417175292969,
     "y": 12.443452835083008,
     "z": 12.961709022521973
    }
   }
  },
  {
   "__type__": "Type_79fa66b0",
   "__typeHash__": 2046453424,
   "unk_eaeca19": {
    "__type__": "DT_VARIABLEARRAY",
    "__typeHash__": 3244749660,
    "__flags__": 2097152,
    "__external__": true,
    "value": {
     "__typeHash__": 2051550180,
     "__type__": "Type_7a482be4",
     "dataOffset": 83992,
     "dataSize": 1656
    }
   },
   "unk_7934bc2": {
    "__type__": "Type_cd5b4347",
    "__typeHash__": 3445310279,
    "unk_69b6741": {
     "__type__": "DT_VARIABLEARRAY",
     "__typeHash__": 3244749660,
     "__flags__": 2097153,
     "__external__": true,
     "value": {
      "__typeHash__": 1028015787,
      "__type__": "DT_BYTE",
      "dataOffset": 89216,
      "dataSize": 49048
     }
    }
   },
   "unk_2f217b0": 0,
   "aabbBounds": {
    "__type__": "AABB",
    "__typeHash__": 2408934,
    "wp": {
     "x": 10.297860145568848,
     "y": 20.059255599975586,
     "z": 5.40953254699707
    },
    "wvExt": {
     "x": 15.26844310760498,
     "y": 16.217695236206055,
     "z": 13.155916213989258
    }
   }
  },
  {
   "__type__": "Type_79fa66b0",
   "__typeHash__": 2046453424,
   "unk_eaeca19": {
    "__type__": "DT_VARIABLEARRAY",
    "__typeHash__": 3244749660,
    "__flags__": 2097152,
    "__external__": true,
    "value": {
     "__typeHash__": 2051550180,
     "__type__": "Type_7a482be4",
     "dataOffset": 138264,
     "dataSize": 1800
    }
   },
   "unk_7934bc2": {
    "__type__": "Type_cd5b4347",
    "__typeHash__": 3445310279,