{
 "__fileName__": "base/meta/MarkerSet/Step_Debris_Driftwood_C.mrk",
 "__snoID__": 1202904,
 "__type__": "MarkerSetDefinition",
 "__typeHash__": 4093179991,
 "tMarkerSet": [
  {
   "__type__": "Marker",
   "__typeHash__": 3132676386,
   "dwHash": 2386803265,
   "nID": 14,
   "eType": 0,
   "transform": {
    "__type__": "PRTransform",
    "__typeHash__": 2588169118,
    "q": {
     "__type__": "bcQuat",
     "__typeHash__": 3955716320,
     "x": 9.313225746154785e-9,
     "y": 5.587935447692871e-9,
     "z": 0.43997710943222046,
     "w": 0.8980090022087097
    },
    "wp": {
     "x": -1.6512000560760498,
     "y": 0.20299699902534485,
     "z": 5.845790269631834e-7
    }
   },
   "snoname": {
    "__raw__": 1120399,
    "__group__": 57,
    "__type__": "DT_SNO_NAME",
    "__typeHash__": 3339108615,
    "__targetFileName__": "base/meta/Material/Hawe_Decal_Sea_Debris_Driftwood_B.mat",
    "groupName": "Material",
    "name": "Hawe_Decal_Sea_Debris_Driftwood_B"
   },
   "dwMarkerFlags": 1024,
   "dwMarkerFlagsEx": 0,
   "vecScale": {
    "x": 1.5061500072479248,
    "y": 1.5061500072479248,
    "z": 1.5061500072479248
   },
   "ptBase": [
    {
     "__type__": "MarkerDecalData",
     "__typeHash__": 2650697781,
     "dwType": 2650697781,
     "dwPad": 0,
     "dwMarkerDecalFlags": 0,
     "flAngleThreshold": 0.9599310755729675,
     "unk_18f0908": 2,
     "bDieOverride": true,
     "ptRunTimeMaterialValues": []
    }
   ],
   "ptGroupData": [],
   "ptMarkerLinks": [],
   "unk_c339f69": -1,
   "dwSeed": 0,
   "tPrefabData": {
    "__type__": "PrefabData",
    "__typeHash__": 3988626058,
    "dwFlags": 0,
    "eOverrideFadeSettings": 0,
    "eFadeMethod": 0,
    "nFadeGroup": 0,
    "unk_d094b9a": 0,
    "eCullingLevel": 0,
    "szLookOverride": 0,
    "dwShaderMapOverride": 4294967295,
    "ptRunTimeMaterialValues": []
   }
  },
  {
   "__type__": "Marker",
   "__typeHash__": 3132676386,
   "dwHash": 3365983671,
   "nID": 20,
   "eType": 0,
   "transform": {
    "__type__": "PRTransform",
    "__typeHash__": 2588169118,
    "q": {
     "__type__": "bcQuat",
     "__typeHash__": 3955716320,
     "x": 1.1175870895385742e-8,
     "y": -7.450580596923828e-9,
     "z": -0.6921756863594055,
     "w": 0.7217291593551636
    },
    "wp": {
     "x": -1.3430700302124023,
     "y": -0.21117399632930756,
     "z": 2.607700011481029e-8
    }
   },
   "snoname": {
    "__raw__": 301578,
    "__group__": 57,
    "__type__": "DT_SNO_NAME",
    "__typeHash__": 3339108615,
    "__targetFileName__": "base/meta/Material/Hawe_Decal_Sea_Debris_D.mat",
    "groupName": "Material",
    "name": "Hawe_Decal_Sea_Debris_D"
   },
   "dwMarkerFlags": 1024,
   "dwMarkerFlagsEx": 0,
   "vecScale": {
    "x": 1.5809400081634521,
    "y": 1.5809400081634521,
    "z": 1.5809400081634521
   },
   "ptBase": [
    {
     "__type__": "MarkerDecalData",
     "__typeHash__": 2650697781,
     "dwType": 2650697781,
     "dwPad": 0,
     "dwMarkerDecalFlags": 0,
     "flAngleThreshold": 0.9599310755729675,
     "unk_18f0908": 6,
     "bDieOverride": true,
     "ptRunTimeMaterialValues": []
    }
   ],
   "ptGroupData": [],
   "ptMarkerLinks": [],
   "unk_c339f69": -1,
   "dwSeed": 0,
   "tPrefabData": {
    "__type__": "PrefabData",
    "__typeHash__": 3988626058,
    "dwFlags": 0,
    "eOverrideFadeSettings": 0,
    "eFadeMethod": 0,
    "nFadeGroup": 0,
    "unk_d094b9a": 0,
    "eCullingLevel": 0,
    "szLookOverride": 0,
    "dwShaderMapOverride": 4294967295,
    "ptRunTimeMaterialValues": []
   }
  },
  {
   "__type__": "Marker",
   "__typeHash__": 3132676386,
   "dwHash": 3365983672,
   "nID": 21,
   "eType": 0,
   "transform": {
    "__type__": "PRTransform",
    "__typeHash__": 2588169118,
    "q": {
     "__type__": "bcQuat",
     "__typeHash__": 3955716320,
     "x": 0,
     "y": -9.313226634333205e-9,
     "z": 0.6428877115249634,
     "w": 0.7659604549407959
    },
    "wp": {
     "x": 1.0974199771881104,
     "y": 0.042362600564956665,
     "z": 0.08175289630889893
    }
   },
   "snoname": {
    "__raw__": 301578,
    "__group__": 57,
    "__type__": "DT_SNO_NAME",
    "__typeHash__": 3339108615,
    "__targetFileName__": "base/meta/Material/Hawe_Decal_Sea_Debris_D.mat",
    "groupName": "Material",
    "name": "Hawe_Decal_Sea_Debris_D"
   },
   "dwMarkerFlags": 1024,
   "dwMarkerFlagsEx": 0,
   "vecScale": {
    "x": 1.5809400081634521,
    "y": 1.5809400081634521,
    "z": 1.5809400081634521
   },
   "ptBase": [
    {
     "__type__": "MarkerDecalData",
     "__typeHash__": 2650697781,
     "dwType": 2650697781,
     "dwPad": 0,
     "dwMarkerDecalFlags": 0,
     "flAngleThreshold": 0.9599310755729675,
     "unk_18f0908": 6,
     "bDieOverride": true,
     "ptRunTimeMaterialValues": []
    }
   ],
   "ptGroupData": [],
   "ptMarkerLinks": [],
   "unk_c339f69": -1,
   "dwSeed": 0,
   "tPrefabData": {
    "__type__": "PrefabData",
    "__typeHash__": 3988626058,
    "dwFlags": 0,
    "eOverrideFadeSettings": 0,
    "eFadeMethod": 0,
    "nFadeGroup": 0,
    "unk_d094b9a": 0,
    "eCullingLevel": 0,
    "szLookOverride": 0,
    "dwShaderMapOverride": 4294967295,
    "ptRunTimeMaterialValues": []
   }
  },
  {
   "__type__": "Marker",
   "__typeHash__": 3132676386,
   "dwHash": 3364797746,
   "nID": 23,
   "eType": 0,
   "transform": {
    "__type__": "PRTransform",
    "__typeHash__": 2588169118,
    "q": {
     "__type__": "bcQuat",
     "__typeHash__": 3955716320,
     "x": -3.725290742551124e-9,
     "y": 7.450581485102248e-9,
     "z": -0.6523370146751404,
     "w": 0.7579291462898254
    },
    "wp": {
     "x": 1.2878700494766235,
     "y": -0.27549898624420166,
     "z": -4.088510081601271e-7
    }
   },
   "snoname": {
    "__raw__": 301545,
    "__group__": 57,
    "__type__": "DT_SNO_NAME",
    "__typeHash__": 3339108615,
    "__targetFileName__": "base/meta/Material/Hawe_Decal_Sea_Debris_C.mat",
    "groupName": "Material",
    "name": "Hawe_Decal_Sea_Debris_C"
   },
   "dwMarkerFlags": 1024,
   "dwMarkerFlagsEx": 0,
   "vecScale": {
    "x": 1.5809400081634521,
    "y": 1.5809400081634521,
    "z": 1.5809400081634521
   },
   "ptBase": [
    {
     "__type__": "MarkerDecalData",
     "__typeHash__": 2650697781,
     "dwType": 2650697781,
     "dwPad": 0,
     "dwMarkerDecalFlags": 0,
     "flAngleThreshold": 0.9599310755729675,
     "unk_18f0908": 6,
     "bDieOverride": true,
     "ptRunTimeMaterialValues": []
    }
   ],
   "ptGroupData": [],
   "ptMarkerLinks": [],
   "unk_c339f69": -1,
   "dwSeed": 0,
   "tPrefabData": {
    "__type__": "PrefabData",
    "__typeHash__": 3988626058,
    "dwFlags": 0,
    "eOverrideFadeSettings": 0,
    "eFadeMethod": 0,
    "nFadeGroup": 0,
    "unk_d094b9a": 0,
    "eCullingLevel": 0,
    "szLookOverride": 0,
    "dwShaderMapOverride": 4294967295,
    "ptRunTimeMaterialValues": []
   }
  },
  {
   "__type__": "Marker",
   "__typeHash__": 3132676386,
   "dwHash": 2386803266,
   "nID": 24,
   "eType": 0,
   "transform": {
    "__type__": "PRTransform",
    "__typeHash__": 2588169118,
    "q": {
     "__type__": "bcQuat",
     "__typeHash__": 3955716320,
     "x": -3.725290298461914e-9,
     "y": 1.862645149230957e-8,
     "z": 0.9497417211532593,
     "w": -0.3130345940589905
    },
    "wp": {
     "x": 1.1287800073623657,
     "y": -0.30443599820137024,
     "z": 2.1420399320959405e-7
    }
   },
   "snoname": {
    "__raw__": 1120399,
    "__group__": 57,
    "__type__": "DT_SNO_NAME",
    "__typeHash__": 3339108615,
    "__targetFileName__": "base/meta/Material/Hawe_Decal_Sea_Debris_Driftwood_B.mat",
    "groupName": "Material",
    "name": "Hawe_Decal_Sea_Debris_Driftwood_B"
   },
   "dwMarkerFlags": 1024,
   "dwMarkerFlagsEx": 0,
   "vecScale": {
    "x": 1.5061500072479248,
    "y": 1.5061500072479248,
    "z": 1.5061500072479248
   },
   "ptBase": [
    {
     "__type__": "MarkerDecalData",
     "__typeHash__": 2650697781,
     "dwType": 2650697781,
     "dwPad": 0,
     "dwMarkerDecalFlags": 0,