{
 "__fileName__": "data/base/meta/MarkerSet/Step_Buildings_Shrine_Large_01.mrk",
 "__snoID__": 442885,
 "__type__": "MarkerSetDefinition",
 "__typeHash__": 4093179991,
 "tMarkerSet": [
  {
   "__type__": "Marker",
   "__typeHash__": 3132676386,
   "dwHash": 3673375163,
   "nID": 7,
   "eType": 0,
   "transform": {
    "__type__": "PRTransform",
    "__typeHash__": 2588169118,
    "q": {
     "__type__": "bcQuat",
     "__typeHash__": 3955716320,
     "x": -0.5000029802322388,
     "y": 0.4999980032444,
     "z": 0.49999600648880005,
     "w": 0.5000030398368835
    },
    "wp": {
     "x": 0.0091018695384264,
     "y": 1.8809000253677368,
     "z": 2.510780096054077
    }
   },
   "snoname": {
    "value": 221022,
    "group": 57,
    "groupName": "Material",
    "type": "sno",
    "name": "Step_Building_Paint_Decal_A"
   },
   "dwMarkerFlags": 1024,
   "vecScale": {
    "x": 2.049999952316284,
    "y": 2.549999952316284,
    "z": 0.20000000298023224
   },
   "ptBase": [
    {
     "__type__": "MarkerDecalData",
     "__typeHash__": 2650697781,
     "dwType": 2650697781,
     "dwPad": 0,
     "unk_1e3c3c3": 0,
     "flAngleThreshold": 3.1415927410125732,
     "unk_18f0908": 0,
     "unk_ec8f2d4": 0,
     "unk_b0425e7": []
    }
   ],
   "ptGroupData": [],
   "ptMarkerLinks": [],
   "unk_c339f69": -1,
   "dwSeed": 0,
   "tPrefabData": {
    "__type__": "PrefabData",
    "__typeHash__": 3988626058,
    "dwFlags": 0,
    "unk_32bf9c6": 0,
    "eFadeMethod": 0,
    "nFadeGroup": 0,
    "unk_d094b9a": 0,
    "eCullingLevel": 0,
    "unk_4bfd602": 0,
    "unk_6c0cb90": 4294967295,
    "snoTraversalSurface": {
     "value": -1,
     "group": 43,
     "groupName": "Surface",
     "type": "sno"
    },
    "unk_b0425e7": []
   }
  },
  {
   "__type__": "Marker",
   "__typeHash__": 3132676386,
   "dwHash": 3673375164,
   "nID": 8,
   "eType": 0,
   "transform": {
    "__type__": "PRTransform",
    "__typeHash__": 2588169118,
    "q": {
     "__type__": "bcQuat",
     "__typeHash__": 3955716320,
     "x": 0.0000028566701075760648,
     "y": 0.7071020007133484,
     "z": -0.0000012987300124223111,
     "w": 0.7071115374565125
    },
    "wp": {
     "x": 2.3896000385284424,
     "y": -0.3125,
     "z": 2.5107998847961426
    }
   },
   "snoname": {
    "value": 221022,
    "group": 57,
    "groupName": "Material",
    "type": "sno",
    "name": "Step_Building_Paint_Decal_A"
   },
   "dwMarkerFlags": 1024,
   "vecScale": {
    "x": 2.049999952316284,
    "y": 2.549999952316284,
    "z": 0.20000000298023224
   },
   "ptBase": [
    {
     "__type__": "MarkerDecalData",
     "__typeHash__": 2650697781,
     "dwType": 2650697781,
     "dwPad": 0,
     "unk_1e3c3c3": 0,
     "flAngleThreshold": 3.1415927410125732,
     "unk_18f0908": 0,
     "unk_ec8f2d4": 0,
     "unk_b0425e7": []
    }
   ],
   "ptGroupData": [],
   "ptMarkerLinks": [],
   "unk_c339f69": -1,
   "dwSeed": 0,
   "tPrefabData": {
    "__type__": "PrefabData",
    "__typeHash__": 3988626058,
    "dwFlags": 0,
    "unk_32bf9c6": 0,
    "eFadeMethod": 0,
    "nFadeGroup": 0,
    "unk_d094b9a": 0,
    "eCullingLevel": 0,
    "unk_4bfd602": 0,
    "unk_6c0cb90": 4294967295,
    "snoTraversalSurface": {
     "value": -1,
     "group": 43,
     "groupName": "Surface",
     "type": "sno"
    },
    "unk_b0425e7": []
   }
  },
  {
   "__type__": "Marker",
   "__typeHash__": 3132676386,
   "dwHash": 3673375165,
   "nID": 18,
   "eType": 0,
   "transform": {
    "__type__": "PRTransform",
    "__typeHash__": 2588169118,
    "q": {
     "__type__": "bcQuat",
     "__typeHash__": 3955716320,
     "x": 0.7071073055267334,
     "y": 0.0000031028712328406982,
     "z": -0.7071062922477722,
     "w": -0.000005684573352482403
    },
    "wp": {
     "x": -2.461400032043457,
     "y": -0.47290000319480896,
     "z": 2.510780096054077
    }
   },
   "snoname": {
    "value": 221022,
    "group": 57,
    "groupName": "Material",
    "type": "sno",
    "name": "Step_Building_Paint_Decal_A"
   },
   "dwMarkerFlags": 1024,
   "vecScale": {
    "x": 2.049999952316284,
    "y": 2.549999952316284,
    "z": 0.20000000298023224
   },
   "ptBase": [
    {
     "__type__": "MarkerDecalData",
     "__typeHash__": 2650697781,
     "dwType": 2650697781,
     "dwPad": 0,
     "unk_1e3c3c3": 0,
     "flAngleThreshold": 3.1415927410125732,
     "unk_18f0908": 0,
     "unk_ec8f2d4": 0,
     "unk_b0425e7": []
    }
   ],
   "ptGroupData": [],
   "ptMarkerLinks": [],
   "unk_c339f69": -1,
   "dwSeed": 0,
   "tPrefabData": {
    "__type__": "PrefabData",
    "__typeHash__": 3988626058,
    "dwFlags": 0,
    "unk_32bf9c6": 0,
    "eFadeMethod": 0,
    "nFadeGroup": 0,
    "unk_d094b9a": 0,
    "eCullingLevel": 0,
    "unk_4bfd602": 0,
    "unk_6c0cb90": 4294967295,
    "snoTraversalSurface": {
     "value": -1,
     "group": 43,
     "groupName": "Surface",
     "type": "sno"
    },
    "unk_b0425e7": []
   }
  },
  {
   "__type__": "Marker",
   "__typeHash__": 3132676386,
   "dwHash": 3673375166,
   "nID": 19,
   "eType": 0,
   "transform": {
    "__type__": "PRTransform",
    "__typeHash__": 2588169118,
    "q": {
     "__type__": "bcQuat",
     "__typeHash__": 3955716320,
     "x": -0.4999980032444,
     "y": -0.5000029802322388,
     "z": 0.5000039935112,
     "w": -0.49999505281448364
    },
    "wp": {
     "x": -0.145797997713089,
     "y": -2.79830002784729,
     "z": 2.510780096054077
    }
   },
   "snoname": {
    "value": 221022,
    "group": 57,
    "groupName": "Material",
    "type": "sno",
    "name": "Step_Building_Paint_Decal_A"
   },
   "dwMarkerFlags": 1024,
   "vecScale": {
    "x": 2.049999952316284,
    "y": 2.549999952316284,
    "z": 0.20000000298023224
   },
   "ptBase": [
    {
     "__type__": "MarkerDecalData",
     "__typeHash__": 2650697781,
     "dwType": 2650697781,
     "dwPad": 0,
     "unk_1e3c3c3": 0,
     "flAngleThreshold": 3.1415927410125732,
     "unk_18f0908": 0,
     "unk_ec8f2d4": 0,
     "unk_b0425e7": []
    }
   ],
   "ptGroupData": [],
   "ptMarkerLinks": [],
   "unk_c339f69": -1,
   "dwSeed": 0,
   "tPrefabData": {
    "__type__": "PrefabData",
    "__typeHash__": 3988626058,
    "dwFlags": 0,
    "unk_32bf9c6": 0,
    "eFadeMethod": 0,
    "nFadeGroup": 0,
    "unk_d094b9a": 0,
    "eCullingLevel": 0,
    "unk_4bfd602": 0,
    "unk_6c0cb90": 4294967295,
    "snoTraversalSurface": {
     "value": -1,
     "group": 43,
     "groupName": "Surface",
     "type": "sno"
    },
    "unk_b0425e7": []
   }
  },
  {
   "__type__": "Marker",
   "__typeHash__": 3132676386,
   "dwHash": 3675747005,
   "nID": 20,
   "eType": 0,
   "transform": {
    "__type__": "PRTransform",
    "__typeHash__": 2588169118,
    "q": {
     "__type__": "bcQuat",
     "__typeHash__": 3955716320,
     "x": 2.6341799852502845e-9,
     "y": 0.7071070075035095,
     "z": -2.6341799852502845e-9,
     "w": 0.7071066498756409
    },
    "wp": {
     "x": 1.2869000434875488,
     "y": -0.3830989897251129,
     "z": 4.484879970550537
    }
   },
   "snoname": {
    "value": 221031,
    "group": 57,
    "groupName": "Material",
    "type": "sno",
    "name": "Step_Building_Paint_Decal_C"
   },
   "dwMarkerFlags": 1024,
   "vecScale": {
    "x": 0.800000011920929,
    "y": 0.800000011920929,
    "z": 0.800000011920929
   },
   "ptBase": [
    {
     "__type__": "MarkerDecalData",
     "__typeHash__": 2650697781,
     "dwType": 2650697781,
     "dwPad": 0,
     "unk_1e3c3c3": 0,
     "flAngleThreshold": 3.1415927410125732,
     "unk_18f0908": 0,
     "unk_ec8f2d4": 0,
     "unk_b0425e7": []
    }
   ],
   "ptGroupData": [],
   "ptMarkerLinks": [],
   "unk_c339f69": -1,
   "dwSeed": 0,
   "tPrefabData": {
    "__type__": "PrefabData",
    "__typeHash__": 3988626058,
    "dwFlags": 0,
    "unk_32bf9c6": 0,
    "eFadeMethod": 0,
    "nFadeGroup": 0,
    "unk_d094b9a": 0,
    "eCullingLevel": 0,
    "unk_4bfd602": 0,
    "unk_6c0cb90": 4294967295,
    "snoTraversalSurface": {
     "value": -1,
     "group": 43,
     "groupName": "Surface",