{
 "__fileName__": "base/meta/MarkerSet/Step_Buildings_Wood_WatchtowerFarobru_A.mrk",
 "__snoID__": 1435726,
 "__type__": "MarkerSetDefinition",
 "__typeHash__": 4093179991,
 "tMarkerSet": [
  {
   "__type__": "Marker",
   "__typeHash__": 3132676386,
   "dwHash": 463661007,
   "nID": 1,
   "eType": 5,
   "transform": {
    "__type__": "PRTransform",
    "__typeHash__": 2588169118,
    "q": {
     "__type__": "bcQuat",
     "__typeHash__": 3955716320,
     "x": -0.0009442231385037303,
     "y": -0.07397538423538208,
     "z": -0.000707685889210552,
     "w": 0.9972593784332275
    },
    "wp": {
     "x": -0.7146509885787964,
     "y": 0.3039500117301941,
     "z": 2.015899896621704
    }
   },
   "snoname": null,
   "dwMarkerFlags": 0,
   "dwMarkerFlagsEx": 0,
   "vecScale": {
    "x": 0.5437430143356323,
    "y": 0.5437430143356323,
    "z": 0.5437430143356323
   },
   "ptBase": [],
   "ptGroupData": [
    {
     "__type__": "MarkerGroupData",
     "__typeHash__": 3312843337,
     "tLocalTransform": {
      "__type__": "PRTransform",
      "__typeHash__": 2588169118,
      "q": {
       "__type__": "bcQuat",
       "__typeHash__": 3955716320,
       "x": -0.0009442231385037303,
       "y": -0.07397538423538208,
       "z": -0.000707685889210552,
       "w": 0.9972593784332275
      },
      "wp": {
       "x": -0.8214849829673767,
       "y": 0.349388986825943,
       "z": 2.3172600269317627
      }
     },
     "vecLocalScale": {
      "x": 0.6250290274620056,
      "y": 0.6250290274620056,
      "z": 0.6250290274620056
     }
    }
   ],
   "ptMarkerLinks": [],
   "unk_c339f69": -1,
   "dwSeed": 0,
   "tPrefabData": {
    "__type__": "PrefabData",
    "__typeHash__": 3988626058,
    "dwFlags": 0,
    "unk_32bf9c6": 0,
    "eFadeMethod": 0,
    "nFadeGroup": 0,
    "unk_d094b9a": 1,
    "eCullingLevel": 0,
    "szLookOverride": 0,
    "dwShaderMapOverride": 4294967295,
    "snoTraversalSurface": null,
    "ptRunTimeMaterialValues": []
   }
  }
 ],
 "dwMarkerSetFlags": 131337,
 "nLabel": null,
 "snoCampaignEnableCondition": null,
 "arPrefabDataInfo": [
  {
   "__type__": "PrefabDataInfo",
   "__typeHash__": 1894103222,
   "dwMarkerPathID": 4218009092,
   "tPrefabData": {
    "__type__": "PrefabData",
    "__typeHash__": 3988626058,
    "dwFlags": 0,
    "unk_32bf9c6": 0,
    "eFadeMethod": 0,
    "nFadeGroup": 0,
    "unk_d094b9a": 1,
    "eCullingLevel": 0,
    "szLookOverride": 0,
    "dwShaderMapOverride": 4294967295,
    "snoTraversalSurface": null,
    "ptRunTimeMaterialValues": []
   }
  }
 ],
 "ptPrefabDataMap": "0",
 "ptChunks": [],
 "arVertexAOOffsets": [],
 "ptMergedMsgTriggeredEvents": [],
 "unk_2bbd1d": {
  "__type__": "Type_c8d78ce7",
  "__typeHash__": 3369569511,
  "nWidth": 0,
  "nHeight": 0,
  "nDepth": 0,
  "dwPitch": 0,
  "dwSlicePitch": 0,
  "flGridSize": 0,
  "wpOrigin": {
   "x": 0,
   "y": 0,
   "z": 0
  },
  "unk_4b236f4": "0",
  "unk_aa0958e": {
   "__type__": "DT_VARIABLEARRAY",
   "__typeHash__": 3244749660,
   "__flags__": 2097153,
   "__external__": true,
   "value": {
    "__typeHash__": 1028759507,
    "__type__": "DT_WORD",
    "dataOffset": 0,
    "dataSize": 0
   }
  },
  "unk_aa09583": {
   "__type__": "DT_VARIABLEARRAY",
   "__typeHash__": 3244749660,
   "__flags__": 2097153,
   "__external__": true,
   "value": {
    "__typeHash__": 1028759507,
    "__type__": "DT_WORD",
    "dataOffset": 0,
    "dataSize": 0
   }
  },
  "unk_aa0957e": {
   "__type__": "DT_VARIABLEARRAY",
   "__typeHash__": 3244749660,
   "__flags__": 2097153,
   "__external__": true,
   "value": {
    "__typeHash__": 1028759507,
    "__type__": "DT_WORD",
    "dataOffset": 0,
    "dataSize": 0
   }
  },
  "unk_dd3cf4b": {
   "__type__": "DT_VARIABLEARRAY",
   "__typeHash__": 3244749660,
   "__flags__": 2097153,
   "__external__": true,
   "value": {
    "__typeHash__": 1028759507,
    "__type__": "DT_WORD",
    "dataOffset": 0,
    "dataSize": 0
   }
  },
  "unk_dd3cf40": {
   "__type__": "DT_VARIABLEARRAY",
   "__typeHash__": 3244749660,
   "__flags__": 2097153,
   "__external__": true,
   "value": {
    "__typeHash__": 1028759507,
    "__type__": "DT_WORD",
    "dataOffset": 0,
    "dataSize": 0
   }
  },
  "unk_dd3cf3b": {
   "__type__": "DT_VARIABLEARRAY",
   "__typeHash__": 3244749660,
   "__flags__": 2097153,
   "__external__": true,
   "value": {
    "__typeHash__": 1028759507,
    "__type__": "DT_WORD",
    "dataOffset": 0,
    "dataSize": 0
   }
  }
 },
 "arVertexAO": {
  "__type__": "DT_VARIABLEARRAY",
  "__typeHash__": 3244749660,
  "__flags__": 2097152,
  "__external__": true,
  "value": {
   "__typeHash__": 1028015787,
   "__type__": "DT_BYTE",
   "dataOffset": 0,
   "dataSize": 0
  }
 },
 "unk_2f217b0": -1,
 "unk_d0a9662": "0"
}
