{
 "__fileName__": "data/base/meta/MarkerSet/TT_Step_Grassland_Cave_Sand_NSEW_01 (VFX).mrk",
 "__snoID__": 697281,
 "__type__": "MarkerSetDefinition",
 "__typeHash__": 4093179991,
 "tMarkerSet": [
  {
   "__type__": "Marker",
   "__typeHash__": 3132676386,
   "dwHash": 3570835793,
   "nID": 2,
   "eType": 0,
   "transform": {
    "__type__": "PRTransform",
    "__typeHash__": 2588169118,
    "q": {
     "__type__": "bcQuat",
     "__typeHash__": 3955716320,
     "x": 0.06394236534833908,
     "y": 0.0035241192672401667,
     "z": -0.8407946825027466,
     "w": 0.5375530123710632
    },
    "wp": {
     "x": 13.76830005645752,
     "y": 10.470600128173828,
     "z": 0.7461310029029846
    }
   },
   "snoname": {
    "__raw__": 481789,
    "__group__": 14,
    "__type__": "DT_SNO_NAME",
    "__typeHash__": 3339108615,
    "groupName": "EffectGroup",
    "name": "environmentVFX_sand_directionalDecals"
   },
   "dwMarkerFlags": 0,
   "vecScale": {
    "x": 0.9900000095367432,
    "y": 0.7799999713897705,
    "z": 0.9900000095367432
   },
   "ptBase": [
    {
     "__type__": "MarkerEffectGroupData",
     "__typeHash__": 1385267894,
     "dwType": 1385267894,
     "dwPad": 0,
     "unk_90afea4": 0,
     "unk_4bf3f6b": 0,
     "unk_9411612": 0,
     "unk_b0425e7": []
    }
   ],
   "ptGroupData": [],
   "ptMarkerLinks": [],
   "unk_c339f69": -1,
   "dwSeed": 0,
   "tPrefabData": {
    "__type__": "PrefabData",
    "__typeHash__": 3988626058,
    "dwFlags": 0,
    "unk_32bf9c6": 0,
    "eFadeMethod": 0,
    "nFadeGroup": 0,
    "unk_d094b9a": 0,
    "eCullingLevel": 0,
    "unk_4bfd602": 0,
    "dwShaderMapOverride": 4294967295,
    "snoTraversalSurface": null,
    "unk_b0425e7": []
   }
  },
  {
   "__type__": "Marker",
   "__typeHash__": 3132676386,
   "dwHash": 2564927120,
   "nID": 5,
   "eType": 0,
   "transform": {
    "__type__": "PRTransform",
    "__typeHash__": 2588169118,
    "q": {
     "__type__": "bcQuat",
     "__typeHash__": 3955716320,
     "x": 0,
     "y": 0,
     "z": 0,
     "w": 1
    },
    "wp": {
     "x": 4.5237298011779785,
     "y": 21.733200073242188,
     "z": 6.841169834136963
    }
   },
   "snoname": {
    "__raw__": 516601,
    "__group__": 14,
    "__type__": "DT_SNO_NAME",
    "__typeHash__": 3339108615,
    "groupName": "EffectGroup",
    "name": "environmentVFX_dungeonCloud_warm"
   },
   "dwMarkerFlags": 0,
   "vecScale": {
    "x": 1.8300000429153442,
    "y": 1.8300000429153442,
    "z": 1.8300000429153442
   },
   "ptBase": [
    {
     "__type__": "MarkerEffectGroupData",
     "__typeHash__": 1385267894,
     "dwType": 1385267894,
     "dwPad": 0,
     "unk_90afea4": 0,
     "unk_4bf3f6b": 0,
     "unk_9411612": 0,
     "unk_b0425e7": []
    }
   ],
   "ptGroupData": [],
   "ptMarkerLinks": [],
   "unk_c339f69": -1,
   "dwSeed": 0,
   "tPrefabData": {
    "__type__": "PrefabData",
    "__typeHash__": 3988626058,
    "dwFlags": 0,
    "unk_32bf9c6": 0,
    "eFadeMethod": 0,
    "nFadeGroup": 0,
    "unk_d094b9a": 0,
    "eCullingLevel": 0,
    "unk_4bfd602": 0,
    "dwShaderMapOverride": 4294967295,
    "snoTraversalSurface": null,
    "unk_b0425e7": []
   }
  },
  {
   "__type__": "Marker",
   "__typeHash__": 3132676386,
   "dwHash": 3570835794,
   "nID": 7,
   "eType": 0,
   "transform": {
    "__type__": "PRTransform",
    "__typeHash__": 2588169118,
    "q": {
     "__type__": "bcQuat",
     "__typeHash__": 3955716320,
     "x": 0.009380938485264778,
     "y": -0.0460641048848629,
     "z": 0.994123101234436,
     "w": 0.09751670062541962
    },
    "wp": {
     "x": 7.012249946594238,
     "y": 13.19379997253418,
     "z": 0.37736400961875916
    }
   },
   "snoname": {
    "__raw__": 481789,
    "__group__": 14,
    "__type__": "DT_SNO_NAME",
    "__typeHash__": 3339108615,
    "groupName": "EffectGroup",
    "name": "environmentVFX_sand_directionalDecals"
   },
   "dwMarkerFlags": 0,
   "vecScale": {
    "x": 0.9900000095367432,
    "y": 0.7799999713897705,
    "z": 0.9900000095367432
   },
   "ptBase": [
    {
     "__type__": "MarkerEffectGroupData",
     "__typeHash__": 1385267894,
     "dwType": 1385267894,
     "dwPad": 0,
     "unk_90afea4": 0,
     "unk_4bf3f6b": 0,
     "unk_9411612": 0,
     "unk_b0425e7": []
    }
   ],
   "ptGroupData": [],
   "ptMarkerLinks": [],
   "unk_c339f69": -1,
   "dwSeed": 0,
   "tPrefabData": {
    "__type__": "PrefabData",
    "__typeHash__": 3988626058,
    "dwFlags": 0,
    "unk_32bf9c6": 0,
    "eFadeMethod": 0,
    "nFadeGroup": 0,
    "unk_d094b9a": 0,
    "eCullingLevel": 0,
    "unk_4bfd602": 0,
    "dwShaderMapOverride": 4294967295,
    "snoTraversalSurface": null,
    "unk_b0425e7": []
   }
  },
  {
   "__type__": "Marker",
   "__typeHash__": 3132676386,
   "dwHash": 3570835795,
   "nID": 8,
   "eType": 0,
   "transform": {
    "__type__": "PRTransform",
    "__typeHash__": 2588169118,
    "q": {
     "__type__": "bcQuat",
     "__typeHash__": 3955716320,
     "x": -0.05685865134000778,
     "y": 0.014790267683565617,
     "z": 0.9975847601890564,
     "w": 0.03705473989248276
    },
    "wp": {
     "x": 9.954870223999023,
     "y": 4.248610019683838,
     "z": -0.08964870125055313
    }
   },
   "snoname": {
    "__raw__": 481789,
    "__group__": 14,
    "__type__": "DT_SNO_NAME",
    "__typeHash__": 3339108615,
    "groupName": "EffectGroup",
    "name": "environmentVFX_sand_directionalDecals"
   },
   "dwMarkerFlags": 0,
   "vecScale": {
    "x": 0.48262500762939453,
    "y": 0.5849999785423279,
    "z": 0.9900000095367432
   },
   "ptBase": [
    {
     "__type__": "MarkerEffectGroupData",
     "__typeHash__": 1385267894,
     "dwType": 1385267894,
     "dwPad": 0,
     "unk_90afea4": 0,
     "unk_4bf3f6b": 0,
     "unk_9411612": 0,
     "unk_b0425e7": []
    }
   ],
   "ptGroupData": [],
   "ptMarkerLinks": [],
   "unk_c339f69": -1,
   "dwSeed": 0,
   "tPrefabData": {
    "__type__": "PrefabData",
    "__typeHash__": 3988626058,
    "dwFlags": 0,
    "unk_32bf9c6": 0,
    "eFadeMethod": 0,
    "nFadeGroup": 0,
    "unk_d094b9a": 0,
    "eCullingLevel": 0,
    "unk_4bfd602": 0,
    "dwShaderMapOverride": 4294967295,
    "snoTraversalSurface": null,
    "unk_b0425e7": []
   }
  },
  {
   "__type__": "Marker",
   "__typeHash__": 3132676386,
   "dwHash": 3570835796,
   "nID": 9,
   "eType": 0,
   "transform": {
    "__type__": "PRTransform",
    "__typeHash__": 2588169118,
    "q": {
     "__type__": "bcQuat",
     "__typeHash__": 3955716320,
     "x": -0.05038779228925705,
     "y": -0.047883953899145126,
     "z": 0.9143581390380859,
     "w": -0.3988952934741974
    },
    "wp": {
     "x": 7.578159809112549,
     "y": 8.930299758911133,
     "z": -0.18111799657344818
    }
   },
   "snoname": {
    "__raw__": 481789,
    "__group__": 14,
    "__type__": "DT_SNO_NAME",
    "__typeHash__": 3339108615,
    "groupName": "EffectGroup",
    "name": "environmentVFX_sand_directionalDecals"
   },
   "dwMarkerFlags": 0,
   "vecScale": {
    "x": 0.48262500762939453,
    "y": 0.5849999785423279,
    "z": 0.9900000095367432
   },
   "ptBase": [
    {
     "__type__": "MarkerEffectGroupData",
     "__typeHash__": 1385267894,
     "dwType": 1385267894,
     "dwPad": 0,
     "unk_90afea4": 0,
     "unk_4bf3f6b": 0,
     "unk_9411612": 0,
     "unk_b0425e7": []
    }
   ],
   "ptGroupData": [],
   "ptMarkerLinks": [],
   "unk_c339f69": -1,
   "dwSeed": 0,
   "tPrefabData": {
    "__type__": "PrefabData",
    "__typeHash__": 3988626058,
    "dwFlags": 0,
    "unk_32bf9c6": 0,
    "eFadeMethod": 0,
    "nFadeGroup": 0,
    "unk_d094b9a": 0,
    "eCullingLevel": 0,
    "unk_4bfd602": 0,
    "dwShaderMapOverride": 4294967295,
    "snoTraversalSurface": null,
    "unk_b0425e7": []
   }
  }
 ],
 "dwMarkerSetFlags": 131072,
 "nLabel": null,
 "snoCampaignEnableCondition": null,
 "unk_6d7f2e9": [],
 "unk_db67c2c": "0",
 "ptChunks": [],
 "unk_a3613db": [],
 "unk_6458d11": [],
 "unk_2bbd1d": {
  "__type__": "Type_c8d78ce7",
  "__typeHash__": 3369569511,
  "nWidth": 0,