{
 "__fileName__": "data/base/meta/MarkerSet/Zak_Ext_Building_Orbei_Monastery_BurialHouse.mrk",
 "__snoID__": 869700,
 "__type__": "MarkerSetDefinition",
 "__typeHash__": 4093179991,
 "tMarkerSet": [
  {
   "__type__": "Marker",
   "__typeHash__": 3132676386,
   "dwHash": 1898949579,
   "nID": 38,
   "eType": 0,
   "transform": {
    "__type__": "PRTransform",
    "__typeHash__": 2588169118,
    "q": {
     "__type__": "bcQuat",
     "__typeHash__": 3955716320,
     "x": 0.41474398970603943,
     "y": 0.5726996660232544,
     "z": -0.4147445857524872,
     "w": 0.5727036595344543
    },
    "wp": {
     "x": -1.3698300123214722,
     "y": -0.020540999248623848,
     "z": 0.9678559899330139
    }
   },
   "snoname": {
    "value": 690323,
    "group": 57,
    "groupName": "Material",
    "type": "sno",
    "name": "Zak_Ext_Decal_Brick_Grime_B"
   },
   "dwMarkerFlags": 1024,
   "vecScale": {
    "x": 1.077739953994751,
    "y": 3.528700113296509,
    "z": 3
   },
   "ptBase": [
    {
     "__type__": "MarkerDecalData",
     "__typeHash__": 2650697781,
     "dwType": 2650697781,
     "dwPad": 0,
     "unk_1e3c3c3": 0,
     "flAngleThreshold": 1.4486232995986938,
     "unk_18f0908": 0,
     "unk_ec8f2d4": 0,
     "unk_b0425e7": []
    }
   ],
   "ptGroupData": [],
   "ptMarkerLinks": [],
   "unk_c339f69": -1,
   "dwSeed": 0,
   "tPrefabData": {
    "__type__": "PrefabData",
    "__typeHash__": 3988626058,
    "dwFlags": 0,
    "unk_32bf9c6": 0,
    "eFadeMethod": 0,
    "nFadeGroup": 0,
    "unk_d094b9a": 0,
    "eCullingLevel": 0,
    "unk_4bfd602": 0,
    "unk_6c0cb90": 4294967295,
    "snoTraversalSurface": {
     "value": -1,
     "group": 43,
     "groupName": "Surface",
     "type": "sno"
    },
    "unk_b0425e7": []
   }
  },
  {
   "__type__": "Marker",
   "__typeHash__": 3132676386,
   "dwHash": 1898949580,
   "nID": 43,
   "eType": 0,
   "transform": {
    "__type__": "PRTransform",
    "__typeHash__": 2588169118,
    "q": {
     "__type__": "bcQuat",
     "__typeHash__": 3955716320,
     "x": -0.5136653184890747,
     "y": 0.4859486222267151,
     "z": 0.5136683583259583,
     "w": 0.48594930768013
    },
    "wp": {
     "x": -0.6715229749679565,
     "y": 0.11435200273990631,
     "z": 0.9678590297698975
    }
   },
   "snoname": {
    "value": 690323,
    "group": 57,
    "groupName": "Material",
    "type": "sno",
    "name": "Zak_Ext_Decal_Brick_Grime_B"
   },
   "dwMarkerFlags": 1024,
   "vecScale": {
    "x": 1.077739953994751,
    "y": 4.608409881591797,
    "z": 3
   },
   "ptBase": [
    {
     "__type__": "MarkerDecalData",
     "__typeHash__": 2650697781,
     "dwType": 2650697781,
     "dwPad": 0,
     "unk_1e3c3c3": 0,
     "flAngleThreshold": 1.4486232995986938,
     "unk_18f0908": 0,
     "unk_ec8f2d4": 0,
     "unk_b0425e7": []
    }
   ],
   "ptGroupData": [],
   "ptMarkerLinks": [],
   "unk_c339f69": -1,
   "dwSeed": 0,
   "tPrefabData": {
    "__type__": "PrefabData",
    "__typeHash__": 3988626058,
    "dwFlags": 0,
    "unk_32bf9c6": 0,
    "eFadeMethod": 0,
    "nFadeGroup": 0,
    "unk_d094b9a": 0,
    "eCullingLevel": 0,
    "unk_4bfd602": 0,
    "unk_6c0cb90": 4294967295,
    "snoTraversalSurface": {
     "value": -1,
     "group": 43,
     "groupName": "Surface",
     "type": "sno"
    },
    "unk_b0425e7": []
   }
  },
  {
   "__type__": "Marker",
   "__typeHash__": 3132676386,
   "dwHash": 3009474615,
   "nID": 79,
   "eType": 3,
   "transform": {
    "__type__": "PRTransform",
    "__typeHash__": 2588169118,
    "q": {
     "__type__": "bcQuat",
     "__typeHash__": 3955716320,
     "x": 0,
     "y": 0,
     "z": -0.0000013709068298339844,
     "w": 1
    },
    "wp": {
     "x": -2.5514700412750244,
     "y": 0.9250720143318176,
     "z": 1.3531700372695923
    }
   },
   "snoname": {
    "value": -1,
    "group": -1,
    "groupName": "None",
    "type": "sno"
   },
   "dwMarkerFlags": 0,
   "vecScale": {
    "x": 3.097830057144165,
    "y": 5.309929847717285,
    "z": 1.9006999731063843
   },
   "ptBase": [
    {
     "__type__": "MarkerFadeVolumeData",
     "__typeHash__": 413517284,
     "dwType": 413517284,
     "dwPad": 0,
     "unk_f86aafe": 0,
     "eBehavior": 2,
     "unk_d014f8b": 0,
     "unk_81c0263": 0,
     "nFadeGroup": 21
    }
   ],
   "ptGroupData": [],
   "ptMarkerLinks": [],
   "unk_c339f69": -1,
   "dwSeed": 0,
   "tPrefabData": {
    "__type__": "PrefabData",
    "__typeHash__": 3988626058,
    "dwFlags": 0,
    "unk_32bf9c6": 0,
    "eFadeMethod": 0,
    "nFadeGroup": 0,
    "unk_d094b9a": 0,
    "eCullingLevel": 0,
    "unk_4bfd602": 0,
    "unk_6c0cb90": 4294967295,
    "snoTraversalSurface": {
     "value": -1,
     "group": 43,
     "groupName": "Surface",
     "type": "sno"
    },
    "unk_b0425e7": []
   }
  }
 ],
 "dwMarkerSetFlags": 131337,
 "nLabel": {
  "value": 4294967295,
  "type": "gbid",
  "group": 4
 },
 "unk_677237e": {
  "value": -1,
  "group": 51,
  "groupName": "Condition",
  "type": "sno"
 },
 "unk_6d7f2e9": [],
 "unk_db67c2c": "0",
 "ptChunks": [],
 "unk_a3613db": [],
 "unk_6458d11": [],
 "unk_2bbd1d": {
  "__type__": "Type_c8d78ce7",
  "__typeHash__": 3369569511,
  "nWidth": 0,
  "nHeight": 0,
  "nDepth": 0,
  "dwPitch": 0,
  "dwSlicePitch": 0,
  "flGridSize": 0,
  "wpOrigin": {
   "x": 0,
   "y": 0,
   "z": 0
  },
  "unk_4b236f4": "0",
  "unk_aa0958e": [],
  "unk_aa09583": [],
  "unk_aa0957e": [],
  "unk_dd3cf4b": [],
  "unk_dd3cf40": [],
  "unk_dd3cf3b": []
 },
 "unk_69b6741": [],
 "unk_2f217b0": -1,
 "unk_d0a9662": "0"
}
