{
 "__fileName__": "base/meta/Texture/2DInventory_cmpItem_e001.tex",
 "__snoID__": 1955885,
 "__type__": "TextureDefinition",
 "__typeHash__": 3631735738,
 "eTexFormat": 49,
 "dwVolumeXSlices": 1,
 "dwVolumeYSlices": 1,
 "dwWidth": 128,
 "dwHeight": 192,
 "dwDepth": 1,
 "dwFaceCount": 1,
 "dwMipMapLevelMin": 0,
 "dwMipMapLevelMax": 0,
 "dwImportFlags": 18448,
 "eTextureResourceType": 0,
 "rgbavalAvgColor": {
  "r": 0.06895134598016739,
  "g": 0.06676580011844635,
  "b": 0.06072055175900459,
  "a": 1.281611442565918
 },
 "pHotspot": {
  "x": 0,
  "y": 0
 },
 "serTex": [
  {
   "__type__": "SerializeData",
   "__typeHash__": 2632036962,
   "dwOffset": 0,
   "dwSizeAndFlags": 24576
  }
 ],
 "ptFrame": [
  {
   "__type__": "TexFrame",
   "__typeHash__": 24231676,
   "hImageHandle": 1079018738,
   "flU0": 0.0078125,
   "flV0": 0.0052083334885537624,
   "flU1": 0.9453125,
   "flV1": 0.9427083730697632,
   "flTrimU0": 0.109375,
   "flTrimV0": 0.203125,
   "flTrimU1": 0.796875,
   "flTrimV1": 0.75
  }
 ],
 "unk_20823c1": [],
 "ptPostprocessed": "0"
}
