{
 "__fileName__": "base/meta/Texture/2DInventory_Bundle_MountAmor_stor119.tex",
 "__snoID__": 1582100,
 "__type__": "TextureDefinition",
 "__typeHash__": 3631735738,
 "eTexFormat": 49,
 "dwVolumeXSlices": 1,
 "dwVolumeYSlices": 1,
 "dwWidth": 128,
 "dwHeight": 192,
 "dwDepth": 1,
 "dwFaceCount": 1,
 "dwMipMapLevelMin": 0,
 "dwMipMapLevelMax": 0,
 "dwImportFlags": 2576,
 "eTextureResourceType": 0,
 "rgbavalAvgColor": {
  "r": 0.10770275443792343,
  "g": 0.10626207292079926,
  "b": 0.1134105697274208,
  "a": 1.5644861459732056
 },
 "pHotspot": {
  "x": 0,
  "y": 0
 },
 "serTex": [
  {
   "__type__": "SerializeData",
   "__typeHash__": 2632036962,
   "dwOffset": 0,
   "dwSizeAndFlags": 24576
  }
 ],
 "ptFrame": [
  {
   "__type__": "TexFrame",
   "__typeHash__": 24231676,
   "hImageHandle": 1448932255,
   "flU0": 0.0078125,
   "flV0": 0.0052083334885537624,
   "flU1": 0.9453125,
   "flV1": 0.9427083730697632,
   "flTrimU0": 0.0546875,
   "flTrimV0": 0.0625,
   "flTrimU1": 0.8984375,
   "flTrimV1": 0.9427083730697632
  }
 ],
 "unk_20823c1": [],
 "ptPostprocessed": "0"
}
