{
 "__fileName__": "base/meta/Texture/2DInventory_Bundle_PH_The Convict.tex",
 "__snoID__": 1498633,
 "__type__": "TextureDefinition",
 "__typeHash__": 3631735738,
 "eTexFormat": 49,
 "dwVolumeXSlices": 1,
 "dwVolumeYSlices": 1,
 "dwWidth": 368,
 "dwHeight": 184,
 "dwDepth": 1,
 "dwFaceCount": 1,
 "dwMipMapLevelMin": 0,
 "dwMipMapLevelMax": 0,
 "dwImportFlags": 2576,
 "eTextureResourceType": 0,
 "rgbavalAvgColor": {
  "r": 0.00862138345837593,
  "g": 0.005919438786804676,
  "b": 0.0036310995928943157,
  "a": 1.2402265071868896
 },
 "pHotspot": {
  "x": 0,
  "y": 0
 },
 "serTex": [
  {
   "__type__": "SerializeData",
   "__typeHash__": 2632036962,
   "dwOffset": 0,
   "dwSizeAndFlags": 70656
  }
 ],
 "ptFrame": [
  {
   "__type__": "TexFrame",
   "__typeHash__": 24231676,
   "hImageHandle": 1316114058,
   "flU0": 0.66576087474823,
   "flV0": 0.005434782709926367,
   "flU1": 0.9918478727340698,
   "flV1": 0.9836956858634949,
   "flTrimU0": 0.679347813129425,
   "flTrimV0": 0.07608696073293686,
   "flTrimU1": 0.9755434989929199,
   "flTrimV1": 0.9239130616188049
  },
  {
   "__type__": "TexFrame",
   "__typeHash__": 24231676,
   "hImageHandle": 4184122731,
   "flU0": 0.0027173913549631834,
   "flV0": 0.005434782709926367,
   "flU1": 0.3288043439388275,
   "flV1": 0.9836956858634949,
   "flTrimU0": 0.05978260934352875,
   "flTrimV0": 0.1195652186870575,
   "flTrimU1": 0.22826087474822998,
   "flTrimV1": 0.85326087474823
  },
  {
   "__type__": "TexFrame",
   "__typeHash__": 24231676,
   "hImageHandle": 3317276998,
   "flU0": 0.33423912525177,
   "flV0": 0.005434782709926367,
   "flU1": 0.6603261232376099,
   "flV1": 0.9836956858634949,
   "flTrimU0": 0.3505434989929199,
   "flTrimV0": 0.135869562625885,
   "flTrimU1": 0.64402174949646,
   "flTrimV1": 0.875
  }
 ],
 "unk_20823c1": [],
 "ptPostprocessed": "0"
}
