{
 "__fileName__": "base/meta/Texture/2DInventory_Bundle_StarterPack_Mount006.tex",
 "__snoID__": 1450345,
 "__type__": "TextureDefinition",
 "__typeHash__": 3631735738,
 "eTexFormat": 49,
 "dwVolumeXSlices": 1,
 "dwVolumeYSlices": 1,
 "dwWidth": 128,
 "dwHeight": 184,
 "dwDepth": 1,
 "dwFaceCount": 1,
 "dwMipMapLevelMin": 0,
 "dwMipMapLevelMax": 0,
 "dwImportFlags": 2576,
 "eTextureResourceType": 0,
 "rgbavalAvgColor": {
  "r": 0.029589632526040077,
  "g": 0.026456372812390327,
  "b": 0.025064976885914803,
  "a": 1.348189115524292
 },
 "pHotspot": {
  "x": 0,
  "y": 0
 },
 "serTex": [
  {
   "__type__": "SerializeData",
   "__typeHash__": 2632036962,
   "dwOffset": 0,
   "dwSizeAndFlags": 23552
  }
 ],
 "ptFrame": [
  {
   "__type__": "TexFrame",
   "__typeHash__": 24231676,
   "hImageHandle": 2121191280,
   "flU0": 0.0078125,
   "flV0": 0.005434782709926367,
   "flU1": 0.9453125,
   "flV1": 0.9836956858634949,
   "flTrimU0": 0.0625,
   "flTrimV0": 0.09782608598470688,
   "flTrimU1": 0.9453125,
   "flTrimV1": 0.9728261232376099
  }
 ],
 "unk_20823c1": [],
 "ptPostprocessed": "0"
}
