{
 "__fileName__": "base/meta/Texture/2DInventory_Season_LTE_General.tex",
 "__snoID__": 1671110,
 "__type__": "TextureDefinition",
 "__typeHash__": 3631735738,
 "eTexFormat": 49,
 "dwVolumeXSlices": 1,
 "dwVolumeYSlices": 1,
 "dwWidth": 256,
 "dwHeight": 256,
 "dwDepth": 1,
 "dwFaceCount": 1,
 "dwMipMapLevelMin": 0,
 "dwMipMapLevelMax": 0,
 "dwImportFlags": 2096,
 "eTextureResourceType": 0,
 "rgbavalAvgColor": {
  "r": 0.22571048140525818,
  "g": 0.18226119875907898,
  "b": 0.18172019720077515,
  "a": 1.48984956741333
 },
 "pHotspot": {
  "x": 0,
  "y": 0
 },
 "serTex": [
  {
   "__type__": "SerializeData",
   "__typeHash__": 2632036962,
   "dwOffset": 0,
   "dwSizeAndFlags": 65536
  }
 ],
 "ptFrame": [
  {
   "__type__": "TexFrame",
   "__typeHash__": 24231676,
   "hImageHandle": 3734489672,
   "flU0": 0.48046875,
   "flV0": 0.00390625,
   "flU1": 0.94921875,
   "flV1": 0.70703125,
   "flTrimU0": 0.48046875,
   "flTrimV0": 0.00390625,
   "flTrimU1": 0.94921875,
   "flTrimV1": 0.70703125
  },
  {
   "__type__": "TexFrame",
   "__typeHash__": 24231676,
   "hImageHandle": 3098701079,
   "flU0": 0.00390625,
   "flV0": 0.00390625,
   "flU1": 0.47265625,
   "flV1": 0.70703125,
   "flTrimU0": 0.01171875,
   "flTrimV0": 0.078125,
   "flTrimU1": 0.421875,
   "flTrimV1": 0.65234375
  }
 ],
 "unk_20823c1": [],
 "ptPostprocessed": "0"
}
