{
 "__fileName__": "data/base/meta/Texture/2DInventory_Bundle_Accessory_sor_stor001.tex",
 "__snoID__": 1184375,
 "__type__": "TextureDefinition",
 "__typeHash__": 3631735738,
 "eTexFormat": 49,
 "dwVolumeXSlices": 1,
 "dwVolumeYSlices": 1,
 "dwWidth": 128,
 "dwHeight": 184,
 "dwDepth": 1,
 "dwFaceCount": 1,
 "dwMipMapLevelMin": 0,
 "dwMipMapLevelMax": 0,
 "dwImportFlags": 2576,
 "unk_d27620": 0,
 "unk_dc7d39c": {
  "r": 0.051642049103975296,
  "g": 0.04217056557536125,
  "b": 0.038420580327510834,
  "a": 1.3240364789962769
 },
 "pHotspot": {
  "x": 0,
  "y": 0
 },
 "serTex": [
  {
   "__type__": "SerializeData",
   "__typeHash__": 2632036962,
   "dwOffset": 0,
   "dwSizeAndFlags": 23552
  }
 ],
 "ptFrame": [
  {
   "__type__": "TexFrame",
   "__typeHash__": 24231676,
   "hImageHandle": 2128150417,
   "flU0": 0.0078125,
   "flV0": 0.005434782709926367,
   "flU1": 0.9453125,
   "flV1": 0.9836956858634949,
   "unk_8081ff3": 0.171875,
   "unk_8082014": 0.032608695328235626,
   "unk_8081ff4": 0.8515625,
   "unk_8082015": 0.9402174353599548
  }
 ],
 "unk_20823c1": [],
 "ptPostprocessed": "0"
}
