{
 "__fileName__": "base/meta/Texture/2DInventory_Bundle_Accessory_trophy_nec007_stor.tex",
 "__snoID__": 1491906,
 "__type__": "TextureDefinition",
 "__typeHash__": 3631735738,
 "eTexFormat": 49,
 "dwVolumeXSlices": 1,
 "dwVolumeYSlices": 1,
 "dwWidth": 128,
 "dwHeight": 184,
 "dwDepth": 1,
 "dwFaceCount": 1,
 "dwMipMapLevelMin": 0,
 "dwMipMapLevelMax": 0,
 "dwImportFlags": 2576,
 "eTextureResourceType": 0,
 "rgbavalAvgColor": {
  "r": 0.020892413333058357,
  "g": 0.011031238362193108,
  "b": 0.004849041812121868,
  "a": 1.2909475564956665
 },
 "pHotspot": {
  "x": 0,
  "y": 0
 },
 "serTex": [
  {
   "__type__": "SerializeData",
   "__typeHash__": 2632036962,
   "dwOffset": 0,
   "dwSizeAndFlags": 23552
  }
 ],
 "ptFrame": [
  {
   "__type__": "TexFrame",
   "__typeHash__": 24231676,
   "hImageHandle": 4132708025,
   "flU0": 0.0078125,
   "flV0": 0.005434782709926367,
   "flU1": 0.9453125,
   "flV1": 0.9836956858634949,
   "flTrimU0": 0.0546875,
   "flTrimV0": 0.021739130839705467,
   "flTrimU1": 0.890625,
   "flTrimV1": 0.91847825050354
  }
 ],
 "unk_20823c1": [],
 "ptPostprocessed": "0"
}
