{
 "__fileName__": "data/base/meta/Texture/2DInventory_Bundle_MountAmor_stor005.tex",
 "__snoID__": 1325385,
 "__type__": "TextureDefinition",
 "__typeHash__": 3631735738,
 "eTexFormat": 49,
 "dwVolumeXSlices": 1,
 "dwVolumeYSlices": 1,
 "dwWidth": 368,
 "dwHeight": 184,
 "dwDepth": 1,
 "dwFaceCount": 1,
 "dwMipMapLevelMin": 0,
 "dwMipMapLevelMax": 0,
 "dwImportFlags": 2576,
 "unk_d27620": 0,
 "unk_dc7d39c": {
  "r": 0.04654308408498764,
  "g": 0.022806892171502113,
  "b": 0.01210508868098259,
  "a": 1.3486779928207397
 },
 "pHotspot": {
  "x": 0,
  "y": 0
 },
 "serTex": [
  {
   "__type__": "SerializeData",
   "__typeHash__": 2632036962,
   "dwOffset": 0,
   "dwSizeAndFlags": 70656
  }
 ],
 "ptFrame": [
  {
   "__type__": "TexFrame",
   "__typeHash__": 24231676,
   "hImageHandle": 2023316713,
   "flU0": 0.66576087474823,
   "flV0": 0.005434782709926367,
   "flU1": 0.9918478727340698,
   "flV1": 0.9836956858634949,
   "unk_8081ff3": 0.7336956858634949,
   "unk_8082014": 0.135869562625885,
   "unk_8081ff4": 0.9538043737411499,
   "unk_8082015": 0.8152174353599548
  },
  {
   "__type__": "TexFrame",
   "__typeHash__": 24231676,
   "hImageHandle": 2024502634,
   "flU0": 0.0027173913549631834,
   "flV0": 0.005434782709926367,
   "flU1": 0.3288043439388275,
   "flV1": 0.9836956858634949,
   "unk_8081ff3": 0.0679347813129425,
   "unk_8082014": 0.05978260934352875,
   "unk_8081ff4": 0.25,
   "unk_8082015": 0.842391312122345
  },
  {
   "__type__": "TexFrame",
   "__typeHash__": 24231676,
   "hImageHandle": 816366425,
   "flU0": 0.33423912525177,
   "flV0": 0.005434782709926367,
   "flU1": 0.6603261232376099,
   "flV1": 0.9836956858634949,
   "unk_8081ff3": 0.34510868787765503,
   "unk_8082014": 0.032608695328235626,
   "unk_8081ff4": 0.64673912525177,
   "unk_8082015": 0.9836956858634949
  }
 ],
 "unk_20823c1": [],
 "ptPostprocessed": "0"
}
