{
 "__fileName__": "base/meta/Texture/2DInventory_Bundle_PH_S4_Battle_Pass.tex",
 "__snoID__": 1846281,
 "__type__": "TextureDefinition",
 "__typeHash__": 3631735738,
 "eTexFormat": 49,
 "dwVolumeXSlices": 1,
 "dwVolumeYSlices": 1,
 "dwWidth": 128,
 "dwHeight": 184,
 "dwDepth": 1,
 "dwFaceCount": 1,
 "dwMipMapLevelMin": 0,
 "dwMipMapLevelMax": 0,
 "dwImportFlags": 2576,
 "eTextureResourceType": 0,
 "rgbavalAvgColor": {
  "r": 0.021991528570652008,
  "g": 0.02106422185897827,
  "b": 0.01575157605111599,
  "a": 1.2425774335861206
 },
 "pHotspot": {
  "x": 0,
  "y": 0
 },
 "serTex": [
  {
   "__type__": "SerializeData",
   "__typeHash__": 2632036962,
   "dwOffset": 0,
   "dwSizeAndFlags": 23552
  }
 ],
 "ptFrame": [
  {
   "__type__": "TexFrame",
   "__typeHash__": 24231676,
   "hImageHandle": 3627395254,
   "flU0": 0.0078125,
   "flV0": 0.005434782709926367,
   "flU1": 0.9453125,
   "flV1": 0.9836956858634949,
   "flTrimU0": 0.171875,
   "flTrimV0": 0.22282609343528748,
   "flTrimU1": 0.8046875,
   "flTrimV1": 0.7554348111152649
  }
 ],
 "unk_20823c1": [],
 "ptPostprocessed": "0"
}
