{
 "__fileName__": "base/meta/Texture/2DInventory_Bundle_Accessory_bar_stor006.tex",
 "__snoID__": 1402313,
 "__type__": "TextureDefinition",
 "__typeHash__": 3631735738,
 "eTexFormat": 49,
 "dwVolumeXSlices": 1,
 "dwVolumeYSlices": 1,
 "dwWidth": 128,
 "dwHeight": 184,
 "dwDepth": 1,
 "dwFaceCount": 1,
 "dwMipMapLevelMin": 0,
 "dwMipMapLevelMax": 0,
 "dwImportFlags": 2576,
 "eTextureResourceType": 0,
 "rgbavalAvgColor": {
  "r": 0.06440510600805283,
  "g": 0.02490006387233734,
  "b": 0.01280237641185522,
  "a": 1.4063208103179932
 },
 "pHotspot": {
  "x": 0,
  "y": 0
 },
 "serTex": [
  {
   "__type__": "SerializeData",
   "__typeHash__": 2632036962,
   "dwOffset": 0,
   "dwSizeAndFlags": 23552
  }
 ],
 "ptFrame": [
  {
   "__type__": "TexFrame",
   "__typeHash__": 24231676,
   "hImageHandle": 1992741271,
   "flU0": 0.0078125,
   "flV0": 0.005434782709926367,
   "flU1": 0.9453125,
   "flV1": 0.9836956858634949,
   "flTrimU0": 0.0703125,
   "flTrimV0": 0.17391304671764374,
   "flTrimU1": 0.875,
   "flTrimV1": 0.864130437374115
  }
 ],
 "unk_20823c1": [],
 "ptPostprocessed": "0"
}
