{
 "__fileName__": "base/meta/Texture/2DInventory_Bundle_Promo_Twitch_016.tex",
 "__snoID__": 1501828,
 "__type__": "TextureDefinition",
 "__typeHash__": 3631735738,
 "eTexFormat": 49,
 "dwVolumeXSlices": 1,
 "dwVolumeYSlices": 1,
 "dwWidth": 128,
 "dwHeight": 256,
 "dwDepth": 1,
 "dwFaceCount": 1,
 "dwMipMapLevelMin": 0,
 "dwMipMapLevelMax": 0,
 "dwImportFlags": 2096,
 "eTextureResourceType": 0,
 "rgbavalAvgColor": {
  "r": 0.01833498664200306,
  "g": 0.019189076498150826,
  "b": 0.02067488245666027,
  "a": 1.4006710052490234
 },
 "pHotspot": {
  "x": 0,
  "y": 0
 },
 "serTex": [
  {
   "__type__": "SerializeData",
   "__typeHash__": 2632036962,
   "dwOffset": 0,
   "dwSizeAndFlags": 32768
  }
 ],
 "ptFrame": [
  {
   "__type__": "TexFrame",
   "__typeHash__": 24231676,
   "hImageHandle": 2653628733,
   "flU0": 0.0078125,
   "flV0": 0.00390625,
   "flU1": 0.9453125,
   "flV1": 0.70703125,
   "flTrimU0": 0.140625,
   "flTrimV0": 0.1171875,
   "flTrimU1": 0.8046875,
   "flTrimV1": 0.578125
  }
 ],
 "unk_20823c1": [],
 "ptPostprocessed": "0"
}
