{
 "__fileName__": "base/meta/Texture/2DInventory_Bundle_PH_Ursa_Noctua.tex",
 "__snoID__": 1268050,
 "__type__": "TextureDefinition",
 "__typeHash__": 3631735738,
 "eTexFormat": 49,
 "dwVolumeXSlices": 1,
 "dwVolumeYSlices": 1,
 "dwWidth": 368,
 "dwHeight": 184,
 "dwDepth": 1,
 "dwFaceCount": 1,
 "dwMipMapLevelMin": 0,
 "dwMipMapLevelMax": 0,
 "dwImportFlags": 2576,
 "eTextureResourceType": 0,
 "rgbavalAvgColor": {
  "r": 0.014457978308200836,
  "g": 0.011482493951916695,
  "b": 0.0067444355227053165,
  "a": 1.243491768836975
 },
 "pHotspot": {
  "x": 0,
  "y": 0
 },
 "serTex": [
  {
   "__type__": "SerializeData",
   "__typeHash__": 2632036962,
   "dwOffset": 0,
   "dwSizeAndFlags": 70656
  }
 ],
 "ptFrame": [
  {
   "__type__": "TexFrame",
   "__typeHash__": 24231676,
   "hImageHandle": 236735287,
   "flU0": 0.66576087474823,
   "flV0": 0.005434782709926367,
   "flU1": 0.9918478727340698,
   "flV1": 0.9836956858634949,
   "flTrimU0": 0.7255434989929199,
   "flTrimV0": 0.10326087474822998,
   "flTrimU1": 0.970108687877655,
   "flTrimV1": 0.8478261232376099
  },
  {
   "__type__": "TexFrame",
   "__typeHash__": 24231676,
   "hImageHandle": 1568475652,
   "flU0": 0.0027173913549631834,
   "flV0": 0.005434782709926367,
   "flU1": 0.3288043439388275,
   "flV1": 0.9836956858634949,
   "flTrimU0": 0.02445652149617672,
   "flTrimV0": 0.17391304671764374,
   "flTrimU1": 0.30434784293174744,
   "flTrimV1": 0.9836956858634949
  },
  {
   "__type__": "TexFrame",
   "__typeHash__": 24231676,
   "hImageHandle": 480884842,
   "flU0": 0.33423912525177,
   "flV0": 0.005434782709926367,
   "flU1": 0.6603261232376099,
   "flV1": 0.9836956858634949,
   "flTrimU0": 0.34510868787765503,
   "flTrimV0": 0.19565217196941376,
   "flTrimU1": 0.6494565606117249,
   "flTrimV1": 0.8369565606117249
  }
 ],
 "unk_20823c1": [],
 "ptPostprocessed": "0"
}
