{
 "__fileName__": "base/meta/Texture/2DInventory_Bundle_MountAmor_stor179.tex",
 "__snoID__": 1789241,
 "__type__": "TextureDefinition",
 "__typeHash__": 3631735738,
 "eTexFormat": 49,
 "dwVolumeXSlices": 1,
 "dwVolumeYSlices": 1,
 "dwWidth": 256,
 "dwHeight": 192,
 "dwDepth": 1,
 "dwFaceCount": 1,
 "dwMipMapLevelMin": 0,
 "dwMipMapLevelMax": 0,
 "dwImportFlags": 2576,
 "eTextureResourceType": 0,
 "rgbavalAvgColor": {
  "r": 0.051748741418123245,
  "g": 0.04699813574552536,
  "b": 0.04312337562441826,
  "a": 1.6197967529296875
 },
 "pHotspot": {
  "x": 0,
  "y": 0
 },
 "serTex": [
  {
   "__type__": "SerializeData",
   "__typeHash__": 2632036962,
   "dwOffset": 0,
   "dwSizeAndFlags": 49152
  }
 ],
 "ptFrame": [
  {
   "__type__": "TexFrame",
   "__typeHash__": 24231676,
   "hImageHandle": 848768165,
   "flU0": 0.48046875,
   "flV0": 0.0052083334885537624,
   "flU1": 0.94921875,
   "flV1": 0.9427083730697632,
   "flTrimU0": 0.4921875,
   "flTrimV0": 0.0052083334885537624,
   "flTrimU1": 0.93359375,
   "flTrimV1": 0.9427083730697632
  },
  {
   "__type__": "TexFrame",
   "__typeHash__": 24231676,
   "hImageHandle": 27512644,
   "flU0": 0.00390625,
   "flV0": 0.0052083334885537624,
   "flU1": 0.47265625,
   "flV1": 0.9427083730697632,
   "flTrimU0": 0.05078125,
   "flTrimV0": 0.015625,
   "flTrimU1": 0.453125,
   "flTrimV1": 0.9427083730697632
  }
 ],
 "unk_20823c1": [],
 "ptPostprocessed": "0"
}
