{
 "__fileName__": "base/meta/Texture/2DInventory_Bundle_HMount_stor036.tex",
 "__snoID__": 1776413,
 "__type__": "TextureDefinition",
 "__typeHash__": 3631735738,
 "eTexFormat": 49,
 "dwVolumeXSlices": 1,
 "dwVolumeYSlices": 1,
 "dwWidth": 128,
 "dwHeight": 192,
 "dwDepth": 1,
 "dwFaceCount": 1,
 "dwMipMapLevelMin": 0,
 "dwMipMapLevelMax": 0,
 "dwImportFlags": 2576,
 "eTextureResourceType": 0,
 "rgbavalAvgColor": {
  "r": 0.050002582371234894,
  "g": 0.016472207382321358,
  "b": 0.007595163304358721,
  "a": 1.3439106941223145
 },
 "pHotspot": {
  "x": 0,
  "y": 0
 },
 "serTex": [
  {
   "__type__": "SerializeData",
   "__typeHash__": 2632036962,
   "dwOffset": 0,
   "dwSizeAndFlags": 24576
  }
 ],
 "ptFrame": [
  {
   "__type__": "TexFrame",
   "__typeHash__": 24231676,
   "hImageHandle": 1058779183,
   "flU0": 0.0078125,
   "flV0": 0.0052083334885537624,
   "flU1": 0.9453125,
   "flV1": 0.9427083730697632,
   "flTrimU0": 0.0625,
   "flTrimV0": 0.0572916679084301,
   "flTrimU1": 0.9453125,
   "flTrimV1": 0.6927083730697632
  }
 ],
 "unk_20823c1": [],
 "ptPostprocessed": "0"
}
