{
 "__fileName__": "base/meta/Texture/2DInventory_Bundle_MountAmor_stor033.tex",
 "__snoID__": 1553194,
 "__type__": "TextureDefinition",
 "__typeHash__": 3631735738,
 "eTexFormat": 49,
 "dwVolumeXSlices": 1,
 "dwVolumeYSlices": 1,
 "dwWidth": 128,
 "dwHeight": 184,
 "dwDepth": 1,
 "dwFaceCount": 1,
 "dwMipMapLevelMin": 0,
 "dwMipMapLevelMax": 0,
 "dwImportFlags": 2576,
 "eTextureResourceType": 0,
 "rgbavalAvgColor": {
  "r": 0.01598258875310421,
  "g": 0.015175285749137402,
  "b": 0.009227491915225983,
  "a": 1.1998646259307861
 },
 "pHotspot": {
  "x": 0,
  "y": 0
 },
 "serTex": [
  {
   "__type__": "SerializeData",
   "__typeHash__": 2632036962,
   "dwOffset": 0,
   "dwSizeAndFlags": 23552
  }
 ],
 "ptFrame": [
  {
   "__type__": "TexFrame",
   "__typeHash__": 24231676,
   "hImageHandle": 2046736241,
   "flU0": 0.0078125,
   "flV0": 0.005434782709926367,
   "flU1": 0.9453125,
   "flV1": 0.9836956858634949,
   "flTrimU0": 0.2421875,
   "flTrimV0": 0.14130434393882751,
   "flTrimU1": 0.765625,
   "flTrimV1": 0.9293478727340698
  }
 ],
 "unk_20823c1": [],
 "ptPostprocessed": "0"
}
