{
 "__fileName__": "base/meta/Texture/2DInventory_Bundle_MountAmor_stor034.tex",
 "__snoID__": 1553277,
 "__type__": "TextureDefinition",
 "__typeHash__": 3631735738,
 "eTexFormat": 49,
 "dwVolumeXSlices": 1,
 "dwVolumeYSlices": 1,
 "dwWidth": 128,
 "dwHeight": 184,
 "dwDepth": 1,
 "dwFaceCount": 1,
 "dwMipMapLevelMin": 0,
 "dwMipMapLevelMax": 0,
 "dwImportFlags": 2576,
 "eTextureResourceType": 0,
 "rgbavalAvgColor": {
  "r": 0.5631582736968994,
  "g": 0.5455994606018066,
  "b": 0.5308129191398621,
  "a": 1.3353718519210815
 },
 "pHotspot": {
  "x": 0,
  "y": 0
 },
 "serTex": [
  {
   "__type__": "SerializeData",
   "__typeHash__": 2632036962,
   "dwOffset": 0,
   "dwSizeAndFlags": 23552
  }
 ],
 "ptFrame": [
  {
   "__type__": "TexFrame",
   "__typeHash__": 24231676,
   "hImageHandle": 1715506258,
   "flU0": 0.0078125,
   "flV0": 0.005434782709926367,
   "flU1": 0.9453125,
   "flV1": 0.9836956858634949,
   "flTrimU0": 0.0078125,
   "flTrimV0": 0.005434782709926367,
   "flTrimU1": 0.9453125,
   "flTrimV1": 0.9836956858634949
  }
 ],
 "unk_20823c1": [],
 "ptPostprocessed": "0"
}
