{
 "__fileName__": "base/meta/Texture/2DInventory_Bundle_HArmor_bar_stor157.tex",
 "__snoID__": 1489815,
 "__type__": "TextureDefinition",
 "__typeHash__": 3631735738,
 "eTexFormat": 49,
 "dwVolumeXSlices": 1,
 "dwVolumeYSlices": 1,
 "dwWidth": 248,
 "dwHeight": 184,
 "dwDepth": 1,
 "dwFaceCount": 1,
 "dwMipMapLevelMin": 0,
 "dwMipMapLevelMax": 0,
 "dwImportFlags": 264240,
 "eTextureResourceType": 0,
 "rgbavalAvgColor": {
  "r": 0.0894586369395256,
  "g": 0.08668576925992966,
  "b": 0.08500822633504868,
  "a": 1.1251777410507202
 },
 "pHotspot": {
  "x": 0,
  "y": 0
 },
 "serTex": [
  {
   "__type__": "SerializeData",
   "__typeHash__": 2632036962,
   "dwOffset": 0,
   "dwSizeAndFlags": 47104
  }
 ],
 "ptFrame": [
  {
   "__type__": "TexFrame",
   "__typeHash__": 24231676,
   "hImageHandle": 4109992490,
   "flU0": 0.49596771597862244,
   "flV0": 0.005434782709926367,
   "flU1": 0.9798386693000793,
   "flV1": 0.9836956858634949,
   "flTrimU0": 0.5564516186714172,
   "flTrimV0": 0.07608696073293686,
   "flTrimU1": 0.8306451439857483,
   "flTrimV1": 0.864130437374115
  },
  {
   "__type__": "TexFrame",
   "__typeHash__": 24231676,
   "hImageHandle": 503849425,
   "flU0": 0.004032257944345474,
   "flV0": 0.005434782709926367,
   "flU1": 0.4879032075405121,
   "flV1": 0.9836956858634949,
   "flTrimU0": 0.004032257944345474,
   "flTrimV0": 0.005434782709926367,
   "flTrimU1": 0.4879032075405121,
   "flTrimV1": 0.9836956858634949
  }
 ],
 "unk_20823c1": [],
 "ptPostprocessed": "0"
}
