{
 "__fileName__": "base/meta/Texture/2DInventory_Bundle_MountAmor_stor160.tex",
 "__snoID__": 1702378,
 "__type__": "TextureDefinition",
 "__typeHash__": 3631735738,
 "eTexFormat": 49,
 "dwVolumeXSlices": 1,
 "dwVolumeYSlices": 1,
 "dwWidth": 128,
 "dwHeight": 192,
 "dwDepth": 1,
 "dwFaceCount": 1,
 "dwMipMapLevelMin": 0,
 "dwMipMapLevelMax": 0,
 "dwImportFlags": 395792,
 "eTextureResourceType": 0,
 "rgbavalAvgColor": {
  "r": 0.08582314103841782,
  "g": 0.054077133536338806,
  "b": 0.04344627261161804,
  "a": 1.6651065349578857
 },
 "pHotspot": {
  "x": 0,
  "y": 0
 },
 "serTex": [
  {
   "__type__": "SerializeData",
   "__typeHash__": 2632036962,
   "dwOffset": 0,
   "dwSizeAndFlags": 24576
  }
 ],
 "ptFrame": [
  {
   "__type__": "TexFrame",
   "__typeHash__": 24231676,
   "hImageHandle": 715774651,
   "flU0": 0.0078125,
   "flV0": 0.0052083334885537624,
   "flU1": 0.9453125,
   "flV1": 0.9427083730697632,
   "flTrimU0": 0.0078125,
   "flTrimV0": 0.0052083334885537624,
   "flTrimU1": 0.9453125,
   "flTrimV1": 0.9427083730697632
  }
 ],
 "unk_20823c1": [],
 "ptPostprocessed": "0"
}
