{
 "__fileName__": "base/meta/Texture/2DInventory_Bundle_PH_Triune_Apostate.tex",
 "__snoID__": 1341706,
 "__type__": "TextureDefinition",
 "__typeHash__": 3631735738,
 "eTexFormat": 49,
 "dwVolumeXSlices": 1,
 "dwVolumeYSlices": 1,
 "dwWidth": 248,
 "dwHeight": 184,
 "dwDepth": 1,
 "dwFaceCount": 1,
 "dwMipMapLevelMin": 0,
 "dwMipMapLevelMax": 0,
 "dwImportFlags": 2576,
 "eTextureResourceType": 0,
 "rgbavalAvgColor": {
  "r": 0.06067914143204689,
  "g": 0.03739636763930321,
  "b": 0.02348351664841175,
  "a": 1.4731191396713257
 },
 "pHotspot": {
  "x": 0,
  "y": 0
 },
 "serTex": [
  {
   "__type__": "SerializeData",
   "__typeHash__": 2632036962,
   "dwOffset": 0,
   "dwSizeAndFlags": 47104
  }
 ],
 "ptFrame": [
  {
   "__type__": "TexFrame",
   "__typeHash__": 24231676,
   "hImageHandle": 894396340,
   "flU0": 0.49596771597862244,
   "flV0": 0.005434782709926367,
   "flU1": 0.9798386693000793,
   "flV1": 0.9836956858634949,
   "flTrimU0": 0.5403225421905518,
   "flTrimV0": 0.08695652335882187,
   "flTrimU1": 0.9354838132858276,
   "flTrimV1": 0.9728261232376099
  },
  {
   "__type__": "TexFrame",
   "__typeHash__": 24231676,
   "hImageHandle": 3976166453,
   "flU0": 0.004032257944345474,
   "flV0": 0.005434782709926367,
   "flU1": 0.4879032075405121,
   "flV1": 0.9836956858634949,
   "flTrimU0": 0.04032257944345474,
   "flTrimV0": 0.07608696073293686,
   "flTrimU1": 0.4556451439857483,
   "flTrimV1": 0.9239130616188049
  }
 ],
 "unk_20823c1": [],
 "ptPostprocessed": "0"
}
