{
 "__fileName__": "base/meta/Texture/2DInventory_Bundle_EventMount_stor038.tex",
 "__snoID__": 1773574,
 "__type__": "TextureDefinition",
 "__typeHash__": 3631735738,
 "eTexFormat": 49,
 "dwVolumeXSlices": 1,
 "dwVolumeYSlices": 1,
 "dwWidth": 384,
 "dwHeight": 192,
 "dwDepth": 1,
 "dwFaceCount": 1,
 "dwMipMapLevelMin": 0,
 "dwMipMapLevelMax": 0,
 "dwImportFlags": 2576,
 "eTextureResourceType": 0,
 "rgbavalAvgColor": {
  "r": 0.037008341401815414,
  "g": 0.02634284272789955,
  "b": 0.019415251910686493,
  "a": 1.335233449935913
 },
 "pHotspot": {
  "x": 0,
  "y": 0
 },
 "serTex": [
  {
   "__type__": "SerializeData",
   "__typeHash__": 2632036962,
   "dwOffset": 0,
   "dwSizeAndFlags": 73728
  }
 ],
 "ptFrame": [
  {
   "__type__": "TexFrame",
   "__typeHash__": 24231676,
   "hImageHandle": 1010622839,
   "flU0": 0.6380208730697632,
   "flV0": 0.0052083334885537624,
   "flU1": 0.9505208730697632,
   "flV1": 0.9427083730697632,
   "flTrimU0": 0.75,
   "flTrimV0": 0.1354166716337204,
   "flTrimU1": 0.8619791865348816,
   "flTrimV1": 0.8489583730697632
  },
  {
   "__type__": "TexFrame",
   "__typeHash__": 24231676,
   "hImageHandle": 1547830752,
   "flU0": 0.0026041667442768812,
   "flV0": 0.0052083334885537624,
   "flU1": 0.3151041865348816,
   "flV1": 0.9427083730697632,
   "flTrimU0": 0.010416666977107525,
   "flTrimV0": 0.0520833358168602,
   "flTrimU1": 0.3020833432674408,
   "flTrimV1": 0.9375
  },
  {
   "__type__": "TexFrame",
   "__typeHash__": 24231676,
   "hImageHandle": 679392856,
   "flU0": 0.3203125,
   "flV0": 0.0052083334885537624,
   "flU1": 0.6328125,
   "flV1": 0.9427083730697632,
   "flTrimU0": 0.3802083432674408,
   "flTrimV0": 0.2083333432674408,
   "flTrimU1": 0.5703125,
   "flTrimV1": 0.7239583730697632
  }
 ],
 "unk_20823c1": [],
 "ptPostprocessed": "0"
}
