{
 "__fileName__": "base/meta/Texture/2DInventory_Bundle_Bird_of_Paradise.tex",
 "__snoID__": 1699059,
 "__type__": "TextureDefinition",
 "__typeHash__": 3631735738,
 "eTexFormat": 49,
 "dwVolumeXSlices": 1,
 "dwVolumeYSlices": 1,
 "dwWidth": 128,
 "dwHeight": 184,
 "dwDepth": 1,
 "dwFaceCount": 1,
 "dwMipMapLevelMin": 0,
 "dwMipMapLevelMax": 0,
 "dwImportFlags": 2576,
 "eTextureResourceType": 0,
 "rgbavalAvgColor": {
  "r": 0.01558727864176035,
  "g": 0.014593823812901974,
  "b": 0.011204355396330357,
  "a": 1.1173057556152344
 },
 "pHotspot": {
  "x": 0,
  "y": 0
 },
 "serTex": [
  {
   "__type__": "SerializeData",
   "__typeHash__": 2632036962,
   "dwOffset": 0,
   "dwSizeAndFlags": 23552
  }
 ],
 "ptFrame": [
  {
   "__type__": "TexFrame",
   "__typeHash__": 24231676,
   "hImageHandle": 4184122692,
   "flU0": 0.0078125,
   "flV0": 0.005434782709926367,
   "flU1": 0.9453125,
   "flV1": 0.9836956858634949,
   "flTrimU0": 0.203125,
   "flTrimV0": 0.15217392146587372,
   "flTrimU1": 0.7109375,
   "flTrimV1": 0.8478261232376099
  }
 ],
 "unk_20823c1": [],
 "ptPostprocessed": "0"
}
