{
 "__fileName__": "base/meta/Texture/2DInventory_Bundle_HArmor_lil_stor004.tex",
 "__snoID__": 1449245,
 "__type__": "TextureDefinition",
 "__typeHash__": 3631735738,
 "eTexFormat": 49,
 "dwVolumeXSlices": 1,
 "dwVolumeYSlices": 1,
 "dwWidth": 248,
 "dwHeight": 368,
 "dwDepth": 1,
 "dwFaceCount": 1,
 "dwMipMapLevelMin": 0,
 "dwMipMapLevelMax": 0,
 "dwImportFlags": 2064,
 "eTextureResourceType": 0,
 "rgbavalAvgColor": {
  "r": 0.014330383390188217,
  "g": 0.009099951013922691,
  "b": 0.004737409297376871,
  "a": 1.30445396900177
 },
 "pHotspot": {
  "x": 0,
  "y": 0
 },
 "serTex": [
  {
   "__type__": "SerializeData",
   "__typeHash__": 2632036962,
   "dwOffset": 0,
   "dwSizeAndFlags": 94208
  }
 ],
 "ptFrame": [
  {
   "__type__": "TexFrame",
   "__typeHash__": 24231676,
   "hImageHandle": 503849428,
   "flU0": 0.49596771597862244,
   "flV0": 0.49728262424468994,
   "flU1": 0.9798386693000793,
   "flV1": 0.9864130616188049,
   "flTrimU0": 0.6129032373428345,
   "flTrimV0": 0.5679348111152649,
   "flTrimU1": 0.9395161271095276,
   "flTrimV1": 0.9130434989929199
  },
  {
   "__type__": "TexFrame",
   "__typeHash__": 24231676,
   "hImageHandle": 2653628672,
   "flU0": 0.004032257944345474,
   "flV0": 0.0027173913549631834,
   "flU1": 0.4879032075405121,
   "flV1": 0.49184784293174744,
   "flTrimU0": 0.024193547666072845,
   "flTrimV0": 0.02717391401529312,
   "flTrimU1": 0.4717741906642914,
   "flTrimV1": 0.448369562625885
  },
  {
   "__type__": "TexFrame",
   "__typeHash__": 24231676,
   "hImageHandle": 3429726561,
   "flU0": 0.49596771597862244,
   "flV0": 0.0027173913549631834,
   "flU1": 0.9798386693000793,
   "flV1": 0.49184784293174744,
   "flTrimU0": 0.5120967626571655,
   "flTrimV0": 0.057065218687057495,
   "flTrimU1": 0.9637096524238586,
   "flTrimV1": 0.45923912525177
  },
  {
   "__type__": "TexFrame",
   "__typeHash__": 24231676,
   "hImageHandle": 587952352,
   "flU0": 0.004032257944345474,
   "flV0": 0.49728262424468994,
   "flU1": 0.4879032075405121,
   "flV1": 0.9864130616188049,
   "flTrimU0": 0.02822580561041832,
   "flTrimV0": 0.5163043737411499,
   "flTrimU1": 0.41532257199287415,
   "flTrimV1": 0.9864130616188049
  }
 ],
 "unk_20823c1": [],
 "ptPostprocessed": "0"
}
