{
 "__fileName__": "base/meta/Texture/2DInventory_Bundle_The_Fallen_Lords.tex",
 "__snoID__": 1453656,
 "__type__": "TextureDefinition",
 "__typeHash__": 3631735738,
 "eTexFormat": 49,
 "dwVolumeXSlices": 1,
 "dwVolumeYSlices": 1,
 "dwWidth": 248,
 "dwHeight": 184,
 "dwDepth": 1,
 "dwFaceCount": 1,
 "dwMipMapLevelMin": 0,
 "dwMipMapLevelMax": 0,
 "dwImportFlags": 2576,
 "eTextureResourceType": 0,
 "rgbavalAvgColor": {
  "r": 0.012365808710455894,
  "g": 0.002854224294424057,
  "b": 0.001703695859760046,
  "a": 1.2087637186050415
 },
 "pHotspot": {
  "x": 0,
  "y": 0
 },
 "serTex": [
  {
   "__type__": "SerializeData",
   "__typeHash__": 2632036962,
   "dwOffset": 0,
   "dwSizeAndFlags": 47104
  }
 ],
 "ptFrame": [
  {
   "__type__": "TexFrame",
   "__typeHash__": 24231676,
   "hImageHandle": 1568475683,
   "flU0": 0.49596771597862244,
   "flV0": 0.005434782709926367,
   "flU1": 0.9798386693000793,
   "flV1": 0.9836956858634949,
   "flTrimU0": 0.49596771597862244,
   "flTrimV0": 0.15217392146587372,
   "flTrimU1": 0.9314515590667725,
   "flTrimV1": 0.9836956858634949
  },
  {
   "__type__": "TexFrame",
   "__typeHash__": 24231676,
   "hImageHandle": 4109992525,
   "flU0": 0.004032257944345474,
   "flV0": 0.005434782709926367,
   "flU1": 0.4879032075405121,
   "flV1": 0.9836956858634949,
   "flTrimU0": 0.09677419066429138,
   "flTrimV0": 0.04891304299235344,
   "flTrimU1": 0.35080644488334656,
   "flTrimV1": 0.9130434989929199
  }
 ],
 "unk_20823c1": [],
 "ptPostprocessed": "0"
}
