{
 "__fileName__": "base/meta/Texture/2DInventory_Bundle_PH_Shadow_Walker.tex",
 "__snoID__": 1265245,
 "__type__": "TextureDefinition",
 "__typeHash__": 3631735738,
 "eTexFormat": 49,
 "dwVolumeXSlices": 1,
 "dwVolumeYSlices": 1,
 "dwWidth": 128,
 "dwHeight": 184,
 "dwDepth": 1,
 "dwFaceCount": 1,
 "dwMipMapLevelMin": 0,
 "dwMipMapLevelMax": 0,
 "dwImportFlags": 2576,
 "eTextureResourceType": 0,
 "rgbavalAvgColor": {
  "r": 0.006324993912130594,
  "g": 0.005371910985559225,
  "b": 0.0046989754773676395,
  "a": 1.1070582866668701
 },
 "pHotspot": {
  "x": 0,
  "y": 0
 },
 "serTex": [
  {
   "__type__": "SerializeData",
   "__typeHash__": 2632036962,
   "dwOffset": 0,
   "dwSizeAndFlags": 23552
  }
 ],
 "ptFrame": [
  {
   "__type__": "TexFrame",
   "__typeHash__": 24231676,
   "hImageHandle": 4184122693,
   "flU0": 0.0078125,
   "flV0": 0.005434782709926367,
   "flU1": 0.9453125,
   "flV1": 0.9836956858634949,
   "flTrimU0": 0.125,
   "flTrimV0": 0.005434782709926367,
   "flTrimU1": 0.5390625,
   "flTrimV1": 0.804347813129425
  }
 ],
 "unk_20823c1": [],
 "ptPostprocessed": "0"
}
