{
 "__fileName__": "base/meta/Texture/2DInventory_Bundle_MountAmor_stor106.tex",
 "__snoID__": 1528713,
 "__type__": "TextureDefinition",
 "__typeHash__": 3631735738,
 "eTexFormat": 49,
 "dwVolumeXSlices": 1,
 "dwVolumeYSlices": 1,
 "dwWidth": 456,
 "dwHeight": 232,
 "dwDepth": 1,
 "dwFaceCount": 1,
 "dwMipMapLevelMin": 0,
 "dwMipMapLevelMax": 0,
 "dwImportFlags": 2576,
 "eTextureResourceType": 0,
 "rgbavalAvgColor": {
  "r": 0.035201545804739,
  "g": 0.030135057866573334,
  "b": 0.021501753479242325,
  "a": 1.3122833967208862
 },
 "pHotspot": {
  "x": 0,
  "y": 0
 },
 "serTex": [
  {
   "__type__": "SerializeData",
   "__typeHash__": 2632036962,
   "dwOffset": 0,
   "dwSizeAndFlags": 118784
  }
 ],
 "ptFrame": [
  {
   "__type__": "TexFrame",
   "__typeHash__": 24231676,
   "hImageHandle": 3095538605,
   "flU0": 0.6688596606254578,
   "flV0": 0.004310344811528921,
   "flU1": 0.9978070259094238,
   "flV1": 0.9741379022598267,
   "flTrimU0": 0.7412281036376953,
   "flTrimV0": 0.21551723778247833,
   "flTrimU1": 0.9561403393745422,
   "flTrimV1": 0.7586206793785095
  },
  {
   "__type__": "TexFrame",
   "__typeHash__": 24231676,
   "hImageHandle": 1948504571,
   "flU0": 0.0021929824724793434,
   "flV0": 0.004310344811528921,
   "flU1": 0.33114033937454224,
   "flV1": 0.9741379022598267,
   "flTrimU0": 0.015350877307355404,
   "flTrimV0": 0.06034482643008232,
   "flTrimU1": 0.320175439119339,
   "flTrimV1": 0.9741379022598267
  },
  {
   "__type__": "TexFrame",
   "__typeHash__": 24231676,
   "hImageHandle": 2764308622,
   "flU0": 0.33552631735801697,
   "flV0": 0.004310344811528921,
   "flU1": 0.6644737124443054,
   "flV1": 0.9741379022598267,
   "flTrimU0": 0.46929824352264404,
   "flTrimV0": 0.03017241321504116,
   "flTrimU1": 0.5394737124443054,
   "flTrimV1": 0.8362069129943848
  }
 ],
 "unk_20823c1": [],
 "ptPostprocessed": "0"
}
