{
 "__fileName__": "base/meta/Texture/2DInventory_Bundle_PH_Training_Weapons.tex",
 "__snoID__": 1495879,
 "__type__": "TextureDefinition",
 "__typeHash__": 3631735738,
 "eTexFormat": 49,
 "dwVolumeXSlices": 1,
 "dwVolumeYSlices": 1,
 "dwWidth": 128,
 "dwHeight": 184,
 "dwDepth": 1,
 "dwFaceCount": 1,
 "dwMipMapLevelMin": 0,
 "dwMipMapLevelMax": 0,
 "dwImportFlags": 2576,
 "eTextureResourceType": 0,
 "rgbavalAvgColor": {
  "r": 0.008755417540669441,
  "g": 0.005846983287483454,
  "b": 0.0033600307069718838,
  "a": 1.12403404712677
 },
 "pHotspot": {
  "x": 0,
  "y": 0
 },
 "serTex": [
  {
   "__type__": "SerializeData",
   "__typeHash__": 2632036962,
   "dwOffset": 0,
   "dwSizeAndFlags": 23552
  }
 ],
 "ptFrame": [
  {
   "__type__": "TexFrame",
   "__typeHash__": 24231676,
   "hImageHandle": 503849462,
   "flU0": 0.0078125,
   "flV0": 0.005434782709926367,
   "flU1": 0.9453125,
   "flV1": 0.9836956858634949,
   "flTrimU0": 0.171875,
   "flTrimV0": 0.08695652335882187,
   "flTrimU1": 0.7890625,
   "flTrimV1": 0.9130434989929199
  }
 ],
 "unk_20823c1": [],
 "ptPostprocessed": "0"
}
