{
 "__fileName__": "base/meta/Texture/2DInventory_Bundle_PH_Profane_Flamberge.tex",
 "__snoID__": 1697257,
 "__type__": "TextureDefinition",
 "__typeHash__": 3631735738,
 "eTexFormat": 49,
 "dwVolumeXSlices": 1,
 "dwVolumeYSlices": 1,
 "dwWidth": 128,
 "dwHeight": 184,
 "dwDepth": 1,
 "dwFaceCount": 1,
 "dwMipMapLevelMin": 0,
 "dwMipMapLevelMax": 0,
 "dwImportFlags": 2576,
 "eTextureResourceType": 0,
 "rgbavalAvgColor": {
  "r": 0.014259092509746552,
  "g": 0.013991925865411758,
  "b": 0.01148683950304985,
  "a": 1.2127217054367065
 },
 "pHotspot": {
  "x": 0,
  "y": 0
 },
 "serTex": [
  {
   "__type__": "SerializeData",
   "__typeHash__": 2632036962,
   "dwOffset": 0,
   "dwSizeAndFlags": 23552
  }
 ],
 "ptFrame": [
  {
   "__type__": "TexFrame",
   "__typeHash__": 24231676,
   "hImageHandle": 587952380,
   "flU0": 0.0078125,
   "flV0": 0.005434782709926367,
   "flU1": 0.9453125,
   "flV1": 0.9836956858634949,
   "flTrimU0": 0.09375,
   "flTrimV0": 0.043478261679410934,
   "flTrimU1": 0.8125,
   "flTrimV1": 0.9836956858634949
  }
 ],
 "unk_20823c1": [],
 "ptPostprocessed": "0"
}
