{
 "__fileName__": "base/meta/Texture/2DInventory_Bundle_HMount_stor012.tex",
 "__snoID__": 1477303,
 "__type__": "TextureDefinition",
 "__typeHash__": 3631735738,
 "eTexFormat": 49,
 "dwVolumeXSlices": 1,
 "dwVolumeYSlices": 1,
 "dwWidth": 128,
 "dwHeight": 184,
 "dwDepth": 1,
 "dwFaceCount": 1,
 "dwMipMapLevelMin": 0,
 "dwMipMapLevelMax": 0,
 "dwImportFlags": 2576,
 "eTextureResourceType": 0,
 "rgbavalAvgColor": {
  "r": 0.02089180238544941,
  "g": 0.016078760847449303,
  "b": 0.013025932013988495,
  "a": 1.343604564666748
 },
 "pHotspot": {
  "x": 0,
  "y": 0
 },
 "serTex": [
  {
   "__type__": "SerializeData",
   "__typeHash__": 2632036962,
   "dwOffset": 0,
   "dwSizeAndFlags": 23552
  }
 ],
 "ptFrame": [
  {
   "__type__": "TexFrame",
   "__typeHash__": 24231676,
   "hImageHandle": 919056717,
   "flU0": 0.0078125,
   "flV0": 0.005434782709926367,
   "flU1": 0.9453125,
   "flV1": 0.9836956858634949,
   "flTrimU0": 0.0625,
   "flTrimV0": 0.08695652335882187,
   "flTrimU1": 0.9453125,
   "flTrimV1": 0.967391312122345
  }
 ],
 "unk_20823c1": [],
 "ptPostprocessed": "0"
}
