{
 "__fileName__": "base/meta/Texture/2DInventory_Bundle_Tongue of the Siren.tex",
 "__snoID__": 1710789,
 "__type__": "TextureDefinition",
 "__typeHash__": 3631735738,
 "eTexFormat": 49,
 "dwVolumeXSlices": 1,
 "dwVolumeYSlices": 1,
 "dwWidth": 128,
 "dwHeight": 184,
 "dwDepth": 1,
 "dwFaceCount": 1,
 "dwMipMapLevelMin": 0,
 "dwMipMapLevelMax": 0,
 "dwImportFlags": 2576,
 "eTextureResourceType": 0,
 "rgbavalAvgColor": {
  "r": 0.005336724687367678,
  "g": 0.003265481675043702,
  "b": 0.0008746125968173146,
  "a": 1.0491054058074951
 },
 "pHotspot": {
  "x": 0,
  "y": 0
 },
 "serTex": [
  {
   "__type__": "SerializeData",
   "__typeHash__": 2632036962,
   "dwOffset": 0,
   "dwSizeAndFlags": 23552
  }
 ],
 "ptFrame": [
  {
   "__type__": "TexFrame",
   "__typeHash__": 24231676,
   "hImageHandle": 3212940067,
   "flU0": 0.0078125,
   "flV0": 0.005434782709926367,
   "flU1": 0.9453125,
   "flV1": 0.9836956858634949,
   "flTrimU0": 0.1796875,
   "flTrimV0": 0.05978260934352875,
   "flTrimU1": 0.765625,
   "flTrimV1": 0.9293478727340698
  }
 ],
 "unk_20823c1": [],
 "ptPostprocessed": "0"
}
