{
 "__fileName__": "base/meta/Texture/2DInventory_Bundle_HMount_stor027.tex",
 "__snoID__": 1638458,
 "__type__": "TextureDefinition",
 "__typeHash__": 3631735738,
 "eTexFormat": 49,
 "dwVolumeXSlices": 1,
 "dwVolumeYSlices": 1,
 "dwWidth": 280,
 "dwHeight": 416,
 "dwDepth": 1,
 "dwFaceCount": 1,
 "dwMipMapLevelMin": 0,
 "dwMipMapLevelMax": 0,
 "dwImportFlags": 2576,
 "eTextureResourceType": 0,
 "rgbavalAvgColor": {
  "r": 0.0278537068516016,
  "g": 0.028002217411994934,
  "b": 0.028733273968100548,
  "a": 1.3545658588409424
 },
 "pHotspot": {
  "x": 0,
  "y": 0
 },
 "serTex": [
  {
   "__type__": "SerializeData",
   "__typeHash__": 2632036962,
   "dwOffset": 0,
   "dwSizeAndFlags": 133120
  }
 ],
 "ptFrame": [
  {
   "__type__": "TexFrame",
   "__typeHash__": 24231676,
   "hImageHandle": 2681477135,
   "flU0": 0.4392857253551483,
   "flV0": 0.5480769276618958,
   "flU1": 0.8678571581840515,
   "flV1": 0.9807692766189575,
   "flTrimU0": 0.4642857313156128,
   "flTrimV0": 0.5889423489570618,
   "flTrimU1": 0.8678571581840515,
   "flTrimV1": 0.9807692766189575
  },
  {
   "__type__": "TexFrame",
   "__typeHash__": 24231676,
   "hImageHandle": 822685135,
   "flU0": 0.0035714285913854837,
   "flV0": 0.5480769276618958,
   "flU1": 0.43214285373687744,
   "flV1": 0.9807692766189575,
   "flTrimU0": 0.11785714328289032,
   "flTrimV0": 0.567307710647583,
   "flTrimU1": 0.30000001192092896,
   "flTrimV1": 0.9134615659713745
  },
  {
   "__type__": "TexFrame",
   "__typeHash__": 24231676,
   "hImageHandle": 491455152,
   "flU0": 0.5464285612106323,
   "flV0": 0.0024038462433964014,
   "flU1": 0.9750000238418579,
   "flV1": 0.4350961744785309,
   "flTrimU0": 0.625,
   "flTrimV0": 0.10576923191547394,
   "flTrimU1": 0.9428571462631226,
   "flTrimV1": 0.317307710647583
  },
  {
   "__type__": "TexFrame",
   "__typeHash__": 24231676,
   "hImageHandle": 2480478627,
   "flU0": 0.0035714285913854837,
   "flV0": 0.0024038462433964014,
   "flU1": 0.5392857193946838,
   "flV1": 0.5432692766189575,
   "flTrimU0": 0.01785714365541935,
   "flTrimV0": 0.0024038462433964014,
   "flTrimU1": 0.5178571343421936,
   "flTrimV1": 0.5432692766189575
  }
 ],
 "unk_20823c1": [],
 "ptPostprocessed": "0"
}
