{
 "__fileName__": "base/meta/Texture/2DInventory_Bundle_MountAmor_stor189.tex",
 "__snoID__": 1883203,
 "__type__": "TextureDefinition",
 "__typeHash__": 3631735738,
 "eTexFormat": 49,
 "dwVolumeXSlices": 1,
 "dwVolumeYSlices": 1,
 "dwWidth": 128,
 "dwHeight": 192,
 "dwDepth": 1,
 "dwFaceCount": 1,
 "dwMipMapLevelMin": 0,
 "dwMipMapLevelMax": 0,
 "dwImportFlags": 2576,
 "eTextureResourceType": 0,
 "rgbavalAvgColor": {
  "r": 0.052337370812892914,
  "g": 0.04719509184360504,
  "b": 0.04213482886552811,
  "a": 1.6146459579467773
 },
 "pHotspot": {
  "x": 0,
  "y": 0
 },
 "serTex": [
  {
   "__type__": "SerializeData",
   "__typeHash__": 2632036962,
   "dwOffset": 0,
   "dwSizeAndFlags": 24576
  }
 ],
 "ptFrame": [
  {
   "__type__": "TexFrame",
   "__typeHash__": 24231676,
   "hImageHandle": 2180396582,
   "flU0": 0.0078125,
   "flV0": 0.0052083334885537624,
   "flU1": 0.9453125,
   "flV1": 0.9427083730697632,
   "flTrimU0": 0.0390625,
   "flTrimV0": 0.0052083334885537624,
   "flTrimU1": 0.8984375,
   "flTrimV1": 0.9427083730697632
  }
 ],
 "unk_20823c1": [],
 "ptPostprocessed": "0"
}
