{
 "__fileName__": "base/meta/Texture/2DInventory_Bundle_Forgotten_Oath.tex",
 "__snoID__": 1581838,
 "__type__": "TextureDefinition",
 "__typeHash__": 3631735738,
 "eTexFormat": 49,
 "dwVolumeXSlices": 1,
 "dwVolumeYSlices": 1,
 "dwWidth": 248,
 "dwHeight": 184,
 "dwDepth": 1,
 "dwFaceCount": 1,
 "dwMipMapLevelMin": 0,
 "dwMipMapLevelMax": 0,
 "dwImportFlags": 2576,
 "eTextureResourceType": 0,
 "rgbavalAvgColor": {
  "r": 0.018175100907683372,
  "g": 0.011180486530065536,
  "b": 0.005944892764091492,
  "a": 1.2065207958221436
 },
 "pHotspot": {
  "x": 0,
  "y": 0
 },
 "serTex": [
  {
   "__type__": "SerializeData",
   "__typeHash__": 2632036962,
   "dwOffset": 0,
   "dwSizeAndFlags": 47104
  }
 ],
 "ptFrame": [
  {
   "__type__": "TexFrame",
   "__typeHash__": 24231676,
   "hImageHandle": 587952354,
   "flU0": 0.49596771597862244,
   "flV0": 0.005434782709926367,
   "flU1": 0.9798386693000793,
   "flV1": 0.9836956858634949,
   "flTrimU0": 0.5,
   "flTrimV0": 0.032608695328235626,
   "flTrimU1": 0.9475806355476379,
   "flTrimV1": 0.9836956858634949
  },
  {
   "__type__": "TexFrame",
   "__typeHash__": 24231676,
   "hImageHandle": 3269930881,
   "flU0": 0.004032257944345474,
   "flV0": 0.005434782709926367,
   "flU1": 0.4879032075405121,
   "flV1": 0.9836956858634949,
   "flTrimU0": 0.052419353276491165,
   "flTrimV0": 0.15760870277881622,
   "flTrimU1": 0.3790322542190552,
   "flTrimV1": 0.9836956858634949
  }
 ],
 "unk_20823c1": [],
 "ptPostprocessed": "0"
}
