{
 "__fileName__": "data/base/meta/Texture/2DInventory_Bundle_Accessory_nec_stor001.tex",
 "__snoID__": 1187288,
 "__type__": "TextureDefinition",
 "__typeHash__": 3631735738,
 "eTexFormat": 49,
 "dwVolumeXSlices": 1,
 "dwVolumeYSlices": 1,
 "dwWidth": 128,
 "dwHeight": 184,
 "dwDepth": 1,
 "dwFaceCount": 1,
 "dwMipMapLevelMin": 0,
 "dwMipMapLevelMax": 0,
 "dwImportFlags": 2576,
 "unk_d27620": 0,
 "unk_dc7d39c": {
  "r": 0.01767694018781185,
  "g": 0.01737009920179844,
  "b": 0.013569915667176247,
  "a": 1.157818078994751
 },
 "pHotspot": {
  "x": 0,
  "y": 0
 },
 "serTex": [
  {
   "__type__": "SerializeData",
   "__typeHash__": 2632036962,
   "dwOffset": 0,
   "dwSizeAndFlags": 23552
  }
 ],
 "ptFrame": [
  {
   "__type__": "TexFrame",
   "__typeHash__": 24231676,
   "hImageHandle": 3897895667,
   "flU0": 0.0078125,
   "flV0": 0.005434782709926367,
   "flU1": 0.9453125,
   "flV1": 0.9836956858634949,
   "unk_8081ff3": 0.296875,
   "unk_8082014": 0.043478261679410934,
   "unk_8081ff4": 0.8203125,
   "unk_8082015": 0.945652186870575
  }
 ],
 "unk_20823c1": [],
 "ptPostprocessed": "0"
}
