{
 "__fileName__": "base/meta/Texture/2DInventory_Bundle_PH_Implements_of_Torture.tex",
 "__snoID__": 1367106,
 "__type__": "TextureDefinition",
 "__typeHash__": 3631735738,
 "eTexFormat": 49,
 "dwVolumeXSlices": 1,
 "dwVolumeYSlices": 1,
 "dwWidth": 368,
 "dwHeight": 184,
 "dwDepth": 1,
 "dwFaceCount": 1,
 "dwMipMapLevelMin": 0,
 "dwMipMapLevelMax": 0,
 "dwImportFlags": 2576,
 "eTextureResourceType": 0,
 "rgbavalAvgColor": {
  "r": 0.007990773767232895,
  "g": 0.005510351620614529,
  "b": 0.0038566719740629196,
  "a": 1.20707368850708
 },
 "pHotspot": {
  "x": 0,
  "y": 0
 },
 "serTex": [
  {
   "__type__": "SerializeData",
   "__typeHash__": 2632036962,
   "dwOffset": 0,
   "dwSizeAndFlags": 70656
  }
 ],
 "ptFrame": [
  {
   "__type__": "TexFrame",
   "__typeHash__": 24231676,
   "hImageHandle": 4054437239,
   "flU0": 0.66576087474823,
   "flV0": 0.005434782709926367,
   "flU1": 0.9918478727340698,
   "flV1": 0.9836956858634949,
   "flTrimU0": 0.7038043737411499,
   "flTrimV0": 0.15217392146587372,
   "flTrimU1": 0.9510869979858398,
   "flTrimV1": 0.9347826242446899
  },
  {
   "__type__": "TexFrame",
   "__typeHash__": 24231676,
   "hImageHandle": 3212940036,
   "flU0": 0.0027173913549631834,
   "flV0": 0.005434782709926367,
   "flU1": 0.3288043439388275,
   "flV1": 0.9836956858634949,
   "flTrimU0": 0.0679347813129425,
   "flTrimV0": 0.07065217196941376,
   "flTrimU1": 0.26902174949645996,
   "flTrimV1": 0.91847825050354
  },
  {
   "__type__": "TexFrame",
   "__typeHash__": 24231676,
   "hImageHandle": 3515680808,
   "flU0": 0.33423912525177,
   "flV0": 0.005434782709926367,
   "flU1": 0.6603261232376099,
   "flV1": 0.9836956858634949,
   "flTrimU0": 0.38315218687057495,
   "flTrimV0": 0.09782608598470688,
   "flTrimU1": 0.625,
   "flTrimV1": 0.8695652484893799
  }
 ],
 "unk_20823c1": [],
 "ptPostprocessed": "0"
}
