{
 "__fileName__": "data/base/meta/Texture/2DUI_Bnet_LoadingScreen.tex",
 "__snoID__": 3167,
 "__type__": "TextureDefinition",
 "__typeHash__": 3631735738,
 "eTexFormat": 49,
 "dwVolumeXSlices": 1,
 "dwVolumeYSlices": 1,
 "dwWidth": 112,
 "dwHeight": 112,
 "dwDepth": 1,
 "dwFaceCount": 1,
 "dwMipMapLevelMin": 0,
 "dwMipMapLevelMax": 0,
 "dwImportFlags": 2064,
 "unk_d27620": 0,
 "unk_dc7d39c": {
  "r": 0.8325090408325195,
  "g": 0.0711284950375557,
  "b": 0.05434991046786308,
  "a": 1.0932033061981201
 },
 "pHotspot": {
  "x": 0,
  "y": 0
 },
 "serTex": [
  {
   "__type__": "SerializeData",
   "__typeHash__": 2632036962,
   "dwOffset": 0,
   "dwSizeAndFlags": 14336
  }
 ],
 "ptFrame": [
  {
   "__type__": "TexFrame",
   "__typeHash__": 24231676,
   "hImageHandle": 4198460651,
   "flU0": 0.008928571827709675,
   "flV0": 0.008928571827709675,
   "flU1": 0.9821429252624512,
   "flV1": 0.9821429252624512,
   "unk_8081ff3": 0.008928571827709675,
   "unk_8082014": 0.008928571827709675,
   "unk_8081ff4": 0.9821429252624512,
   "unk_8082015": 0.9821429252624512
  }
 ],
 "unk_20823c1": [],
 "ptPostprocessed": "0"
}
