{
 "__fileName__": "base/meta/Texture/2DUI_Bundle_HArmor_nec_stor153_details.tex",
 "__snoID__": 1492565,
 "__type__": "TextureDefinition",
 "__typeHash__": 3631735738,
 "eTexFormat": 46,
 "dwVolumeXSlices": 1,
 "dwVolumeYSlices": 1,
 "dwWidth": 5128,
 "dwHeight": 2768,
 "dwDepth": 1,
 "dwFaceCount": 1,
 "dwMipMapLevelMin": 0,
 "dwMipMapLevelMax": 1,
 "dwImportFlags": 67110913,
 "eTextureResourceType": 0,
 "rgbavalAvgColor": {
  "r": 0.011112011969089508,
  "g": 0.010758858174085617,
  "b": 0.00922419223934412,
  "a": 2
 },
 "pHotspot": {
  "x": 0,
  "y": 0
 },
 "serTex": [
  {
   "__type__": "SerializeData",
   "__typeHash__": 2632036962,
   "dwOffset": 0,
   "dwSizeAndFlags": 7263232
  },
  {
   "__type__": "SerializeData",
   "__typeHash__": 2632036962,
   "dwOffset": 7263232,
   "dwSizeAndFlags": 1860096
  }
 ],
 "ptFrame": [
  {
   "__type__": "TexFrame",
   "__typeHash__": 24231676,
   "hImageHandle": 3382963258,
   "flU0": 0.00019500780035741627,
   "flV0": 0.7814306020736694,
   "flU1": 0.31220749020576477,
   "flV1": 0.998193621635437,
   "flTrimU0": 0.00019500780035741627,
   "flTrimV0": 0.7814306020736694,
   "flTrimU1": 0.31220749020576477,
   "flTrimV1": 0.998193621635437
  },
  {
   "__type__": "TexFrame",
   "__typeHash__": 24231676,
   "hImageHandle": 1256716321,
   "flU0": 0.00019500780035741627,
   "flV0": 0.0003612716682255268,
   "flU1": 0.998634934425354,
   "flV1": 0.7807080745697021,
   "flTrimU0": 0.00019500780035741627,
   "flTrimV0": 0.0003612716682255268,
   "flTrimU1": 0.998634934425354,
   "flTrimV1": 0.7807080745697021
  }
 ],
 "unk_20823c1": [],
 "ptPostprocessed": "0"
}
