{
 "__fileName__": "data/base/meta/Texture/2DUI_Bundle_Accessory_bar_stor002.tex",
 "__snoID__": 1404635,
 "__type__": "TextureDefinition",
 "__typeHash__": 3631735738,
 "eTexFormat": 49,
 "dwVolumeXSlices": 1,
 "dwVolumeYSlices": 1,
 "dwWidth": 808,
 "dwHeight": 2616,
 "dwDepth": 1,
 "dwFaceCount": 1,
 "dwMipMapLevelMin": 0,
 "dwMipMapLevelMax": 1,
 "dwImportFlags": 67110913,
 "unk_d27620": 0,
 "unk_dc7d39c": {
  "r": 0.1845027208328247,
  "g": 0.17071008682250977,
  "b": 0.15832526981830597,
  "a": 1.8014793395996094
 },
 "pHotspot": {
  "x": 0,
  "y": 0
 },
 "serTex": [
  {
   "__type__": "SerializeData",
   "__typeHash__": 2632036962,
   "dwOffset": 0,
   "dwSizeAndFlags": 2176512
  },
  {
   "__type__": "SerializeData",
   "__typeHash__": 2632036962,
   "dwOffset": 2176512,
   "dwSizeAndFlags": 585984
  }
 ],
 "ptFrame": [
  {
   "__type__": "TexFrame",
   "__typeHash__": 24231676,
   "hImageHandle": 3873229126,
   "flU0": 0.0012376237427815795,
   "flV0": 0.4996177554130554,
   "flU1": 0.993811845779419,
   "flV1": 0.9980887174606323,
   "unk_8081ff3": 0.0012376237427815795,
   "unk_8082014": 0.4996177554130554,
   "unk_8081ff4": 0.993811845779419,
   "unk_8082015": 0.9980887174606323
  },
  {
   "__type__": "TexFrame",
   "__typeHash__": 24231676,
   "hImageHandle": 82575177,
   "flU0": 0.0012376237427815795,
   "flV0": 0.0003822630096692592,
   "flU1": 0.993811845779419,
   "flV1": 0.49885323643684387,
   "unk_8081ff3": 0.0012376237427815795,
   "unk_8082014": 0.0003822630096692592,
   "unk_8081ff4": 0.993811845779419,
   "unk_8082015": 0.49885323643684387
  }
 ],
 "unk_20823c1": [],
 "ptPostprocessed": "0"
}
