{
 "__fileName__": "data/base/meta/Texture/2DUI_Signs.tex",
 "__snoID__": 522768,
 "__type__": "TextureDefinition",
 "__typeHash__": 3631735738,
 "eTexFormat": 49,
 "dwVolumeXSlices": 1,
 "dwVolumeYSlices": 1,
 "dwWidth": 232,
 "dwHeight": 456,
 "dwDepth": 1,
 "dwFaceCount": 1,
 "dwMipMapLevelMin": 0,
 "dwMipMapLevelMax": 1,
 "dwImportFlags": 67111425,
 "unk_d27620": 0,
 "unk_dc7d39c": {
  "r": 0.06576594710350037,
  "g": 0.06366321444511414,
  "b": 0.06159543991088867,
  "a": 1.397878885269165
 },
 "pHotspot": {
  "x": 0,
  "y": 0
 },
 "serTex": [
  {
   "__type__": "SerializeData",
   "__typeHash__": 2632036962,
   "dwOffset": 0,
   "dwSizeAndFlags": 116736
  },
  {
   "__type__": "SerializeData",
   "__typeHash__": 2632036962,
   "dwOffset": 116736,
   "dwSizeAndFlags": 29184
  }
 ],
 "ptFrame": [
  {
   "__type__": "TexFrame",
   "__typeHash__": 24231676,
   "hImageHandle": 3866185962,
   "flU0": 0.004310344811528921,
   "flV0": 0.6447368264198303,
   "flU1": 0.693965494632721,
   "flV1": 0.9956140518188477,
   "unk_8081ff3": 0.004310344811528921,
   "unk_8082014": 0.6447368264198303,
   "unk_8081ff4": 0.6637930870056152,
   "unk_8082015": 0.9956140518188477
  },
  {
   "__type__": "TexFrame",
   "__typeHash__": 24231676,
   "hImageHandle": 488623111,
   "flU0": 0.004310344811528921,
   "flV0": 0.0021929824724793434,
   "flU1": 0.9956896305084229,
   "flV1": 0.640350878238678,
   "unk_8081ff3": 0.004310344811528921,
   "unk_8082014": 0.0021929824724793434,
   "unk_8081ff4": 0.9956896305084229,
   "unk_8082015": 0.640350878238678
  }
 ],
 "unk_20823c1": [],
 "ptPostprocessed": "0"
}
