{
 "__fileName__": "data/base/meta/Texture/2DUITiled_HorizontalDivider.tex",
 "__snoID__": 357677,
 "__type__": "TextureDefinition",
 "__typeHash__": 3631735738,
 "eTexFormat": 49,
 "dwVolumeXSlices": 1,
 "dwVolumeYSlices": 1,
 "dwWidth": 576,
 "dwHeight": 48,
 "dwDepth": 1,
 "dwFaceCount": 1,
 "dwMipMapLevelMin": 0,
 "dwMipMapLevelMax": 1,
 "dwImportFlags": 67111425,
 "unk_d27620": 0,
 "unk_dc7d39c": {
  "r": 0.2989993095397949,
  "g": 0.3006937801837921,
  "b": 0.3006238043308258,
  "a": 1.6295615434646606
 },
 "pHotspot": {
  "x": 0,
  "y": 0
 },
 "serTex": [
  {
   "__type__": "SerializeData",
   "__typeHash__": 2632036962,
   "dwOffset": 0,
   "dwSizeAndFlags": 27648
  },
  {
   "__type__": "SerializeData",
   "__typeHash__": 2632036962,
   "dwOffset": 27648,
   "dwSizeAndFlags": 7680
  }
 ],
 "ptFrame": [
  {
   "__type__": "TexFrame",
   "__typeHash__": 24231676,
   "hImageHandle": 915893115,
   "flU0": 0.8125,
   "flV0": 0.0625,
   "flU1": 0.991319477558136,
   "flV1": 0.8125,
   "unk_8081ff3": 0.8125,
   "unk_8082014": 0.0625,
   "unk_8081ff4": 0.991319477558136,
   "unk_8082015": 0.8125
  },
  {
   "__type__": "TexFrame",
   "__typeHash__": 24231676,
   "hImageHandle": 1018983007,
   "flU0": 0.0052083334885537624,
   "flV0": 0.0625,
   "flU1": 0.6128472089767456,
   "flV1": 0.8125,
   "unk_8081ff3": 0.0052083334885537624,
   "unk_8082014": 0.0625,
   "unk_8081ff4": 0.6128472089767456,
   "unk_8082015": 0.8125
  },
  {
   "__type__": "TexFrame",
   "__typeHash__": 24231676,
   "hImageHandle": 166961806,
   "flU0": 0.6232638955116272,
   "flV0": 0.0625,
   "flU1": 0.8020833134651184,
   "flV1": 0.8125,
   "unk_8081ff3": 0.6232638955116272,
   "unk_8082014": 0.0625,
   "unk_8081ff4": 0.8020833134651184,
   "unk_8082015": 0.8125
  }
 ],
 "unk_20823c1": [],
 "ptPostprocessed": "0"
}
