{
 "__fileName__": "base/meta/Texture/2DUI_Notifications.tex",
 "__snoID__": 397144,
 "__type__": "TextureDefinition",
 "__typeHash__": 3631735738,
 "eTexFormat": 49,
 "dwVolumeXSlices": 1,
 "dwVolumeYSlices": 1,
 "dwWidth": 1048,
 "dwHeight": 424,
 "dwDepth": 1,
 "dwFaceCount": 1,
 "dwMipMapLevelMin": 0,
 "dwMipMapLevelMax": 1,
 "dwImportFlags": 67111425,
 "eTextureResourceType": 0,
 "rgbavalAvgColor": {
  "r": 0.20256581902503967,
  "g": 0.18248698115348816,
  "b": 0.15543651580810547,
  "a": 1.494030475616455
 },
 "pHotspot": {
  "x": 0,
  "y": 0
 },
 "serTex": [
  {
   "__type__": "SerializeData",
   "__typeHash__": 2632036962,
   "dwOffset": 0,
   "dwSizeAndFlags": 461312
  },
  {
   "__type__": "SerializeData",
   "__typeHash__": 2632036962,
   "dwOffset": 461312,
   "dwSizeAndFlags": 122112
  }
 ],
 "ptFrame": [
  {
   "__type__": "TexFrame",
   "__typeHash__": 24231676,
   "hImageHandle": 3005907963,
   "flU0": 0.0019083969527855515,
   "flV0": 0.03537736088037491,
   "flU1": 0.6860687136650085,
   "flV1": 0.974056601524353,
   "flTrimU0": 0.0019083969527855515,
   "flTrimV0": 0.03537736088037491,
   "flTrimU1": 0.6860687136650085,
   "flTrimV1": 0.974056601524353
  },
  {
   "__type__": "TexFrame",
   "__typeHash__": 24231676,
   "hImageHandle": 2086030904,
   "flU0": 0.0019083969527855515,
   "flV0": 0.004716981202363968,
   "flU1": 0.9961832165718079,
   "flV1": 0.025943396613001823,
   "flTrimU0": 0.0019083969527855515,
   "flTrimV0": 0.004716981202363968,
   "flTrimU1": 0.9961832165718079,
   "flTrimV1": 0.025943396613001823
  },
  {
   "__type__": "TexFrame",
   "__typeHash__": 24231676,
   "hImageHandle": 3786316846,
   "flU0": 0.0019083969527855515,
   "flV0": 0.9834905862808228,
   "flU1": 0.46755725145339966,
   "flV1": 0.9882075786590576,
   "flTrimU0": 0.0019083969527855515,
   "flTrimV0": 0.9834905862808228,
   "flTrimU1": 0.46755725145339966,
   "flTrimV1": 0.9882075786590576
  }
 ],
 "unk_20823c1": [],
 "ptPostprocessed": "0"
}
