{
 "__fileName__": "base/meta/Texture/2DUI_Tutorial_SeasonalContent.tex",
 "__snoID__": 1528488,
 "__type__": "TextureDefinition",
 "__typeHash__": 3631735738,
 "eTexFormat": 46,
 "dwVolumeXSlices": 1,
 "dwVolumeYSlices": 1,
 "dwWidth": 448,
 "dwHeight": 448,
 "dwDepth": 1,
 "dwFaceCount": 1,
 "dwMipMapLevelMin": 0,
 "dwMipMapLevelMax": 1,
 "dwImportFlags": 67110913,
 "eTextureResourceType": 0,
 "rgbavalAvgColor": {
  "r": 0.19988717138767242,
  "g": 0.15400536358356476,
  "b": 0.09986169636249542,
  "a": 2
 },
 "pHotspot": {
  "x": 0,
  "y": 0
 },
 "serTex": [
  {
   "__type__": "SerializeData",
   "__typeHash__": 2632036962,
   "dwOffset": 0,
   "dwSizeAndFlags": 114688
  },
  {
   "__type__": "SerializeData",
   "__typeHash__": 2632036962,
   "dwOffset": 114688,
   "dwSizeAndFlags": 28672
  }
 ],
 "ptFrame": [
  {
   "__type__": "TexFrame",
   "__typeHash__": 24231676,
   "hImageHandle": 4025538097,
   "flU0": 0.0022321429569274187,
   "flV0": 0.0022321429569274187,
   "flU1": 0.895089328289032,
   "flV1": 0.895089328289032,
   "flTrimU0": 0.0022321429569274187,
   "flTrimV0": 0.0022321429569274187,
   "flTrimU1": 0.895089328289032,
   "flTrimV1": 0.895089328289032
  }
 ],
 "unk_20823c1": [],
 "ptPostprocessed": "0"
}
