{
 "__fileName__": "base/meta/Texture/2DUI_Bundle_Accessory_sor_stor169.tex",
 "__snoID__": 1737388,
 "__type__": "TextureDefinition",
 "__typeHash__": 3631735738,
 "eTexFormat": 49,
 "dwVolumeXSlices": 1,
 "dwVolumeYSlices": 1,
 "dwWidth": 808,
 "dwHeight": 2616,
 "dwDepth": 1,
 "dwFaceCount": 1,
 "dwMipMapLevelMin": 0,
 "dwMipMapLevelMax": 1,
 "dwImportFlags": 67110913,
 "eTextureResourceType": 0,
 "rgbavalAvgColor": {
  "r": 0.22758595645427704,
  "g": 0.21347548067569733,
  "b": 0.20140621066093445,
  "a": 1.8007464408874512
 },
 "pHotspot": {
  "x": 0,
  "y": 0
 },
 "serTex": [
  {
   "__type__": "SerializeData",
   "__typeHash__": 2632036962,
   "dwOffset": 0,
   "dwSizeAndFlags": 2176512
  },
  {
   "__type__": "SerializeData",
   "__typeHash__": 2632036962,
   "dwOffset": 2176512,
   "dwSizeAndFlags": 585984
  }
 ],
 "ptFrame": [
  {
   "__type__": "TexFrame",
   "__typeHash__": 24231676,
   "hImageHandle": 4076958419,
   "flU0": 0.0012376237427815795,
   "flV0": 0.4996177554130554,
   "flU1": 0.993811845779419,
   "flV1": 0.9980887174606323,
   "flTrimU0": 0.0012376237427815795,
   "flTrimV0": 0.4996177554130554,
   "flTrimU1": 0.993811845779419,
   "flTrimV1": 0.9980887174606323
  },
  {
   "__type__": "TexFrame",
   "__typeHash__": 24231676,
   "hImageHandle": 872341142,
   "flU0": 0.0012376237427815795,
   "flV0": 0.0003822630096692592,
   "flU1": 0.993811845779419,
   "flV1": 0.49885323643684387,
   "flTrimU0": 0.0012376237427815795,
   "flTrimV0": 0.0003822630096692592,
   "flTrimU1": 0.993811845779419,
   "flTrimV1": 0.49885323643684387
  }
 ],
 "unk_20823c1": [],
 "ptPostprocessed": "0"
}
