{
 "__fileName__": "base/meta/Texture/2DUI_Bundle_Accessory_nec_stor164_icons.tex",
 "__snoID__": 1689806,
 "__type__": "TextureDefinition",
 "__typeHash__": 3631735738,
 "eTexFormat": 49,
 "dwVolumeXSlices": 1,
 "dwVolumeYSlices": 1,
 "dwWidth": 376,
 "dwHeight": 256,
 "dwDepth": 1,
 "dwFaceCount": 1,
 "dwMipMapLevelMin": 0,
 "dwMipMapLevelMax": 1,
 "dwImportFlags": 67111425,
 "eTextureResourceType": 0,
 "rgbavalAvgColor": {
  "r": 0.06982877105474472,
  "g": 0.1246698647737503,
  "b": 0.15690965950489044,
  "a": 1.6014333963394165
 },
 "pHotspot": {
  "x": 0,
  "y": 0
 },
 "serTex": [
  {
   "__type__": "SerializeData",
   "__typeHash__": 2632036962,
   "dwOffset": 0,
   "dwSizeAndFlags": 98304
  },
  {
   "__type__": "SerializeData",
   "__typeHash__": 2632036962,
   "dwOffset": 98304,
   "dwSizeAndFlags": 24576
  }
 ],
 "ptFrame": [
  {
   "__type__": "TexFrame",
   "__typeHash__": 24231676,
   "hImageHandle": 4157510163,
   "flU0": 0.002659574383869767,
   "flV0": 0.00390625,
   "flU1": 0.667553186416626,
   "flV1": 0.984375,
   "flTrimU0": 0.002659574383869767,
   "flTrimV0": 0.00390625,
   "flTrimU1": 0.667553186416626,
   "flTrimV1": 0.984375
  },
  {
   "__type__": "TexFrame",
   "__typeHash__": 24231676,
   "hImageHandle": 3439589786,
   "flU0": 0.6728723049163818,
   "flV0": 0.00390625,
   "flU1": 0.9920212626457214,
   "flV1": 0.70703125,
   "flTrimU0": 0.6835106015205383,
   "flTrimV0": 0.10546875,
   "flTrimU1": 0.938829779624939,
   "flTrimV1": 0.6015625
  }
 ],
 "unk_20823c1": [],
 "ptPostprocessed": "0"
}
