{
 "__fileName__": "base/meta/Texture/2DUI_Season01_PremiumPassPurchase.tex",
 "__snoID__": 1641308,
 "__type__": "TextureDefinition",
 "__typeHash__": 3631735738,
 "eTexFormat": 47,
 "dwVolumeXSlices": 1,
 "dwVolumeYSlices": 1,
 "dwWidth": 3848,
 "dwHeight": 2776,
 "dwDepth": 1,
 "dwFaceCount": 1,
 "dwMipMapLevelMin": 0,
 "dwMipMapLevelMax": 1,
 "dwImportFlags": 67111969,
 "eTextureResourceType": 0,
 "rgbavalAvgColor": {
  "r": 0.025601087138056755,
  "g": 0.009783158078789711,
  "b": 0.006525922100991011,
  "a": 2
 },
 "pHotspot": {
  "x": 0,
  "y": 0
 },
 "serTex": [
  {
   "__type__": "SerializeData",
   "__typeHash__": 2632036962,
   "dwOffset": 0,
   "dwSizeAndFlags": 5507584
  },
  {
   "__type__": "SerializeData",
   "__typeHash__": 2632036962,
   "dwOffset": 5507584,
   "dwSizeAndFlags": 1421312
  }
 ],
 "ptFrame": [
  {
   "__type__": "TexFrame",
   "__typeHash__": 24231676,
   "hImageHandle": 2190878736,
   "flU0": 0.0007796257850714028,
   "flV0": 0.0010806915815919638,
   "flU1": 0.9987006187438965,
   "flV1": 0.7791786789894104,
   "flTrimU0": 0.0007796257850714028,
   "flTrimV0": 0.0010806915815919638,
   "flTrimU1": 0.9987006187438965,
   "flTrimV1": 0.7791786789894104
  },
  {
   "__type__": "TexFrame",
   "__typeHash__": 24231676,
   "hImageHandle": 855597100,
   "flU0": 0.0007796257850714028,
   "flV0": 0.7813400626182556,
   "flU1": 0.41658005118370056,
   "flV1": 0.9974783658981323,
   "flTrimU0": 0.0007796257850714028,
   "flTrimV0": 0.7813400626182556,
   "flTrimU1": 0.41658005118370056,
   "flTrimV1": 0.9974783658981323
  }
 ],
 "unk_20823c1": [],
 "ptPostprocessed": "0"
}
