{
 "__fileName__": "base/meta/Texture/2DUI_Challenges_Shrines.tex",
 "__snoID__": 1898812,
 "__type__": "TextureDefinition",
 "__typeHash__": 3631735738,
 "eTexFormat": 12,
 "dwVolumeXSlices": 1,
 "dwVolumeYSlices": 1,
 "dwWidth": 256,
 "dwHeight": 256,
 "dwDepth": 1,
 "dwFaceCount": 1,
 "dwMipMapLevelMin": 0,
 "dwMipMapLevelMax": 1,
 "dwImportFlags": 67112449,
 "eTextureResourceType": 0,
 "rgbavalAvgColor": {
  "r": 0.7238979935646057,
  "g": 0.7180535197257996,
  "b": 0.6914143562316895,
  "a": 1.1988704204559326
 },
 "pHotspot": {
  "x": 0,
  "y": 0
 },
 "serTex": [
  {
   "__type__": "SerializeData",
   "__typeHash__": 2632036962,
   "dwOffset": 0,
   "dwSizeAndFlags": 65536
  },
  {
   "__type__": "SerializeData",
   "__typeHash__": 2632036962,
   "dwOffset": 65536,
   "dwSizeAndFlags": 16384
  }
 ],
 "ptFrame": [
  {
   "__type__": "TexFrame",
   "__typeHash__": 24231676,
   "hImageHandle": 1795088051,
   "flU0": 0.00390625,
   "flV0": 0.00390625,
   "flU1": 0.98046875,
   "flV1": 0.98046875,
   "flTrimU0": 0.00390625,
   "flTrimV0": 0.00390625,
   "flTrimU1": 0.98046875,
   "flTrimV1": 0.98046875
  }
 ],
 "unk_20823c1": [],
 "ptPostprocessed": "0"
}
