{
 "__fileName__": "base/meta/Texture/2DUI_cursor_large_hotspots.tex",
 "__snoID__": 1039844,
 "__type__": "TextureDefinition",
 "__typeHash__": 3631735738,
 "eTexFormat": 45,
 "dwVolumeXSlices": 1,
 "dwVolumeYSlices": 1,
 "dwWidth": 132,
 "dwHeight": 392,
 "dwDepth": 1,
 "dwFaceCount": 1,
 "dwMipMapLevelMin": 0,
 "dwMipMapLevelMax": 0,
 "dwImportFlags": 3600,
 "eTextureResourceType": 0,
 "rgbavalAvgColor": {
  "r": 0.7721540331840515,
  "g": 0.775482177734375,
  "b": 0.776080846786499,
  "a": 1.107588768005371
 },
 "pHotspot": {
  "x": 8.96831017167883e-44,
  "y": 8.96831017167883e-44
 },
 "serTex": [
  {
   "__type__": "SerializeData",
   "__typeHash__": 2632036962,
   "dwOffset": 0,
   "dwSizeAndFlags": 301056
  }
 ],
 "ptFrame": [
  {
   "__type__": "TexFrame",
   "__typeHash__": 24231676,
   "hImageHandle": 3371818269,
   "flU0": 0.007575757801532745,
   "flV0": 0.6658163070678711,
   "flU1": 0.9772727489471436,
   "flV1": 0.9923469424247742,
   "flTrimU0": 0.007575757801532745,
   "flTrimV0": 0.6658163070678711,
   "flTrimU1": 0.9772727489471436,
   "flTrimV1": 0.9923469424247742
  },
  {
   "__type__": "TexFrame",
   "__typeHash__": 24231676,
   "hImageHandle": 3471656106,
   "flU0": 0.007575757801532745,
   "flV0": 0.0025510203558951616,
   "flU1": 0.9772727489471436,
   "flV1": 0.32908162474632263,
   "flTrimU0": 0.007575757801532745,
   "flTrimV0": 0.0025510203558951616,
   "flTrimU1": 0.9772727489471436,
   "flTrimV1": 0.32908162474632263
  },
  {
   "__type__": "TexFrame",
   "__typeHash__": 24231676,
   "hImageHandle": 1289414242,
   "flU0": 0.007575757801532745,
   "flV0": 0.3341836631298065,
   "flU1": 0.9772727489471436,
   "flV1": 0.6607142686843872,
   "flTrimU0": 0.007575757801532745,
   "flTrimV0": 0.3341836631298065,
   "flTrimU1": 0.9772727489471436,
   "flTrimV1": 0.6607142686843872
  }
 ],
 "unk_20823c1": [],
 "ptPostprocessed": "0"
}
