{
 "__fileName__": "base/meta/Texture/2DUI_FrontEnd_Events.tex",
 "__snoID__": 1645601,
 "__type__": "TextureDefinition",
 "__typeHash__": 3631735738,
 "eTexFormat": 49,
 "dwVolumeXSlices": 1,
 "dwVolumeYSlices": 1,
 "dwWidth": 384,
 "dwHeight": 272,
 "dwDepth": 1,
 "dwFaceCount": 1,
 "dwMipMapLevelMin": 0,
 "dwMipMapLevelMax": 1,
 "dwImportFlags": 67110913,
 "eTextureResourceType": 0,
 "rgbavalAvgColor": {
  "r": 0.09476087242364883,
  "g": 0.04730241745710373,
  "b": 0.1663215160369873,
  "a": 1.5808825492858887
 },
 "pHotspot": {
  "x": 0,
  "y": 0
 },
 "serTex": [
  {
   "__type__": "SerializeData",
   "__typeHash__": 2632036962,
   "dwOffset": 0,
   "dwSizeAndFlags": 104448
  },
  {
   "__type__": "SerializeData",
   "__typeHash__": 2632036962,
   "dwOffset": 104448,
   "dwSizeAndFlags": 26112
  }
 ],
 "ptFrame": [
  {
   "__type__": "TexFrame",
   "__typeHash__": 24231676,
   "hImageHandle": 524474188,
   "flU0": 0.1640625,
   "flV0": 0.0036764706019312143,
   "flU1": 0.8411458730697632,
   "flV1": 0.966911792755127,
   "flTrimU0": 0.1640625,
   "flTrimV0": 0.0036764706019312143,
   "flTrimU1": 0.8411458730697632,
   "flTrimV1": 0.966911792755127
  },
  {
   "__type__": "TexFrame",
   "__typeHash__": 24231676,
   "hImageHandle": 1885471137,
   "flU0": 0.0026041667442768812,
   "flV0": 0.0036764706019312143,
   "flU1": 0.1588541716337204,
   "flV1": 0.9779411554336548,
   "flTrimU0": 0.0078125,
   "flTrimV0": 0.011029412038624287,
   "flTrimU1": 0.1588541716337204,
   "flTrimV1": 0.9558823704719543
  },
  {
   "__type__": "TexFrame",
   "__typeHash__": 24231676,
   "hImageHandle": 2228083786,
   "flU0": 0.8463541865348816,
   "flV0": 0.0036764706019312143,
   "flU1": 0.9817708730697632,
   "flV1": 0.21691176295280457,
   "flTrimU0": 0.8515625,
   "flTrimV0": 0.011029412038624287,
   "flTrimU1": 0.9817708730697632,
   "flTrimV1": 0.20955882966518402
  }
 ],
 "unk_20823c1": [],
 "ptPostprocessed": "0"
}
