{
 "__fileName__": "data/base/meta/Texture/2DUI_Button_Large_Fancy.tex",
 "__snoID__": 1441711,
 "__type__": "TextureDefinition",
 "__typeHash__": 3631735738,
 "eTexFormat": 49,
 "dwVolumeXSlices": 1,
 "dwVolumeYSlices": 1,
 "dwWidth": 768,
 "dwHeight": 2176,
 "dwDepth": 1,
 "dwFaceCount": 1,
 "dwMipMapLevelMin": 0,
 "dwMipMapLevelMax": 1,
 "dwImportFlags": 67111425,
 "unk_d27620": 0,
 "unk_dc7d39c": {
  "r": 0.02060455083847046,
  "g": 0.003485931782051921,
  "b": 0.0035867891274392605,
  "a": 1.9998645782470703
 },
 "pHotspot": {
  "x": 0,
  "y": 0
 },
 "serTex": [
  {
   "__type__": "SerializeData",
   "__typeHash__": 2632036962,
   "dwOffset": 0,
   "dwSizeAndFlags": 1671168
  },
  {
   "__type__": "SerializeData",
   "__typeHash__": 2632036962,
   "dwOffset": 1671168,
   "dwSizeAndFlags": 417792
  }
 ],
 "ptFrame": [
  {
   "__type__": "TexFrame",
   "__typeHash__": 24231676,
   "hImageHandle": 3599038594,
   "flU0": 0.0013020833721384406,
   "flV0": 0.6668198704719543,
   "flU1": 0.9192708730697632,
   "flV1": 0.9990808963775635,
   "unk_8081ff3": 0.0013020833721384406,
   "unk_8082014": 0.6668198704719543,
   "unk_8081ff4": 0.9192708730697632,
   "unk_8082015": 0.9990808963775635
  },
  {
   "__type__": "TexFrame",
   "__typeHash__": 24231676,
   "hImageHandle": 2934840321,
   "flU0": 0.0013020833721384406,
   "flV0": 0.0004595588252414018,
   "flU1": 0.9192708730697632,
   "flV1": 0.3327205777168274,
   "unk_8081ff3": 0.0013020833721384406,
   "unk_8082014": 0.0004595588252414018,
   "unk_8081ff4": 0.9192708730697632,
   "unk_8082015": 0.3327205777168274
  },
  {
   "__type__": "TexFrame",
   "__typeHash__": 24231676,
   "hImageHandle": 2369591654,
   "flU0": 0.0013020833721384406,
   "flV0": 0.3336397111415863,
   "flU1": 0.9192708730697632,
   "flV1": 0.6659007668495178,
   "unk_8081ff3": 0.0013020833721384406,
   "unk_8082014": 0.3336397111415863,
   "unk_8081ff4": 0.9192708730697632,
   "unk_8082015": 0.6659007668495178
  }
 ],
 "unk_20823c1": [],
 "ptPostprocessed": "0"
}
