{
 "__fileName__": "base/meta/Texture/2DUIOverhead_QuestComplete.tex",
 "__snoID__": 151577,
 "__type__": "TextureDefinition",
 "__typeHash__": 3631735738,
 "eTexFormat": 49,
 "dwVolumeXSlices": 1,
 "dwVolumeYSlices": 1,
 "dwWidth": 100,
 "dwHeight": 100,
 "dwDepth": 1,
 "dwFaceCount": 1,
 "dwMipMapLevelMin": 0,
 "dwMipMapLevelMax": 0,
 "dwImportFlags": 528,
 "eTextureResourceType": 0,
 "rgbavalAvgColor": {
  "r": 0.12541382014751434,
  "g": 0.07945878058671951,
  "b": 0.0026039693038910627,
  "a": 0.33858901262283325
 },
 "pHotspot": {
  "x": 0,
  "y": 0
 },
 "serTex": [
  {
   "__type__": "SerializeData",
   "__typeHash__": 2632036962,
   "dwOffset": 0,
   "dwSizeAndFlags": 12800
  }
 ],
 "ptFrame": [
  {
   "__type__": "TexFrame",
   "__typeHash__": 24231676,
   "hImageHandle": 0,
   "flU0": 0,
   "flV0": 0,
   "flU1": 1,
   "flV1": 1,
   "flTrimU0": 0.14000000059604645,
   "flTrimV0": 0.10999999940395355,
   "flTrimU1": 0.8899999856948853,
   "flTrimV1": 0.8899999856948853
  }
 ],
 "unk_20823c1": [],
 "ptPostprocessed": "0"
}
