{
 "__fileName__": "base/meta/Texture/2DUI_Tutorial_HealthPotionUpgrade.tex",
 "__snoID__": 1048598,
 "__type__": "TextureDefinition",
 "__typeHash__": 3631735738,
 "eTexFormat": 47,
 "dwVolumeXSlices": 1,
 "dwVolumeYSlices": 1,
 "dwWidth": 448,
 "dwHeight": 832,
 "dwDepth": 1,
 "dwFaceCount": 1,
 "dwMipMapLevelMin": 0,
 "dwMipMapLevelMax": 1,
 "dwImportFlags": 67111425,
 "eTextureResourceType": 0,
 "rgbavalAvgColor": {
  "r": 0.04302586615085602,
  "g": 0.04197794198989868,
  "b": 0.021106038242578506,
  "a": 2
 },
 "pHotspot": {
  "x": 0,
  "y": 0
 },
 "serTex": [
  {
   "__type__": "SerializeData",
   "__typeHash__": 2632036962,
   "dwOffset": 0,
   "dwSizeAndFlags": 212992
  },
  {
   "__type__": "SerializeData",
   "__typeHash__": 2632036962,
   "dwOffset": 212992,
   "dwSizeAndFlags": 53248
  }
 ],
 "ptFrame": [
  {
   "__type__": "TexFrame",
   "__typeHash__": 24231676,
   "hImageHandle": 3724159594,
   "flU0": 0.0022321429569274187,
   "flV0": 0.4843750298023224,
   "flU1": 0.895089328289032,
   "flV1": 0.9651442766189575,
   "flTrimU0": 0.0022321429569274187,
   "flTrimV0": 0.4843750298023224,
   "flTrimU1": 0.895089328289032,
   "flTrimV1": 0.9651442766189575
  },
  {
   "__type__": "TexFrame",
   "__typeHash__": 24231676,
   "hImageHandle": 713755283,
   "flU0": 0.0022321429569274187,
   "flV0": 0.0012019231216982007,
   "flU1": 0.895089328289032,
   "flV1": 0.4819711744785309,
   "flTrimU0": 0.0022321429569274187,
   "flTrimV0": 0.0012019231216982007,
   "flTrimU1": 0.895089328289032,
   "flTrimV1": 0.4819711744785309
  }
 ],
 "unk_20823c1": [],
 "ptPostprocessed": "0"
}
