{
 "__fileName__": "base/meta/Texture/2DUI_Bundle_HArmor_bar_stor216_icons.tex",
 "__snoID__": 1793155,
 "__type__": "TextureDefinition",
 "__typeHash__": 3631735738,
 "eTexFormat": 49,
 "dwVolumeXSlices": 1,
 "dwVolumeYSlices": 1,
 "dwWidth": 376,
 "dwHeight": 256,
 "dwDepth": 1,
 "dwFaceCount": 1,
 "dwMipMapLevelMin": 0,
 "dwMipMapLevelMax": 1,
 "dwImportFlags": 67110913,
 "eTextureResourceType": 0,
 "rgbavalAvgColor": {
  "r": 0.08955145627260208,
  "g": 0.08672355115413666,
  "b": 0.07125726342201233,
  "a": 1.5563753843307495
 },
 "pHotspot": {
  "x": 0,
  "y": 0
 },
 "serTex": [
  {
   "__type__": "SerializeData",
   "__typeHash__": 2632036962,
   "dwOffset": 0,
   "dwSizeAndFlags": 98304
  },
  {
   "__type__": "SerializeData",
   "__typeHash__": 2632036962,
   "dwOffset": 98304,
   "dwSizeAndFlags": 24576
  }
 ],
 "ptFrame": [
  {
   "__type__": "TexFrame",
   "__typeHash__": 24231676,
   "hImageHandle": 3457159538,
   "flU0": 0.002659574383869767,
   "flV0": 0.00390625,
   "flU1": 0.6702127456665039,
   "flV1": 0.984375,
   "flTrimU0": 0.002659574383869767,
   "flTrimV0": 0.00390625,
   "flTrimU1": 0.6702127456665039,
   "flTrimV1": 0.984375
  },
  {
   "__type__": "TexFrame",
   "__typeHash__": 24231676,
   "hImageHandle": 3500600409,
   "flU0": 0.6755318641662598,
   "flV0": 0.00390625,
   "flU1": 0.9946808218955994,
   "flV1": 0.70703125,
   "flTrimU0": 0.688829779624939,
   "flTrimV0": 0.15625,
   "flTrimU1": 0.9813829660415649,
   "flTrimV1": 0.5546875
  }
 ],
 "unk_20823c1": [],
 "ptPostprocessed": "0"
}
