{
 "__fileName__": "base/meta/Texture/2DUI_Hall_Of_Fallen_Heroes.tex",
 "__snoID__": 1201956,
 "__type__": "TextureDefinition",
 "__typeHash__": 3631735738,
 "eTexFormat": 49,
 "dwVolumeXSlices": 1,
 "dwVolumeYSlices": 1,
 "dwWidth": 960,
 "dwHeight": 192,
 "dwDepth": 1,
 "dwFaceCount": 1,
 "dwMipMapLevelMin": 0,
 "dwMipMapLevelMax": 1,
 "dwImportFlags": 67111425,
 "eTextureResourceType": 0,
 "rgbavalAvgColor": {
  "r": 0.07114650309085846,
  "g": 0.07110399007797241,
  "b": 0.07098492980003357,
  "a": 1.2221916913986206
 },
 "pHotspot": {
  "x": 0,
  "y": 0
 },
 "serTex": [
  {
   "__type__": "SerializeData",
   "__typeHash__": 2632036962,
   "dwOffset": 0,
   "dwSizeAndFlags": 184320
  },
  {
   "__type__": "SerializeData",
   "__typeHash__": 2632036962,
   "dwOffset": 184320,
   "dwSizeAndFlags": 49152
  }
 ],
 "ptFrame": [
  {
   "__type__": "TexFrame",
   "__typeHash__": 24231676,
   "hImageHandle": 880972379,
   "flU0": 0.0010416667209938169,
   "flV0": 0.0052083334885537624,
   "flU1": 0.9510416984558105,
   "flV1": 0.9427083730697632,
   "flTrimU0": 0.01250000111758709,
   "flTrimV0": 0.0572916679084301,
   "flTrimU1": 0.9406250715255737,
   "flTrimV1": 0.9114583730697632
  }
 ],
 "unk_20823c1": [],
 "ptPostprocessed": "0"
}
