{
 "__fileName__": "base/meta/Texture/2DUI_ActionBar_Necro.tex",
 "__snoID__": 1317261,
 "__type__": "TextureDefinition",
 "__typeHash__": 3631735738,
 "eTexFormat": 49,
 "dwVolumeXSlices": 1,
 "dwVolumeYSlices": 1,
 "dwWidth": 256,
 "dwHeight": 256,
 "dwDepth": 1,
 "dwFaceCount": 1,
 "dwMipMapLevelMin": 0,
 "dwMipMapLevelMax": 1,
 "dwImportFlags": 67110945,
 "eTextureResourceType": 0,
 "rgbavalAvgColor": {
  "r": 0.0009625185048207641,
  "g": 0.41730645298957825,
  "b": 0.2686408758163452,
  "a": 1.0603001117706299
 },
 "pHotspot": {
  "x": 0,
  "y": 0
 },
 "serTex": [
  {
   "__type__": "SerializeData",
   "__typeHash__": 2632036962,
   "dwOffset": 0,
   "dwSizeAndFlags": 65536
  },
  {
   "__type__": "SerializeData",
   "__typeHash__": 2632036962,
   "dwOffset": 65536,
   "dwSizeAndFlags": 16384
  }
 ],
 "ptFrame": [
  {
   "__type__": "TexFrame",
   "__typeHash__": 24231676,
   "hImageHandle": 2310603700,
   "flU0": 0.00390625,
   "flV0": 0.00390625,
   "flU1": 0.84765625,
   "flV1": 0.84765625,
   "flTrimU0": 0.01953125,
   "flTrimV0": 0.01953125,
   "flTrimU1": 0.83203125,
   "flTrimV1": 0.82421875
  }
 ],
 "unk_20823c1": [],
 "ptPostprocessed": "0"
}
