{
 "__fileName__": "base/meta/Texture/2DUI_Bundle_Promo_Horse_stor002_Icon.tex",
 "__snoID__": 1808190,
 "__type__": "TextureDefinition",
 "__typeHash__": 3631735738,
 "eTexFormat": 47,
 "dwVolumeXSlices": 1,
 "dwVolumeYSlices": 1,
 "dwWidth": 960,
 "dwHeight": 1416,
 "dwDepth": 1,
 "dwFaceCount": 1,
 "dwMipMapLevelMin": 0,
 "dwMipMapLevelMax": 1,
 "dwImportFlags": 67110913,
 "eTextureResourceType": 0,
 "rgbavalAvgColor": {
  "r": 0.035881489515304565,
  "g": 0.03125070780515671,
  "b": 0.025644710287451744,
  "a": 2
 },
 "pHotspot": {
  "x": 0,
  "y": 0
 },
 "serTex": [
  {
   "__type__": "SerializeData",
   "__typeHash__": 2632036962,
   "dwOffset": 0,
   "dwSizeAndFlags": 724992
  },
  {
   "__type__": "SerializeData",
   "__typeHash__": 2632036962,
   "dwOffset": 724992,
   "dwSizeAndFlags": 181248
  }
 ],
 "ptFrame": [
  {
   "__type__": "TexFrame",
   "__typeHash__": 24231676,
   "hImageHandle": 1675240684,
   "flU0": 0.0010416667209938169,
   "flV0": 0.0007062146905809641,
   "flU1": 0.9927083849906921,
   "flV1": 0.9950565099716187,
   "flTrimU0": 0.0010416667209938169,
   "flTrimV0": 0.0007062146905809641,
   "flTrimU1": 0.9927083849906921,
   "flTrimV1": 0.9950565099716187
  }
 ],
 "unk_20823c1": [],
 "ptPostprocessed": "0"
}
