{
 "__fileName__": "data/base/meta/Texture/2DUI_TextBackground_BorderedTopBottom.tex",
 "__snoID__": 678429,
 "__type__": "TextureDefinition",
 "__typeHash__": 3631735738,
 "eTexFormat": 49,
 "dwVolumeXSlices": 1,
 "dwVolumeYSlices": 1,
 "dwWidth": 1024,
 "dwHeight": 128,
 "dwDepth": 1,
 "dwFaceCount": 1,
 "dwMipMapLevelMin": 0,
 "dwMipMapLevelMax": 1,
 "dwImportFlags": 67109409,
 "unk_d27620": 0,
 "unk_dc7d39c": {
  "r": 0.009999631904065609,
  "g": 0.009643812663853168,
  "b": 0.008752137422561646,
  "a": 0.1686704158782959
 },
 "pHotspot": {
  "x": 0,
  "y": 0
 },
 "serTex": [
  {
   "__type__": "SerializeData",
   "__typeHash__": 2632036962,
   "dwOffset": 0,
   "dwSizeAndFlags": 131072
  },
  {
   "__type__": "SerializeData",
   "__typeHash__": 2632036962,
   "dwOffset": 131072,
   "dwSizeAndFlags": 32768
  }
 ],
 "ptFrame": [
  {
   "__type__": "TexFrame",
   "__typeHash__": 24231676,
   "hImageHandle": 0,
   "flU0": 0,
   "flV0": 0,
   "flU1": 0.5029296875,
   "flV1": 0.6640625,
   "unk_8081ff3": 0,
   "unk_8082014": 0,
   "unk_8081ff4": 0.5029296875,
   "unk_8082015": 0.6640625
  }
 ],
 "unk_20823c1": [],
 "ptPostprocessed": "0"
}
