{
 "__fileName__": "base/meta/Texture/2DUI_Bundle_Promo_Portals001.tex",
 "__snoID__": 1808239,
 "__type__": "TextureDefinition",
 "__typeHash__": 3631735738,
 "eTexFormat": 47,
 "dwVolumeXSlices": 1,
 "dwVolumeYSlices": 1,
 "dwWidth": 5120,
 "dwHeight": 2816,
 "dwDepth": 1,
 "dwFaceCount": 1,
 "dwMipMapLevelMin": 0,
 "dwMipMapLevelMax": 1,
 "dwImportFlags": 67371009,
 "eTextureResourceType": 0,
 "rgbavalAvgColor": {
  "r": 0.0272274948656559,
  "g": 0.022027181461453438,
  "b": 0.024272240698337555,
  "a": 2
 },
 "pHotspot": {
  "x": 0,
  "y": 0
 },
 "serTex": [
  {
   "__type__": "SerializeData",
   "__typeHash__": 2632036962,
   "dwOffset": 0,
   "dwSizeAndFlags": 7208960
  },
  {
   "__type__": "SerializeData",
   "__typeHash__": 2632036962,
   "dwOffset": 7208960,
   "dwSizeAndFlags": 1802240
  }
 ],
 "ptFrame": [
  {
   "__type__": "TexFrame",
   "__typeHash__": 24231676,
   "hImageHandle": 2214052109,
   "flU0": 0,
   "flV0": 0,
   "flU1": 1,
   "flV1": 0.7670454978942871,
   "flTrimU0": 0,
   "flTrimV0": 0,
   "flTrimU1": 1,
   "flTrimV1": 0.7670454978942871
  },
  {
   "__type__": "TexFrame",
   "__typeHash__": 24231676,
   "hImageHandle": 2478054782,
   "flU0": 0,
   "flV0": 0.7670454978942871,
   "flU1": 0.3125,
   "flV1": 0.980113685131073,
   "flTrimU0": 0,
   "flTrimV0": 0.7670454978942871,
   "flTrimU1": 0.3125,
   "flTrimV1": 0.980113685131073
  },
  {
   "__type__": "TexFrame",
   "__typeHash__": 24231676,
   "hImageHandle": 3771998582,
   "flU0": 0.3125,
   "flV0": 0.7670454978942871,
   "flU1": 0.58984375,
   "flV1": 0.8760653734207153,
   "flTrimU0": 0.31425783038139343,
   "flTrimV0": 0.7670454978942871,
   "flTrimU1": 0.58984375,
   "flTrimV1": 0.8760653734207153
  }
 ],
 "unk_20823c1": [],
 "ptPostprocessed": "0"
}
