{
 "__fileName__": "base/meta/Texture/2DUITiled_FramesInactiveOverlay.tex",
 "__snoID__": 587168,
 "__type__": "TextureDefinition",
 "__typeHash__": 3631735738,
 "eTexFormat": 49,
 "dwVolumeXSlices": 1,
 "dwVolumeYSlices": 1,
 "dwWidth": 88,
 "dwHeight": 32,
 "dwDepth": 1,
 "dwFaceCount": 1,
 "dwMipMapLevelMin": 0,
 "dwMipMapLevelMax": 0,
 "dwImportFlags": 2576,
 "eTextureResourceType": 0,
 "rgbavalAvgColor": {
  "r": 0,
  "g": 0,
  "b": 0,
  "a": 1.6531352996826172
 },
 "pHotspot": {
  "x": 0,
  "y": 0
 },
 "serTex": [
  {
   "__type__": "SerializeData",
   "__typeHash__": 2632036962,
   "dwOffset": 0,
   "dwSizeAndFlags": 4096
  }
 ],
 "ptFrame": [
  {
   "__type__": "TexFrame",
   "__typeHash__": 24231676,
   "hImageHandle": 2739634494,
   "flU0": 0.6363636255264282,
   "flV0": 0.0625,
   "flU1": 0.8977273106575012,
   "flV1": 0.78125,
   "flTrimU0": 0.6363636255264282,
   "flTrimV0": 0.0625,
   "flTrimU1": 0.6363636255264282,
   "flTrimV1": 0.0625
  },
  {
   "__type__": "TexFrame",
   "__typeHash__": 24231676,
   "hImageHandle": 2739997806,
   "flU0": 0.022727273404598236,
   "flV0": 0.0625,
   "flU1": 0.28409090638160706,
   "flV1": 0.78125,
   "flTrimU0": 0.022727273404598236,
   "flTrimV0": 0.0625,
   "flTrimU1": 0.022727273404598236,
   "flTrimV1": 0.0625
  },
  {
   "__type__": "TexFrame",
   "__typeHash__": 24231676,
   "hImageHandle": 232874465,
   "flU0": 0.3295454680919647,
   "flV0": 0.0625,
   "flU1": 0.5909091234207153,
   "flV1": 0.78125,
   "flTrimU0": 0.3295454680919647,
   "flTrimV0": 0.0625,
   "flTrimU1": 0.3295454680919647,
   "flTrimV1": 0.0625
  }
 ],
 "unk_20823c1": [],
 "ptPostprocessed": "0"
}
