{
 "__fileName__": "base/meta/Texture/2DUITiled_FramesBackgroundGradient.tex",
 "__snoID__": 357775,
 "__type__": "TextureDefinition",
 "__typeHash__": 3631735738,
 "eTexFormat": 49,
 "dwVolumeXSlices": 1,
 "dwVolumeYSlices": 1,
 "dwWidth": 3448,
 "dwHeight": 40,
 "dwDepth": 1,
 "dwFaceCount": 1,
 "dwMipMapLevelMin": 0,
 "dwMipMapLevelMax": 1,
 "dwImportFlags": 67111425,
 "eTextureResourceType": 0,
 "rgbavalAvgColor": {
  "r": 0.12925882637500763,
  "g": 0.12925882637500763,
  "b": 0.12925882637500763,
  "a": 1.5935277938842773
 },
 "pHotspot": {
  "x": 0,
  "y": 0
 },
 "serTex": [
  {
   "__type__": "SerializeData",
   "__typeHash__": 2632036962,
   "dwOffset": 0,
   "dwSizeAndFlags": 138240
  },
  {
   "__type__": "SerializeData",
   "__typeHash__": 2632036962,
   "dwOffset": 138240,
   "dwSizeAndFlags": 34560
  }
 ],
 "ptFrame": [
  {
   "__type__": "TexFrame",
   "__typeHash__": 24231676,
   "hImageHandle": 1446023591,
   "flU0": 0.7227377891540527,
   "flV0": 0.02500000037252903,
   "flU1": 0.9979698061943054,
   "flV1": 0.824999988079071,
   "flTrimU0": 0.9446055293083191,
   "flTrimV0": 0.02500000037252903,
   "flTrimU1": 0.9979698061943054,
   "flTrimV1": 0.824999988079071
  },
  {
   "__type__": "TexFrame",
   "__typeHash__": 24231676,
   "hImageHandle": 481398330,
   "flU0": 0.44692572951316833,
   "flV0": 0.02500000037252903,
   "flU1": 0.7221577763557434,
   "flV1": 0.824999988079071,
   "flTrimU0": 0.44692572951316833,
   "flTrimV0": 0.02500000037252903,
   "flTrimU1": 0.5002899765968323,
   "flTrimV1": 0.824999988079071
  },
  {
   "__type__": "TexFrame",
   "__typeHash__": 24231676,
   "hImageHandle": 365361685,
   "flU0": 0.0002900231920648366,
   "flV0": 0.02500000037252903,
   "flU1": 0.4463456869125366,
   "flV1": 0.824999988079071,
   "flTrimU0": 0.0002900231920648366,
   "flTrimV0": 0.02500000037252903,
   "flTrimU1": 0.0002900231920648366,
   "flTrimV1": 0.02500000037252903
  }
 ],
 "unk_20823c1": [],
 "ptPostprocessed": "0"
}
