{
 "__fileName__": "base/meta/Texture/2DUI_ChallengeRiftSeasonSigils.tex",
 "__snoID__": 1822500,
 "__type__": "TextureDefinition",
 "__typeHash__": 3631735738,
 "eTexFormat": 49,
 "dwVolumeXSlices": 1,
 "dwVolumeYSlices": 1,
 "dwWidth": 1216,
 "dwHeight": 1192,
 "dwDepth": 1,
 "dwFaceCount": 1,
 "dwMipMapLevelMin": 0,
 "dwMipMapLevelMax": 1,
 "dwImportFlags": 67111425,
 "eTextureResourceType": 0,
 "rgbavalAvgColor": {
  "r": 0.1949676126241684,
  "g": 0.15483328700065613,
  "b": 0.11765400320291519,
  "a": 1.4349051713943481
 },
 "pHotspot": {
  "x": 0,
  "y": 0
 },
 "serTex": [
  {
   "__type__": "SerializeData",
   "__typeHash__": 2632036962,
   "dwOffset": 0,
   "dwSizeAndFlags": 1449472
  },
  {
   "__type__": "SerializeData",
   "__typeHash__": 2632036962,
   "dwOffset": 1449472,
   "dwSizeAndFlags": 381440
  }
 ],
 "ptFrame": [
  {
   "__type__": "TexFrame",
   "__typeHash__": 24231676,
   "hImageHandle": 378677034,
   "flU0": 0.0008223684271797538,
   "flV0": 0.0008389261784031987,
   "flU1": 0.9942434430122375,
   "flV1": 0.9941275119781494,
   "flTrimU0": 0.0008223684271797538,
   "flTrimV0": 0.0008389261784031987,
   "flTrimU1": 0.9942434430122375,
   "flTrimV1": 0.9941275119781494
  }
 ],
 "unk_20823c1": [],
 "ptPostprocessed": "0"
}
