{
 "__fileName__": "base/meta/Texture/2DUI_Center_Divider.tex",
 "__snoID__": 1323412,
 "__type__": "TextureDefinition",
 "__typeHash__": 3631735738,
 "eTexFormat": 49,
 "dwVolumeXSlices": 1,
 "dwVolumeYSlices": 1,
 "dwWidth": 880,
 "dwHeight": 56,
 "dwDepth": 1,
 "dwFaceCount": 1,
 "dwMipMapLevelMin": 0,
 "dwMipMapLevelMax": 1,
 "dwImportFlags": 67111425,
 "eTextureResourceType": 0,
 "rgbavalAvgColor": {
  "r": 0.10114502906799316,
  "g": 0.09626628458499908,
  "b": 0.09151814877986908,
  "a": 1.1613495349884033
 },
 "pHotspot": {
  "x": 0,
  "y": 0
 },
 "serTex": [
  {
   "__type__": "SerializeData",
   "__typeHash__": 2632036962,
   "dwOffset": 0,
   "dwSizeAndFlags": 50176
  },
  {
   "__type__": "SerializeData",
   "__typeHash__": 2632036962,
   "dwOffset": 50176,
   "dwSizeAndFlags": 12544
  }
 ],
 "ptFrame": [
  {
   "__type__": "TexFrame",
   "__typeHash__": 24231676,
   "hImageHandle": 3705539975,
   "flU0": 0.003409090917557478,
   "flV0": 0.0535714328289032,
   "flU1": 0.9954544901847839,
   "flV1": 0.3750000298023224,
   "flTrimU0": 0.003409090917557478,
   "flTrimV0": 0.0535714328289032,
   "flTrimU1": 0.9954544901847839,
   "flTrimV1": 0.3750000298023224
  },
  {
   "__type__": "TexFrame",
   "__typeHash__": 24231676,
   "hImageHandle": 282336177,
   "flU0": 0.394318163394928,
   "flV0": 0.4821428656578064,
   "flU1": 0.7784090638160706,
   "flV1": 0.8214285969734192,
   "flTrimU0": 0.394318163394928,
   "flTrimV0": 0.4821428656578064,
   "flTrimU1": 0.7784090638160706,
   "flTrimV1": 0.8214285969734192
  },
  {
   "__type__": "TexFrame",
   "__typeHash__": 24231676,
   "hImageHandle": 734419332,
   "flU0": 0.003409090917557478,
   "flV0": 0.4821428656578064,
   "flU1": 0.38749998807907104,
   "flV1": 0.8214285969734192,
   "flTrimU0": 0.003409090917557478,
   "flTrimV0": 0.4821428656578064,
   "flTrimU1": 0.38749998807907104,
   "flTrimV1": 0.8214285969734192
  }
 ],
 "unk_20823c1": [],
 "ptPostprocessed": "0"
}
