{
 "__fileName__": "base/meta/Texture/2DUI_Bundle_Promotional.tex",
 "__snoID__": 1447483,
 "__payloadOverride__": "base/payload/Texture/2DUI_Bundle_Promo_Steel.tex",
 "__type__": "TextureDefinition",
 "__typeHash__": 3631735738,
 "eTexFormat": 49,
 "dwVolumeXSlices": 1,
 "dwVolumeYSlices": 1,
 "dwWidth": 896,
 "dwHeight": 2616,
 "dwDepth": 1,
 "dwFaceCount": 1,
 "dwMipMapLevelMin": 0,
 "dwMipMapLevelMax": 1,
 "dwImportFlags": 67110913,
 "eTextureResourceType": 0,
 "rgbavalAvgColor": {
  "r": 0.7573946714401245,
  "g": 0.2833104729652405,
  "b": 0.7685240507125854,
  "a": 1.7721662521362305
 },
 "pHotspot": {
  "x": 0,
  "y": 0
 },
 "serTex": [
  {
   "__type__": "SerializeData",
   "__typeHash__": 2632036962,
   "dwOffset": 0,
   "dwSizeAndFlags": 2343936
  },
  {
   "__type__": "SerializeData",
   "__typeHash__": 2632036962,
   "dwOffset": 2343936,
   "dwSizeAndFlags": 585984
  }
 ],
 "ptFrame": [
  {
   "__type__": "TexFrame",
   "__typeHash__": 24231676,
   "hImageHandle": 1978976438,
   "flU0": 0.0011160714784637094,
   "flV0": 0.4996177554130554,
   "flU1": 0.9933035969734192,
   "flV1": 0.9980887174606323,
   "flTrimU0": 0.0011160714784637094,
   "flTrimV0": 0.4996177554130554,
   "flTrimU1": 0.9933035969734192,
   "flTrimV1": 0.9980887174606323
  },
  {
   "__type__": "TexFrame",
   "__typeHash__": 24231676,
   "hImageHandle": 960615097,
   "flU0": 0.0011160714784637094,
   "flV0": 0.0003822630096692592,
   "flU1": 0.9933035969734192,
   "flV1": 0.49885323643684387,
   "flTrimU0": 0.0011160714784637094,
   "flTrimV0": 0.0003822630096692592,
   "flTrimU1": 0.9933035969734192,
   "flTrimV1": 0.49885323643684387
  }
 ],
 "unk_20823c1": [],
 "ptPostprocessed": "0"
}
