{
 "__fileName__": "base/meta/Texture/2DUI_emblem_glo010_Icons.tex",
 "__snoID__": 1811869,
 "__type__": "TextureDefinition",
 "__typeHash__": 3631735738,
 "eTexFormat": 49,
 "dwVolumeXSlices": 1,
 "dwVolumeYSlices": 1,
 "dwWidth": 384,
 "dwHeight": 256,
 "dwDepth": 1,
 "dwFaceCount": 1,
 "dwMipMapLevelMin": 0,
 "dwMipMapLevelMax": 1,
 "dwImportFlags": 67110913,
 "eTextureResourceType": 0,
 "rgbavalAvgColor": {
  "r": 0.2894147038459778,
  "g": 0.23495584726333618,
  "b": 0.19959309697151184,
  "a": 1.3875243663787842
 },
 "pHotspot": {
  "x": 0,
  "y": 0
 },
 "serTex": [
  {
   "__type__": "SerializeData",
   "__typeHash__": 2632036962,
   "dwOffset": 0,
   "dwSizeAndFlags": 98304
  },
  {
   "__type__": "SerializeData",
   "__typeHash__": 2632036962,
   "dwOffset": 98304,
   "dwSizeAndFlags": 24576
  }
 ],
 "ptFrame": [
  {
   "__type__": "TexFrame",
   "__typeHash__": 24231676,
   "hImageHandle": 2912988243,
   "flU0": 0.5286458730697632,
   "flV0": 0.00390625,
   "flU1": 0.8411458730697632,
   "flV1": 0.70703125,
   "flTrimU0": 0.5286458730697632,
   "flTrimV0": 0.00390625,
   "flTrimU1": 0.8411458730697632,
   "flTrimV1": 0.70703125
  },
  {
   "__type__": "TexFrame",
   "__typeHash__": 24231676,
   "hImageHandle": 3086458316,
   "flU0": 0.0026041667442768812,
   "flV0": 0.00390625,
   "flU1": 0.5234375,
   "flV1": 0.78515625,
   "flTrimU0": 0.0026041667442768812,
   "flTrimV0": 0.00390625,
   "flTrimU1": 0.5234375,
   "flTrimV1": 0.78515625
  }
 ],
 "unk_20823c1": [],
 "ptPostprocessed": "0"
}
