{
 "__fileName__": "base/meta/Texture/2DUI_MetalFrameBorder.tex",
 "__snoID__": 1699558,
 "__type__": "TextureDefinition",
 "__typeHash__": 3631735738,
 "eTexFormat": 49,
 "dwVolumeXSlices": 1,
 "dwVolumeYSlices": 1,
 "dwWidth": 576,
 "dwHeight": 64,
 "dwDepth": 1,
 "dwFaceCount": 1,
 "dwMipMapLevelMin": 0,
 "dwMipMapLevelMax": 1,
 "dwImportFlags": 67111425,
 "eTextureResourceType": 0,
 "rgbavalAvgColor": {
  "r": 0.0015347254229709506,
  "g": 0.002162421587854624,
  "b": 0.002135935937985778,
  "a": 1.4282410144805908
 },
 "pHotspot": {
  "x": 0,
  "y": 0
 },
 "serTex": [
  {
   "__type__": "SerializeData",
   "__typeHash__": 2632036962,
   "dwOffset": 0,
   "dwSizeAndFlags": 36864
  },
  {
   "__type__": "SerializeData",
   "__typeHash__": 2632036962,
   "dwOffset": 36864,
   "dwSizeAndFlags": 10240
  }
 ],
 "ptFrame": [
  {
   "__type__": "TexFrame",
   "__typeHash__": 24231676,
   "hImageHandle": 2851520220,
   "flU0": 0.0086805559694767,
   "flV0": 0.078125,
   "flU1": 0.9114583134651184,
   "flV1": 0.65625,
   "flTrimU0": 0.0086805559694767,
   "flTrimV0": 0.078125,
   "flTrimU1": 0.9114583134651184,
   "flTrimV1": 0.65625
  }
 ],
 "unk_20823c1": [],
 "ptPostprocessed": "0"
}
