{
 "__fileName__": "base/meta/Texture/2DUI_Test.tex",
 "__snoID__": 149011,
 "__type__": "TextureDefinition",
 "__typeHash__": 3631735738,
 "eTexFormat": 49,
 "dwVolumeXSlices": 1,
 "dwVolumeYSlices": 1,
 "dwWidth": 56,
 "dwHeight": 56,
 "dwDepth": 1,
 "dwFaceCount": 1,
 "dwMipMapLevelMin": 0,
 "dwMipMapLevelMax": 0,
 "dwImportFlags": 2064,
 "eTextureResourceType": 0,
 "rgbavalAvgColor": {
  "r": 0.5670978426933289,
  "g": 0.0018660178175196052,
  "b": 0.502105176448822,
  "a": 1.8920518159866333
 },
 "pHotspot": {
  "x": 0,
  "y": 0
 },
 "serTex": [
  {
   "__type__": "SerializeData",
   "__typeHash__": 2632036962,
   "dwOffset": 0,
   "dwSizeAndFlags": 3584
  }
 ],
 "ptFrame": [
  {
   "__type__": "TexFrame",
   "__typeHash__": 24231676,
   "hImageHandle": 3800,
   "flU0": 0.01785714365541935,
   "flV0": 0.9464285969734192,
   "flU1": 0.0357142873108387,
   "flV1": 0.9642857313156128,
   "flTrimU0": 0.01785714365541935,
   "flTrimV0": 0.9464285969734192,
   "flTrimU1": 0.0357142873108387,
   "flTrimV1": 0.9642857313156128
  },
  {
   "__type__": "TexFrame",
   "__typeHash__": 24231676,
   "hImageHandle": 3915375899,
   "flU0": 0.01785714365541935,
   "flV0": 0.01785714365541935,
   "flU1": 0.910714328289032,
   "flV1": 0.910714328289032,
   "flTrimU0": 0.01785714365541935,
   "flTrimV0": 0.01785714365541935,
   "flTrimU1": 0.910714328289032,
   "flTrimV1": 0.910714328289032
  }
 ],
 "unk_20823c1": [],
 "ptPostprocessed": "0"
}
