{
 "__fileName__": "base/meta/Texture/2DUI_PlaceholderBundle.tex",
 "__snoID__": 1024364,
 "__type__": "TextureDefinition",
 "__typeHash__": 3631735738,
 "eTexFormat": 49,
 "dwVolumeXSlices": 1,
 "dwVolumeYSlices": 1,
 "dwWidth": 896,
 "dwHeight": 2824,
 "dwDepth": 1,
 "dwFaceCount": 1,
 "dwMipMapLevelMin": 0,
 "dwMipMapLevelMax": 1,
 "dwImportFlags": 67110913,
 "eTextureResourceType": 0,
 "rgbavalAvgColor": {
  "r": 0.37352561950683594,
  "g": 0.3483484983444214,
  "b": 0.31479525566101074,
  "a": 1.5334872007369995
 },
 "pHotspot": {
  "x": 0,
  "y": 0
 },
 "serTex": [
  {
   "__type__": "SerializeData",
   "__typeHash__": 2632036962,
   "dwOffset": 0,
   "dwSizeAndFlags": 2530304
  },
  {
   "__type__": "SerializeData",
   "__typeHash__": 2632036962,
   "dwOffset": 2530304,
   "dwSizeAndFlags": 632576
  }
 ],
 "ptFrame": [
  {
   "__type__": "TexFrame",
   "__typeHash__": 24231676,
   "hImageHandle": 2097210321,
   "flU0": 0.0011160714784637094,
   "flV0": 0.4628186821937561,
   "flU1": 0.9933035969734192,
   "flV1": 0.9245750308036804,
   "flTrimU0": 0.0011160714784637094,
   "flTrimV0": 0.4628186821937561,
   "flTrimU1": 0.9933035969734192,
   "flTrimV1": 0.9245750308036804
  },
  {
   "__type__": "TexFrame",
   "__typeHash__": 24231676,
   "hImageHandle": 3692729876,
   "flU0": 0.0011160714784637094,
   "flV0": 0.00035410764394328,
   "flU1": 0.9933035969734192,
   "flV1": 0.4621104896068573,
   "flTrimU0": 0.0011160714784637094,
   "flTrimV0": 0.00035410764394328,
   "flTrimU1": 0.9933035969734192,
   "flTrimV1": 0.4621104896068573
  },
  {
   "__type__": "TexFrame",
   "__typeHash__": 24231676,
   "hImageHandle": 274156492,
   "flU0": 0.0011160714784637094,
   "flV0": 0.9252832531929016,
   "flU1": 0.7332589626312256,
   "flV1": 0.9978753328323364,
   "flTrimU0": 0.0011160714784637094,
   "flTrimV0": 0.9252832531929016,
   "flTrimU1": 0.7332589626312256,
   "flTrimV1": 0.9978753328323364
  }
 ],
 "unk_20823c1": [],
 "ptPostprocessed": "0"
}
