{
 "__fileName__": "base/meta/Texture/2DUI_ActionBar_Sorc.tex",
 "__snoID__": 1188440,
 "__type__": "TextureDefinition",
 "__typeHash__": 3631735738,
 "eTexFormat": 49,
 "dwVolumeXSlices": 1,
 "dwVolumeYSlices": 1,
 "dwWidth": 512,
 "dwHeight": 256,
 "dwDepth": 1,
 "dwFaceCount": 1,
 "dwMipMapLevelMin": 0,
 "dwMipMapLevelMax": 1,
 "dwImportFlags": 67110945,
 "eTextureResourceType": 0,
 "rgbavalAvgColor": {
  "r": 0.18619850277900696,
  "g": 0.20134155452251434,
  "b": 0.2244138866662979,
  "a": 1.4335551261901855
 },
 "pHotspot": {
  "x": 0,
  "y": 0
 },
 "serTex": [
  {
   "__type__": "SerializeData",
   "__typeHash__": 2632036962,
   "dwOffset": 0,
   "dwSizeAndFlags": 131072
  },
  {
   "__type__": "SerializeData",
   "__typeHash__": 2632036962,
   "dwOffset": 131072,
   "dwSizeAndFlags": 32768
  }
 ],
 "ptFrame": [
  {
   "__type__": "TexFrame",
   "__typeHash__": 24231676,
   "hImageHandle": 1669522423,
   "flU0": 0.279296875,
   "flV0": 0.00390625,
   "flU1": 0.552734375,
   "flV1": 0.5546875,
   "flTrimU0": 0.279296875,
   "flTrimV0": 0.00390625,
   "flTrimU1": 0.552734375,
   "flTrimV1": 0.5546875
  },
  {
   "__type__": "TexFrame",
   "__typeHash__": 24231676,
   "hImageHandle": 1229263231,
   "flU0": 0.001953125,
   "flV0": 0.00390625,
   "flU1": 0.275390625,
   "flV1": 0.5546875,
   "flTrimU0": 0.02734375,
   "flTrimV0": 0.0390625,
   "flTrimU1": 0.25,
   "flTrimV1": 0.484375
  }
 ],
 "unk_20823c1": [],
 "ptPostprocessed": "0"
}
