{
 "__fileName__": "base/meta/Texture/2DUI_Tutorial_LTE_Hibernal_Epilogue.tex",
 "__snoID__": 1668778,
 "__type__": "TextureDefinition",
 "__typeHash__": 3631735738,
 "eTexFormat": 47,
 "dwVolumeXSlices": 1,
 "dwVolumeYSlices": 1,
 "dwWidth": 1216,
 "dwHeight": 448,
 "dwDepth": 1,
 "dwFaceCount": 1,
 "dwMipMapLevelMin": 0,
 "dwMipMapLevelMax": 1,
 "dwImportFlags": 67110913,
 "eTextureResourceType": 0,
 "rgbavalAvgColor": {
  "r": 0.09528163075447083,
  "g": 0.0693875402212143,
  "b": 0.05479341372847557,
  "a": 2
 },
 "pHotspot": {
  "x": 0,
  "y": 0
 },
 "serTex": [
  {
   "__type__": "SerializeData",
   "__typeHash__": 2632036962,
   "dwOffset": 0,
   "dwSizeAndFlags": 286720
  },
  {
   "__type__": "SerializeData",
   "__typeHash__": 2632036962,
   "dwOffset": 286720,
   "dwSizeAndFlags": 71680
  }
 ],
 "ptFrame": [
  {
   "__type__": "TexFrame",
   "__typeHash__": 24231676,
   "hImageHandle": 3831578444,
   "flU0": 0.6620065569877625,
   "flV0": 0.0022321429569274187,
   "flU1": 0.9909539818763733,
   "flV1": 0.895089328289032,
   "flTrimU0": 0.6620065569877625,
   "flTrimV0": 0.0022321429569274187,
   "flTrimU1": 0.9909539818763733,
   "flTrimV1": 0.895089328289032
  },
  {
   "__type__": "TexFrame",
   "__typeHash__": 24231676,
   "hImageHandle": 4067038347,
   "flU0": 0.0008223684271797538,
   "flV0": 0.0022321429569274187,
   "flU1": 0.32976973056793213,
   "flV1": 0.895089328289032,
   "flTrimU0": 0.0008223684271797538,
   "flTrimV0": 0.0022321429569274187,
   "flTrimU1": 0.32976973056793213,
   "flTrimV1": 0.895089328289032
  },
  {
   "__type__": "TexFrame",
   "__typeHash__": 24231676,
   "hImageHandle": 756019278,
   "flU0": 0.33141449093818665,
   "flV0": 0.0022321429569274187,
   "flU1": 0.6603618264198303,
   "flV1": 0.895089328289032,
   "flTrimU0": 0.33141449093818665,
   "flTrimV0": 0.0022321429569274187,
   "flTrimU1": 0.6603618264198303,
   "flTrimV1": 0.895089328289032
  }
 ],
 "unk_20823c1": [],
 "ptPostprocessed": "0"
}
