{
 "__fileName__": "base/meta/Texture/2DUIConfirmation.tex",
 "__snoID__": 2936,
 "__type__": "TextureDefinition",
 "__typeHash__": 3631735738,
 "eTexFormat": 49,
 "dwVolumeXSlices": 1,
 "dwVolumeYSlices": 1,
 "dwWidth": 352,
 "dwHeight": 184,
 "dwDepth": 1,
 "dwFaceCount": 1,
 "dwMipMapLevelMin": 0,
 "dwMipMapLevelMax": 1,
 "dwImportFlags": 67110913,
 "eTextureResourceType": 0,
 "rgbavalAvgColor": {
  "r": 0.008543670177459717,
  "g": 0.004796487279236317,
  "b": 0.0031661754474043846,
  "a": 1.8935760259628296
 },
 "pHotspot": {
  "x": 0,
  "y": 0
 },
 "serTex": [
  {
   "__type__": "SerializeData",
   "__typeHash__": 2632036962,
   "dwOffset": 0,
   "dwSizeAndFlags": 70656
  },
  {
   "__type__": "SerializeData",
   "__typeHash__": 2632036962,
   "dwOffset": 70656,
   "dwSizeAndFlags": 17664
  }
 ],
 "ptFrame": [
  {
   "__type__": "TexFrame",
   "__typeHash__": 24231676,
   "hImageHandle": 2107784253,
   "flU0": 0.022727273404598236,
   "flV0": 0.8695652484893799,
   "flU1": 0.9715909361839294,
   "flV1": 0.95652174949646,
   "flTrimU0": 0.028409091755747795,
   "flTrimV0": 0.8695652484893799,
   "flTrimU1": 0.9659091234207153,
   "flTrimV1": 0.945652186870575
  },
  {
   "__type__": "TexFrame",
   "__typeHash__": 24231676,
   "hImageHandle": 293126075,
   "flU0": 0.022727273404598236,
   "flV0": 0.043478261679410934,
   "flU1": 0.9715909361839294,
   "flV1": 0.782608687877655,
   "flTrimU0": 0.028409091755747795,
   "flTrimV0": 0.05434782803058624,
   "flTrimU1": 0.9659091234207153,
   "flTrimV1": 0.782608687877655
  }
 ],
 "unk_20823c1": [],
 "ptPostprocessed": "0"
}
