{
 "__fileName__": "base/meta/Texture/2DUI_InventoryOverlays.tex",
 "__snoID__": 165089,
 "__type__": "TextureDefinition",
 "__typeHash__": 3631735738,
 "eTexFormat": 49,
 "dwVolumeXSlices": 1,
 "dwVolumeYSlices": 1,
 "dwWidth": 136,
 "dwHeight": 120,
 "dwDepth": 1,
 "dwFaceCount": 1,
 "dwMipMapLevelMin": 0,
 "dwMipMapLevelMax": 0,
 "dwImportFlags": 2064,
 "eTextureResourceType": 0,
 "rgbavalAvgColor": {
  "r": 0.21605947613716125,
  "g": 0.15326249599456787,
  "b": 0.36132049560546875,
  "a": 1.2809399366378784
 },
 "pHotspot": {
  "x": 0,
  "y": 0
 },
 "serTex": [
  {
   "__type__": "SerializeData",
   "__typeHash__": 2632036962,
   "dwOffset": 0,
   "dwSizeAndFlags": 23040
  }
 ],
 "ptFrame": [
  {
   "__type__": "TexFrame",
   "__typeHash__": 24231676,
   "hImageHandle": 3694185586,
   "flU0": 0.49264705181121826,
   "flV0": 0.008333333767950535,
   "flU1": 0.9632353186607361,
   "flV1": 0.5416666865348816,
   "flTrimU0": 0.49264705181121826,
   "flTrimV0": 0.008333333767950535,
   "flTrimU1": 0.9632353186607361,
   "flTrimV1": 0.5416666865348816
  },
  {
   "__type__": "TexFrame",
   "__typeHash__": 24231676,
   "hImageHandle": 582516298,
   "flU0": 0.007352941203862429,
   "flV0": 0.008333333767950535,
   "flU1": 0.4779411852359772,
   "flV1": 0.5416666865348816,
   "flTrimU0": 0.14705882966518402,
   "flTrimV0": 0.10833334177732468,
   "flTrimU1": 0.375,
   "flTrimV1": 0.42500001192092896
  },
  {
   "__type__": "TexFrame",
   "__typeHash__": 24231676,
   "hImageHandle": 442678289,
   "flU0": 0.3897058963775635,
   "flV0": 0.5583333373069763,
   "flU1": 0.7573529481887817,
   "flV1": 0.9750000238418579,
   "flTrimU0": 0.4852941334247589,
   "flTrimV0": 0.6250000596046448,
   "flTrimU1": 0.7132353186607361,
   "flTrimV1": 0.9750000238418579
  },
  {
   "__type__": "TexFrame",
   "__typeHash__": 24231676,
   "hImageHandle": 2869672034,
   "flU0": 0.007352941203862429,
   "flV0": 0.5583333373069763,
   "flU1": 0.375,
   "flV1": 0.9750000238418579,
   "flTrimU0": 0.007352941203862429,
   "flTrimV0": 0.5583333373069763,
   "flTrimU1": 0.375,
   "flTrimV1": 0.9750000238418579
  }
 ],
 "unk_20823c1": [],
 "ptPostprocessed": "0"
}
