{
 "__fileName__": "base/meta/Texture/2DUI_NewIndicators.tex",
 "__snoID__": 1279200,
 "__type__": "TextureDefinition",
 "__typeHash__": 3631735738,
 "eTexFormat": 49,
 "dwVolumeXSlices": 1,
 "dwVolumeYSlices": 1,
 "dwWidth": 64,
 "dwHeight": 128,
 "dwDepth": 1,
 "dwFaceCount": 1,
 "dwMipMapLevelMin": 0,
 "dwMipMapLevelMax": 0,
 "dwImportFlags": 2576,
 "eTextureResourceType": 0,
 "rgbavalAvgColor": {
  "r": 1,
  "g": 0.4663473069667816,
  "b": 0.17384952306747437,
  "a": 1.3388437032699585
 },
 "pHotspot": {
  "x": 0,
  "y": 0
 },
 "serTex": [
  {
   "__type__": "SerializeData",
   "__typeHash__": 2632036962,
   "dwOffset": 0,
   "dwSizeAndFlags": 8192
  }
 ],
 "ptFrame": [
  {
   "__type__": "TexFrame",
   "__typeHash__": 24231676,
   "hImageHandle": 428543689,
   "flU0": 0.015625,
   "flV0": 0.4921875,
   "flU1": 0.953125,
   "flV1": 0.9609375,
   "flTrimU0": 0.015625,
   "flTrimV0": 0.4921875,
   "flTrimU1": 0.953125,
   "flTrimV1": 0.9609375
  },
  {
   "__type__": "TexFrame",
   "__typeHash__": 24231676,
   "hImageHandle": 1045923757,
   "flU0": 0.015625,
   "flV0": 0.0078125,
   "flU1": 0.953125,
   "flV1": 0.4765625,
   "flTrimU0": 0.015625,
   "flTrimV0": 0.0078125,
   "flTrimU1": 0.953125,
   "flTrimV1": 0.4765625
  }
 ],
 "unk_20823c1": [],
 "ptPostprocessed": "0"
}
