{
 "__fileName__": "base/meta/Texture/2DUI_Social.tex",
 "__snoID__": 162367,
 "__type__": "TextureDefinition",
 "__typeHash__": 3631735738,
 "eTexFormat": 49,
 "dwVolumeXSlices": 1,
 "dwVolumeYSlices": 1,
 "dwWidth": 1088,
 "dwHeight": 208,
 "dwDepth": 1,
 "dwFaceCount": 1,
 "dwMipMapLevelMin": 0,
 "dwMipMapLevelMax": 1,
 "dwImportFlags": 67112449,
 "eTextureResourceType": 0,
 "rgbavalAvgColor": {
  "r": 0.24239559471607208,
  "g": 0.24239559471607208,
  "b": 0.24239559471607208,
  "a": 1.429774284362793
 },
 "pHotspot": {
  "x": 0,
  "y": 0
 },
 "serTex": [
  {
   "__type__": "SerializeData",
   "__typeHash__": 2632036962,
   "dwOffset": 0,
   "dwSizeAndFlags": 226304
  },
  {
   "__type__": "SerializeData",
   "__typeHash__": 2632036962,
   "dwOffset": 226304,
   "dwSizeAndFlags": 59904
  }
 ],
 "ptFrame": [
  {
   "__type__": "TexFrame",
   "__typeHash__": 24231676,
   "hImageHandle": 556140653,
   "flU0": 0.0018382353009656072,
   "flV0": 0.009615384973585606,
   "flU1": 0.9972426295280457,
   "flV1": 0.9567307829856873,
   "flTrimU0": 0.0018382353009656072,
   "flTrimV0": 0.009615384973585606,
   "flTrimU1": 0.9972426295280457,
   "flTrimV1": 0.9567307829856873
  }
 ],
 "unk_20823c1": [],
 "ptPostprocessed": "0"
}
