{
 "__fileName__": "data/base/meta/Texture/BloodLeaksTop_Alpha.tex",
 "__snoID__": 1263034,
 "__type__": "TextureDefinition",
 "__typeHash__": 3631735738,
 "eTexFormat": 41,
 "dwVolumeXSlices": 1,
 "dwVolumeYSlices": 1,
 "dwWidth": 648,
 "dwHeight": 144,
 "dwDepth": 1,
 "dwFaceCount": 1,
 "dwMipMapLevelMin": 0,
 "dwMipMapLevelMax": 1,
 "dwImportFlags": 17,
 "unk_d27620": 0,
 "unk_dc7d39c": {
  "r": 0.098685123026371,
  "g": 0.09868495911359787,
  "b": 0.09868529438972473,
  "a": 1
 },
 "pHotspot": {
  "x": 0,
  "y": 0
 },
 "serTex": [
  {
   "__type__": "SerializeData",
   "__typeHash__": 2632036962,
   "dwOffset": 0,
   "dwSizeAndFlags": 55296
  },
  {
   "__type__": "SerializeData",
   "__typeHash__": 2632036962,
   "dwOffset": 55296,
   "dwSizeAndFlags": 13824
  }
 ],
 "ptFrame": [
  {
   "__type__": "TexFrame",
   "__typeHash__": 24231676,
   "hImageHandle": 0,
   "flU0": 0,
   "flV0": 0,
   "flU1": 1,
   "flV1": 1,
   "unk_8081ff3": 0.12962962687015533,
   "unk_8082014": 0,
   "unk_8081ff4": 0.8425925970077515,
   "unk_8082015": 0.9930555820465088
  }
 ],
 "unk_20823c1": [],
 "ptPostprocessed": "0"
}
