{
 "__fileName__": "data/base/meta/Texture/cookie_boardedwindowC_tilt_zakarum_color_Color.tex",
 "__snoID__": 386662,
 "__type__": "TextureDefinition",
 "__typeHash__": 3631735738,
 "eTexFormat": 46,
 "dwVolumeXSlices": 1,
 "dwVolumeYSlices": 1,
 "dwWidth": 252,
 "dwHeight": 252,
 "dwDepth": 1,
 "dwFaceCount": 1,
 "dwMipMapLevelMin": 1,
 "dwMipMapLevelMax": 1,
 "dwImportFlags": 529,
 "unk_d27620": 0,
 "unk_dc7d39c": {
  "r": 0.018086783587932587,
  "g": 0.018086783587932587,
  "b": 0.018086783587932587,
  "a": 1
 },
 "pHotspot": {
  "x": 0,
  "y": 0
 },
 "serTex": [
  {
   "__type__": "SerializeData",
   "__typeHash__": 2632036962,
   "dwOffset": 0,
   "dwSizeAndFlags": 32256
  }
 ],
 "ptFrame": [
  {
   "__type__": "TexFrame",
   "__typeHash__": 24231676,
   "hImageHandle": 0,
   "flU0": 0,
   "flV0": 0,
   "flU1": 1,
   "flV1": 1,
   "unk_8081ff3": 0.0496031790971756,
   "unk_8082014": 0.236111119389534,
   "unk_8081ff4": 1,
   "unk_8082015": 0.7559524178504944
  }
 ],
 "unk_20823c1": [],
 "ptPostprocessed": "0"
}
