{
 "__fileName__": "data/base/meta/Texture/cursor_hand_normal.tex",
 "__snoID__": 3382,
 "__type__": "TextureDefinition",
 "__typeHash__": 3631735738,
 "eTexFormat": 45,
 "dwVolumeXSlices": 1,
 "dwVolumeYSlices": 1,
 "dwWidth": 36,
 "dwHeight": 36,
 "dwDepth": 1,
 "dwFaceCount": 1,
 "dwMipMapLevelMin": 0,
 "dwMipMapLevelMax": 0,
 "dwImportFlags": 16,
 "unk_d27620": 0,
 "unk_dc7d39c": {
  "r": 0.1418696492910385,
  "g": 0.15407533943653107,
  "b": 0.15520265698432922,
  "a": 0.4324014186859131
 },
 "pHotspot": {
  "x": 2.2420775429197073e-44,
  "y": 2.2420775429197073e-44
 },
 "serTex": [
  {
   "__type__": "SerializeData",
   "__typeHash__": 2632036962,
   "dwOffset": 0,
   "dwSizeAndFlags": 9216
  }
 ],
 "ptFrame": [
  {
   "__type__": "TexFrame",
   "__typeHash__": 24231676,
   "hImageHandle": 0,
   "flU0": 0,
   "flV0": 0,
   "flU1": 1,
   "flV1": 1,
   "unk_8081ff3": 0.1111111119389534,
   "unk_8082014": 0.0833333358168602,
   "unk_8081ff4": 1,
   "unk_8082015": 0.9166666865348816
  }
 ],
 "unk_20823c1": [],
 "ptPostprocessed": "0"
}
