{
 "__fileName__": "data/base/meta/Texture/IGC_dst_1230_30dropletsDOF_DEV_01.tex",
 "__snoID__": 598716,
 "__type__": "TextureDefinition",
 "__typeHash__": 3631735738,
 "eTexFormat": 41,
 "dwVolumeXSlices": 1,
 "dwVolumeYSlices": 1,
 "dwWidth": 500,
 "dwHeight": 500,
 "dwDepth": 1,
 "dwFaceCount": 1,
 "dwMipMapLevelMin": 1,
 "dwMipMapLevelMax": 1,
 "dwImportFlags": 17,
 "unk_d27620": 0,
 "unk_dc7d39c": {
  "r": 0.014997300691902637,
  "g": 0.014997300691902637,
  "b": 0.014997300691902637,
  "a": 1
 },
 "pHotspot": {
  "x": 0,
  "y": 0
 },
 "serTex": [
  {
   "__type__": "SerializeData",
   "__typeHash__": 2632036962,
   "dwOffset": 0,
   "dwSizeAndFlags": 128000
  }
 ],
 "ptFrame": [
  {
   "__type__": "TexFrame",
   "__typeHash__": 24231676,
   "hImageHandle": 0,
   "flU0": 0,
   "flV0": 0,
   "flU1": 1,
   "flV1": 1,
   "unk_8081ff3": 0.05000000074505806,
   "unk_8082014": 0.05900000408291817,
   "unk_8081ff4": 0.9920000433921814,
   "unk_8082015": 0.9860000610351562
  }
 ],
 "unk_20823c1": [],
 "ptPostprocessed": "0"
}
