{
 "__fileName__": "base/meta/Texture/IGC_dst_1230_7dropletsDOF_DEV_01.tex",
 "__snoID__": 598723,
 "__type__": "TextureDefinition",
 "__typeHash__": 3631735738,
 "eTexFormat": 41,
 "dwVolumeXSlices": 1,
 "dwVolumeYSlices": 1,
 "dwWidth": 500,
 "dwHeight": 500,
 "dwDepth": 1,
 "dwFaceCount": 1,
 "dwMipMapLevelMin": 1,
 "dwMipMapLevelMax": 1,
 "dwImportFlags": 17,
 "eTextureResourceType": 0,
 "rgbavalAvgColor": {
  "r": 0.003249580506235361,
  "g": 0.003249580506235361,
  "b": 0.003249580506235361,
  "a": 1
 },
 "pHotspot": {
  "x": 0,
  "y": 0
 },
 "serTex": [
  {
   "__type__": "SerializeData",
   "__typeHash__": 2632036962,
   "dwOffset": 0,
   "dwSizeAndFlags": 128000
  }
 ],
 "ptFrame": [
  {
   "__type__": "TexFrame",
   "__typeHash__": 24231676,
   "hImageHandle": 0,
   "flU0": 0,
   "flV0": 0,
   "flU1": 1,
   "flV1": 1,
   "flTrimU0": 0.014000000432133675,
   "flTrimV0": 0.04000000283122063,
   "flTrimU1": 0.9410000443458557,
   "flTrimV1": 0.9660000205039978
  }
 ],
 "unk_20823c1": [],
 "ptPostprocessed": "0"
}
