{
 "__fileName__": "data/base/meta/Texture/SightlessEye_Ground_Destruction_01_Vat_pos.tex",
 "__snoID__": 1224089,
 "__type__": "TextureDefinition",
 "__typeHash__": 3631735738,
 "eTexFormat": 25,
 "dwVolumeXSlices": 1,
 "dwVolumeYSlices": 1,
 "dwWidth": 203,
 "dwHeight": 63,
 "dwDepth": 1,
 "dwFaceCount": 1,
 "dwMipMapLevelMin": 0,
 "dwMipMapLevelMax": 0,
 "dwImportFlags": 16,
 "unk_d27620": 0,
 "unk_dc7d39c": {
  "r": -15.237119674682617,
  "g": -18.134580612182617,
  "b": 464.091796875,
  "a": 0.2372051477432251
 },
 "pHotspot": {
  "x": 0,
  "y": 0
 },
 "serTex": [
  {
   "__type__": "SerializeData",
   "__typeHash__": 2632036962,
   "dwOffset": 0,
   "dwSizeAndFlags": 112896
  }
 ],
 "ptFrame": [
  {
   "__type__": "TexFrame",
   "__typeHash__": 24231676,
   "hImageHandle": 0,
   "flU0": 0,
   "flV0": 0,
   "flU1": 1,
   "flV1": 1,
   "unk_8081ff3": 0,
   "unk_8082014": 0,
   "unk_8081ff4": 0.9950738549232483,
   "unk_8082015": 0.9841270446777344
  }
 ],
 "unk_20823c1": [],
 "ptPostprocessed": "0"
}
