{
 "__fileName__": "base/meta/Texture/vat_goldCoins_250_rot.tex",
 "__snoID__": 1812875,
 "__type__": "TextureDefinition",
 "__typeHash__": 3631735738,
 "eTexFormat": 25,
 "dwVolumeXSlices": 1,
 "dwVolumeYSlices": 1,
 "dwWidth": 244,
 "dwHeight": 100,
 "dwDepth": 1,
 "dwFaceCount": 1,
 "dwMipMapLevelMin": 0,
 "dwMipMapLevelMax": 0,
 "dwImportFlags": 16,
 "eTextureResourceType": 0,
 "rgbavalAvgColor": {
  "r": -0.01833401247859001,
  "g": -0.0007483025547116995,
  "b": 0.0199260376393795,
  "a": 0.008883786387741566
 },
 "pHotspot": {
  "x": 0,
  "y": 0
 },
 "serTex": [
  {
   "__type__": "SerializeData",
   "__typeHash__": 2632036962,
   "dwOffset": 0,
   "dwSizeAndFlags": 204800
  }
 ],
 "ptFrame": [
  {
   "__type__": "TexFrame",
   "__typeHash__": 24231676,
   "hImageHandle": 0,
   "flU0": 0,
   "flV0": 0,
   "flU1": 1,
   "flV1": 1,
   "flTrimU0": 0,
   "flTrimV0": 0.009999999776482582,
   "flTrimU1": 0.9999999403953552,
   "flTrimV1": 0.9099999666213989
  }
 ],
 "unk_20823c1": [],
 "ptPostprocessed": "0"
}
