{
 "__fileName__": "data/base/meta/MarkingColor/Blue Paint.mcl",
 "__snoID__": 1289411,
 "__type__": "MarkingColorDefinition",
 "__typeHash__": 4245213777,
 "nSortOrder": 3,
 "unk_7d23b1d": 0,
 "unk_fc3d8a3": [
  {
   "r": 0.011126082390546799,
   "g": 0.030256522819399834,
   "b": 0.06381487101316452,
   "a": 1
  },
  {
   "r": 0.07176145166158676,
   "g": 0.2508402466773987,
   "b": 0.3250369727611542,
   "a": 1
  },
  {
   "r": 0.020951131358742714,
   "g": 0.0477757565677166,
   "b": 0.058187179267406464,
   "a": 1
  }
 ],
 "unk_37592cc": 0.6499999761581421,
 "unk_7c43e7a": 0
}
