{
 "__fileName__": "base/meta/MarkingColor/Burning Ashes.mcl",
 "__snoID__": 1632815,
 "__type__": "MarkingColorDefinition",
 "__typeHash__": 4245213777,
 "nSortOrder": 0,
 "fIsTattoo": false,
 "arPaintColorSamples": [
  {
   "r": 0.015175238251686096,
   "g": 0.005028203129768372,
   "b": 0.005028203129768372,
   "a": 1
  },
  {
   "r": 0.20835967361927032,
   "g": 0.019917838275432587,
   "b": 0.008373118005692959,
   "a": 1
  },
  {
   "r": 0.28881600499153137,
   "g": 0.20109574496746063,
   "b": 0.00969632901251316,
   "a": 1
  }
 ],
 "flPaintRoughness": 0.8299999833106995,
 "flPaintMetalness": 0
}
