{
 "__fileName__": "data/base/meta/MarkingColor/Camouflage Paint.mcl",
 "__snoID__": 1289405,
 "__type__": "MarkingColorDefinition",
 "__typeHash__": 4245213777,
 "__fileOffset__": 0,
 "nSortOrder": {
  "__type__": "DT_INT",
  "__typeHash__": 2764320258,
  "__fileOffset__": 8,
  "value": 11
 },
 "unk_7d23b1d": {
  "__type__": "DT_INT",
  "__typeHash__": 2764320258,
  "__fileOffset__": 12,
  "value": 0
 },
 "unk_fc3d8a3": {
  "__type__": "DT_FIXEDARRAY",
  "__typeHash__": 2388214534,
  "__fileOffset__": 16,
  "value": [
   {
    "__type__": "DT_RGBACOLORVALUE",
    "__typeHash__": 3212271855,
    "__fileOffset__": 16,
    "value": {
     "r": 0.07176145166158676,
     "g": 0.04614884406328201,
     "b": 0.011881334707140923,
     "a": 1
    }
   },
   {
    "__type__": "DT_RGBACOLORVALUE",
    "__typeHash__": 3212271855,
    "__fileOffset__": 32,
    "value": {
     "r": 0.4936162233352661,
     "g": 0.42050793766975403,
     "b": 0.0915183573961258,
     "a": 1
    }
   },
   {
    "__type__": "DT_RGBACOLORVALUE",
    "__typeHash__": 3212271855,
    "__fileOffset__": 48,
    "value": {
     "r": 0.08919350802898407,
     "g": 0.10363409668207169,
     "b": 0.05112205445766449,
     "a": 1
    }
   }
  ]
 },
 "unk_37592cc": {
  "__type__": "DT_FLOAT",
  "__typeHash__": 3864020909,
  "__fileOffset__": 64,
  "value": 0.6499999761581421
 },
 "unk_7c43e7a": {
  "__type__": "DT_FLOAT",
  "__typeHash__": 3864020909,
  "__fileOffset__": 68,
  "value": 0
 }
}
