{
 "__fileName__": "base/meta/MarkingColor/Camouflage Paint.mcl",
 "__snoID__": 1289405,
 "__type__": "MarkingColorDefinition",
 "__typeHash__": 4245213777,
 "nSortOrder": 11,
 "fIsTattoo": true,
 "unk_fc3d8a3": [
  {
   "r": 0.6455553770065308,
   "g": 0.5924381613731384,
   "b": 0.06003161147236824,
   "a": 1
  },
  {
   "r": 0.43681275844573975,
   "g": 0.4936162233352661,
   "b": 0.016988052055239677,
   "a": 1
  },
  {
   "r": 0.18698853254318237,
   "g": 0.275832861661911,
   "b": 0.022012993693351746,
   "a": 1
  }
 ],
 "unk_37592cc": 0.550000011920929,
 "unk_7c43e7a": 0.05999999865889549
}
