{
 "__fileName__": "base/meta/MarkingColor/Fresh Blood.mcl",
 "__snoID__": 1289417,
 "__type__": "MarkingColorDefinition",
 "__typeHash__": 4245213777,
 "nSortOrder": 6,
 "fIsTattoo": false,
 "arPaintColorSamples": [
  {
   "r": 0.11926403641700745,
   "g": 0.006584957707673311,
   "b": 0.0025858255103230476,
   "a": 1
  },
  {
   "r": 0.037028517574071884,
   "g": 0.0033027029130607843,
   "b": 0.0004925037501379848,
   "a": 1
  },
  {
   "r": 0.08690125495195389,
   "g": 0.0006381827988661826,
   "b": 0,
   "a": 1
  }
 ],
 "flPaintRoughness": 0.05000000074505806,
 "flPaintMetalness": 0.05999999865889549
}
