{
 "__fileName__": "base/meta/MarkingColor/Henna.mcl",
 "__snoID__": 1289415,
 "__type__": "MarkingColorDefinition",
 "__typeHash__": 4245213777,
 "nSortOrder": 7,
 "fIsTattoo": false,
 "unk_fc3d8a3": [
  {
   "r": 0.3344578146934509,
   "g": 0.16364069283008575,
   "b": 0.06190747767686844,
   "a": 1
  },
  {
   "r": 0.4819522500038147,
   "g": 0.11657579243183136,
   "b": 0.0045597548596560955,
   "a": 1
  },
  {
   "r": 0.0915183573961258,
   "g": 0.020951131358742714,
   "b": 0.005028203129768372,
   "a": 1
  }
 ],
 "unk_37592cc": 0.6499999761581421,
 "unk_7c43e7a": 0
}
