{
 "__fileName__": "base/meta/MarkingColor/Henna.mcl",
 "__snoID__": 1289415,
 "__type__": "MarkingColorDefinition",
 "__typeHash__": 4245213777,
 "nSortOrder": 7,
 "fIsTattoo": true,
 "unk_fc3d8a3": [
  {
   "r": 0.5989419221878052,
   "g": 0.21576441824436188,
   "b": 0.019917838275432587,
   "a": 1
  },
  {
   "r": 0.49950528144836426,
   "g": 0.1275297999382019,
   "b": 0.03423020988702774,
   "a": 1
  },
  {
   "r": 0.24680043756961823,
   "g": 0.0477757565677166,
   "b": 0.010397803038358688,
   "a": 1
  }
 ],
 "unk_37592cc": 0.6499999761581421,
 "unk_7c43e7a": 0
}
