{
 "__fileName__": "base/meta/MarkingColor/Priestess_Serpentum.mcl",
 "__snoID__": 1936858,
 "__type__": "MarkingColorDefinition",
 "__typeHash__": 4245213777,
 "nSortOrder": 12,
 "fIsTattoo": false,
 "arPaintColorSamples": [
  {
   "r": 0.0001751239615259692,
   "g": 0.058187179267406464,
   "b": 0.027755282819271088,
   "a": 1
  },
  {
   "r": 0.0001751239615259692,
   "g": 0.058187179267406464,
   "b": 0.027755282819271088,
   "a": 1
  },
  {
   "r": 0.0001751239615259692,
   "g": 0.058187179267406464,
   "b": 0.027755282819271088,
   "a": 1
  }
 ],
 "flPaintRoughness": 0.4300000071525574,
 "flPaintMetalness": 0.6600000262260437
}
