{
 "__fileName__": "data/base/meta/Appearance/SLA1110_BG.app",
 "__snoID__": 1479632,
 "__type__": "AppearanceDefinition",
 "__typeHash__": 2214406937,
 "tStructure": {
  "__type__": "Structure",
  "__typeHash__": 835243889,
  "ptCollisionMeshes": [],
  "ptCollisionCapsules": [],
  "ptChunks": [
   {
    "__type__": "GeoChunk",
    "__typeHash__": 3974107604,
    "aabbBounds": {
     "__type__": "AABB",
     "__typeHash__": 2408934,
     "wp": {
      "x": 3.4214119911193848,
      "y": -20.706268310546875,
      "z": 5.137825965881348
     },
     "wvExt": {
      "x": 17.397947311401367,
      "y": 6.906577110290527,
      "z": 10.901101112365723
     }
    },
    "unk_d9fe6f6": [
     {
      "__type__": "GeoSet",
      "__typeHash__": 2902473767,
      "ptSubObjects": [
       {
        "__type__": "SubObject",
        "__typeHash__": 4121622049,
        "dwFlags": 2097152,
        "unk_334eb2d": 2147418112,
        "ptClothData": [],
        "unk_26f39c1": [],
        "uDyesObj": 0,
        "unk_87b4c64": 0,
        "unk_d28c748": 0,
        "dwAbSize": 0,
        "tNameInfo": {
         "__type__": "SubObjectNameInfo",
         "__typeHash__": 3300608366,
         "eType": 0,
         "dwFlags": 0,
         "unk_551fc93": 0,
         "dwState": 0,
         "dwStyle": 0,
         "dwSlotHash": 0,
         "unk_d9c73f4": 0,
         "dwDetailHash": 0,
         "unk_c15f7d2": 0,
         "unk_92fdd14": 0,
         "unk_b0b7d46": 0
        },
        "nMaterialIndex": 0,
        "dwSubObjectHash": 2660260569,
        "unk_79283f": 0,
        "unk_45c6981": 0,
        "unk_9b916d8": 0,
        "unk_a758781": -1,
        "unk_a1b71f5": -1,
        "unk_95f2e14": -1,
        "unk_6c0cb90": 4294967295,
        "unk_e354a1f": {
         "value": -1,
         "group": 51,
         "groupName": "Condition"
        },
        "aabbBounds": {
         "__type__": "AABB",
         "__typeHash__": 2408934,
         "wp": {
          "x": 3.3817644119262695,
          "y": -20.789512634277344,
          "z": 4.997068405151367
         },
         "wvExt": {
          "x": 17.358299255371094,
          "y": 6.764819145202637,
          "z": 10.760343551635742
         }
        },
        "ptShapes": [],
        "unk_eba16f": [],
        "ptPostprocessed": "0",
        "ptSegments": [
         {
          "__type__": "Type_51b6be94",
          "__typeHash__": 1370930836,
          "pBoneIDs": [],
          "nVertCount": 4,
          "nVertOffset": 0,
          "nIndexCount": 6,
          "nIndexOffset": 0
         }
        ],
        "wpFixedPointPosOffset": {
         "x": 0,
         "y": 0,
         "z": 0
        },
        "wpFixedPointPosScale": {
         "x": 0,
         "y": 0,
         "z": 0
        }
       },
       {
        "__type__": "SubObject",
        "__typeHash__": 4121622049,
        "dwFlags": 2097152,
        "unk_334eb2d": 2147418112,
        "ptClothData": [],
        "unk_26f39c1": [],
        "uDyesObj": 0,
        "unk_87b4c64": 0,
        "unk_d28c748": 0,
        "dwAbSize": 0,
        "tNameInfo": {
         "__type__": "SubObjectNameInfo",
         "__typeHash__": 3300608366,
         "eType": 0,
         "dwFlags": 0,
         "unk_551fc93": 0,
         "dwState": 0,
         "dwStyle": 0,
         "dwSlotHash": 0,
         "unk_d9c73f4": 0,
         "dwDetailHash": 0,
         "unk_c15f7d2": 0,
         "unk_92fdd14": 0,
         "unk_b0b7d46": 0
        },
        "nMaterialIndex": 1,
        "dwSubObjectHash": 304826241,
        "unk_79283f": 0,
        "unk_45c6981": 0,
        "unk_9b916d8": 0,
        "unk_a758781": -1,
        "unk_a1b71f5": -1,
        "unk_95f2e14": -1,
        "unk_6c0cb90": 4294967295,
        "unk_e354a1f": {
         "value": -1,
         "group": 51,
         "groupName": "Condition"
        },
        "aabbBounds": {
         "__type__": "AABB",
         "__typeHash__": 2408934,
         "wp": {
          "x": 3.5031633377075195,
          "y": -20.706268310546875,
          "z": 5.398469924926758
         },
         "wvExt": {
          "x": 17.31619644165039,
          "y": 6.906577110290527,
          "z": 10.640457153320312
         }
        },
        "ptShapes": [],
        "unk_eba16f": [],
        "ptPostprocessed": "0",
        "ptSegments": [
         {
          "__type__": "Type_51b6be94",
          "__typeHash__": 1370930836,
          "pBoneIDs": [],
          "nVertCount": 4,
          "nVertOffset": 144,
          "nIndexCount": 6,
          "nIndexOffset": 6
         }
        ],
        "wpFixedPointPosOffset": {
         "x": 0,
         "y": 0,
         "z": 0
        },
        "wpFixedPointPosScale": {
         "x": 0,
         "y": 0,
         "z": 0
        }
       }
      ],
      "unk_9d1d596": [],
      "unk_79283f": 0,
      "unk_af1153d": 0,
      "unk_72aae9c": 0
     }
    ],
    "unk_4137988": [
     {
      "__type__": "Type_d95af7ec",
      "__typeHash__": 3646617580,
      "eVBFormat": 4,
      "unk_e91fb07": 36,
      "ptVertexElems": [
       {
        "__type__": "VertexElem",
        "__typeHash__": 1536548129,
        "eSemantic": 0,
        "eFormat": 1,
        "nOffset": 0
       },
       {
        "__type__": "VertexElem",
        "__typeHash__": 1536548129,
        "eSemantic": 9,
        "eFormat": 8,
        "nOffset": 12
       },
       {
        "__type__": "VertexElem",
        "__typeHash__": 1536548129,
        "eSemantic": 7,
        "eFormat": 5,
        "nOffset": 16
       },
       {
        "__type__": "VertexElem",
        "__typeHash__": 1536548129,
        "eSemantic": 8,
        "eFormat": 5,
        "nOffset": 20
       },
       {
        "__type__": "VertexElem",
        "__typeHash__": 1536548129,
        "eSemantic": 1,
        "eFormat": 7,
        "nOffset": 24
       },
       {
        "__type__": "VertexElem",
        "__typeHash__": 1536548129,
        "eSemantic": 2,
        "eFormat": 7,
        "nOffset": 28
       },
       {
        "__type__": "VertexElem",
        "__typeHash__": 1536548129,
        "eSemantic": 10,
        "eFormat": 8,
        "nOffset": 32
       }
      ],
      "unk_aea647a": [
       0,
       4,
       5,
       255,
       255,
       255,
       255,
       2,
       3,
       1,
       6
      ],
      "wEid": -1,