{
 "__fileName__": "data/base/meta/Cloth/druM_base02_TRS_runes_sim.clt",
 "__snoID__": 575138,
 "__type__": "ClothDefinition",
 "__typeHash__": 1173939491,
 "snoAmbientSound": null,
 "dwFlags": 0,
 "nPurchaseGizmo": 3,
 "unk_be5c463": {
  "__type__": "Type_aced015b",
  "__typeHash__": 2901213531,
  "vGravity": {
   "x": 0,
   "y": 0,
   "z": -12
  },
  "flGravityPadding": 0,
  "unk_cc27d12": {
   "x": 0,
   "y": 0,
   "z": 0
  },
  "unk_92fd45": 0,
  "ptInvTransform": {
   "x": 0,
   "y": 0,
   "z": 0,
   "w": 1
  },
  "boneIndex": 65535,
  "nIterations": 1,
  "unk_88a73dd": 0.8299999833106995,
  "unk_3313228": 0.5,
  "flStretchingStiffness": 1,
  "flHorizontalStiffness": 1,
  "flShearStiffness": 1,
  "flBendingStiffness": 0.8899999856948853,
  "flExplosionFactor": 0.20000000298023224,
  "unk_384c4a5": 0.25,
  "flImpulseFactor": 0.25,
  "flWindFactor": 0.20000000298023224,
  "flDragFactor": 0,
  "unk_c3c1f00": 0.5,
  "flDampingFactor": 0,
  "flSkinOffset": 0.009999999776482582,
  "flSkinExponent": 0,
  "flSkinStiffness": 0.009999999776482582,
  "unk_f0ffa30": 0.10000000149011612,
  "unk_914f7cd": 0,
  "unk_b5ff484": 0.4000000059604645,
  "unk_55daa16": 1.2000000476837158,
  "unk_602c192": 0,
  "flDensity": 1.850000023841858,
  "flFrictionScale": 1,
  "fFlatten": 1,
  "unk_1e00090": 1,
  "fIsStatic": 0,
  "unk_cb063a7": 0,
  "unk_73a63cf": 4,
  "eSolverOverride": 0,
  "unk_8b34e8f": 1,
  "unk_c65462b": 0,
  "unk_c65462c": 0
 },
 "unk_570fcff": 0,
 "unk_b8886b": 0.10000000149011612,
 "unk_a3b3e2": 1,
 "unk_c5496ae": 1,
 "unk_fc18a85": 0.5,
 "unk_643f5b": 0.30000001192092896,
 "unk_5f96b22": {
  "rangeValue1": 0,
  "rangeValue2": 0
 },
 "unk_4848e0f": {
  "rangeValue1": 0,
  "rangeValue2": 0
 }
}
