{
 "__fileName__": "base/meta/Cloth/druM_stor158_LEG_bones_mounted_override_sim.clt",
 "__snoID__": 1624749,
 "__type__": "ClothDefinition",
 "__typeHash__": 1173939491,
 "snoAmbientSound": null,
 "dwFlags": 0,
 "unk_2a6986f": 8,
 "tClothTuning": {
  "__type__": "dmClothTuningMirror",
  "__typeHash__": 2901213531,
  "vGravity": {
   "x": 0,
   "y": 0,
   "z": -20
  },
  "flGravityPadding": 0,
  "vSelfWind": {
   "x": 0,
   "y": 0,
   "z": 0
  },
  "flSelfWindPadding": 0,
  "ptInvTransform": {
   "x": 0,
   "y": 0,
   "z": 0,
   "w": 1
  },
  "boneIndex": 65535,
  "nIterations": 1,
  "flActorTrackingFactor": 0.8500000238418579,
  "flBoneTrackingFactor": 0.6499999761581421,
  "flStretchingStiffness": 0.550000011920929,
  "flHorizontalStiffness": 0.5,
  "flShearStiffness": 0.029999999329447746,
  "flBendingStiffness": 0.10000000149011612,
  "flExplosionFactor": 0.15000000596046448,
  "flImpulseCap": 0.15000000596046448,
  "flImpulseFactor": 0.15000000596046448,
  "flWindFactor": 0.10000000149011612,
  "flDragFactor": 0,
  "flLiftFactor": 0.10000000149011612,
  "flDampingFactor": 0,
  "flSkinOffset": 0.10000000149011612,
  "flSkinExponent": 0,
  "flSkinStiffness": 0,
  "flAttachmentStiffness": 0.5,
  "flTypePassabilityCap": 0.8500000238418579,
  "unk_b5ff484": 0.30000001192092896,
  "flBlendDampingRatio": 0.10000000149011612,
  "flAnimBlendFraction": 0,
  "flDensity": 0.8999999761581421,
  "flFrictionScale": 1,
  "fFlatten": true,
  "fUseShapeCollision": true,
  "fIsStatic": false,
  "unk_cb063a7": false,
  "unk_73a63cf": 4,
  "eSolverOverride": 0,
  "eBendModel": 0,
  "flStructurePadding1": 0,
  "flStructurePadding2": 0
 },
 "unk_570fcff": 0.10000000149011612,
 "unk_b8886b": 0.10000000149011612,
 "unk_a3b3e2": 0.5,
 "unk_c5496ae": 0.10000000149011612,
 "unk_fc18a85": 1,
 "flWorldWindStrength": 1,
 "tSelfWindAmplitudeRange": {
  "rangeValue1": 0,
  "rangeValue2": 0
 },
 "tSelfWindFrequencyRange": {
  "rangeValue1": 0,
  "rangeValue2": 0
 }
}
