{
 "__fileName__": "data/base/meta/Cloth/mnt_amor110_BDY_mane_sim.clt",
 "__snoID__": 1195746,
 "__type__": "ClothDefinition",
 "__typeHash__": 1173939491,
 "snoAmbientSound": {
  "value": -1,
  "group": 5,
  "groupName": "AmbientSound"
 },
 "dwFlags": 0,
 "nPurchaseGizmo": 30,
 "unk_be5c463": {
  "__type__": "Type_aced015b",
  "__typeHash__": 2901213531,
  "vGravity": {
   "x": 0,
   "y": 0,
   "z": -15
  },
  "flGravityPadding": 0,
  "unk_cc27d12": {
   "x": 5,
   "y": 0,
   "z": 0
  },
  "unk_92fd45": 0,
  "ptInvTransform": {
   "x": 0,
   "y": 0,
   "z": 0,
   "w": 1
  },
  "boneIndex": 65535,
  "nIterations": 1,
  "unk_88a73dd": 0.6800000071525574,
  "unk_3313228": 0.30000001192092896,
  "flStretchingStiffness": 0.3799999952316284,
  "flHorizontalStiffness": 0.23000000417232513,
  "flShearStiffness": 0.07000000029802322,
  "flBendingStiffness": 0.03999999910593033,
  "flExplosionFactor": 0.11999999731779099,
  "unk_384c4a5": 0.25,
  "flImpulseFactor": 0.25,
  "flWindFactor": 0.25,
  "flDragFactor": 1.2000000476837158,
  "unk_c3c1f00": 0.3499999940395355,
  "flDampingFactor": 2.5,
  "flSkinOffset": 0,
  "flSkinExponent": 0,
  "flSkinStiffness": 0,
  "unk_f0ffa30": 0.33000001311302185,
  "unk_914f7cd": 0,
  "unk_b5ff484": 0.30000001192092896,
  "unk_55daa16": 0.699999988079071,
  "unk_602c192": 0,
  "flDensity": 25.700000762939453,
  "flFrictionScale": 1,
  "fFlatten": 0,
  "unk_1e00090": 1,
  "fIsStatic": 0,
  "unk_cb063a7": 0,
  "unk_73a63cf": 4,
  "eSolverOverride": 3,
  "unk_8b34e8f": 0,
  "unk_c65462b": 0,
  "unk_c65462c": 0
 },
 "unk_570fcff": 5,
 "unk_b8886b": 0.10000000149011612,
 "unk_a3b3e2": 1,
 "unk_c5496ae": 0.10000000149011612,
 "unk_fc18a85": 1,
 "unk_643f5b": 1,
 "unk_5f96b22": {
  "value": 0,
  "end_value": 0
 },
 "unk_4848e0f": {
  "value": 0,
  "end_value": 0
 }
}
