{
 "__fileName__": "base/meta/Cloth/mnt_stor048_TPY_flag_sim.clt",
 "__snoID__": 1530636,
 "__type__": "ClothDefinition",
 "__typeHash__": 1173939491,
 "snoAmbientSound": null,
 "dwFlags": 0,
 "unk_2a6986f": 20,
 "tClothTuning": {
  "__type__": "dmClothTuningMirror",
  "__typeHash__": 2901213531,
  "vGravity": {
   "x": 0,
   "y": 0,
   "z": -25
  },
  "flGravityPadding": 0,
  "vSelfWind": {
   "x": 0,
   "y": 2,
   "z": 0
  },
  "flSelfWindPadding": 0,
  "ptInvTransform": {
   "x": 0,
   "y": 0,
   "z": 0,
   "w": 1
  },
  "boneIndex": 65535,
  "nIterations": 1,
  "flActorTrackingFactor": 0.6399999856948853,
  "flBoneTrackingFactor": 0.7300000190734863,
  "flStretchingStiffness": 0.6600000262260437,
  "flHorizontalStiffness": 0.4699999988079071,
  "flShearStiffness": 0.05000000074505806,
  "flBendingStiffness": 0.25999999046325684,
  "flExplosionFactor": 0.0017999999690800905,
  "flImpulseCap": 0.25,
  "flImpulseFactor": 0.25,
  "flWindFactor": 0.30000001192092896,
  "flDragFactor": 1,
  "flLiftFactor": 0.8999999761581421,
  "flDampingFactor": 0,
  "flSkinOffset": 0.019999999552965164,
  "flSkinExponent": 0.09000000357627869,
  "flSkinStiffness": 0.05000000074505806,
  "flAttachmentStiffness": 0.7900000214576721,
  "flBlendHertzAdd": 0.30000001192092896,
  "flBlendHertz": 0.20000000298023224,
  "flBlendDampingRatio": 0.4000000059604645,
  "flAnimBlendFraction": 0,
  "flDensity": 2,
  "flFrictionScale": 1,
  "fFlatten": false,
  "fUseShapeCollision": true,
  "fIsStatic": false,
  "unk_cb063a7": false,
  "unk_73a63cf": 4,
  "eSolverOverride": 3,
  "eBendModel": 1,
  "flStructurePadding1": 0,
  "flStructurePadding2": 0
 },
 "unk_570fcff": 1,
 "unk_b8886b": 1,
 "unk_a3b3e2": 1,
 "unk_c5496ae": 0.10000000149011612,
 "unk_fc18a85": 1,
 "flWorldWindStrength": 1,
 "tSelfWindAmplitudeRange": {
  "rangeValue1": 0,
  "rangeValue2": 0
 },
 "tSelfWindFrequencyRange": {
  "rangeValue1": 0,
  "rangeValue2": 0
 }
}
