{
 "__fileName__": "data/base/meta/Cloth/npcC_drys_boy_TRS_coat_sim.clt",
 "__snoID__": 574540,
 "__type__": "ClothDefinition",
 "__typeHash__": 1173939491,
 "snoAmbientSound": null,
 "dwFlags": 0,
 "nPurchaseGizmo": 35,
 "unk_be5c463": {
  "__type__": "Type_aced015b",
  "__typeHash__": 2901213531,
  "vGravity": {
   "x": 0,
   "y": 0,
   "z": -18
  },
  "flGravityPadding": 0,
  "unk_cc27d12": {
   "x": 0,
   "y": 0,
   "z": 0
  },
  "unk_92fd45": 0,
  "ptInvTransform": {
   "x": 0,
   "y": 0,
   "z": 0,
   "w": 1
  },
  "boneIndex": 65535,
  "nIterations": 1,
  "unk_88a73dd": 0.75,
  "unk_3313228": 0.5,
  "flStretchingStiffness": 0.3199999928474426,
  "flHorizontalStiffness": 0.3199999928474426,
  "flShearStiffness": 0.17000000178813934,
  "flBendingStiffness": 0.17000000178813934,
  "flExplosionFactor": 0.18000000715255737,
  "unk_384c4a5": 0.25,
  "flImpulseFactor": 0.25,
  "flWindFactor": 0.3499999940395355,
  "flDragFactor": 0,
  "unk_c3c1f00": 3,
  "flDampingFactor": 0,
  "flSkinOffset": 0,
  "flSkinExponent": 0,
  "flSkinStiffness": 0,
  "unk_f0ffa30": 0.7699999809265137,
  "unk_914f7cd": 0,
  "unk_b5ff484": 0.699999988079071,
  "unk_55daa16": 0.10000000149011612,
  "unk_602c192": 0,
  "flDensity": 2,
  "flFrictionScale": 3,
  "fFlatten": 1,
  "unk_1e00090": 1,
  "fIsStatic": 0,
  "unk_cb063a7": 0,
  "unk_73a63cf": 4,
  "eSolverOverride": 3,
  "unk_8b34e8f": 1,
  "unk_c65462b": 0,
  "unk_c65462c": 0
 },
 "unk_570fcff": 0.10000000149011612,
 "unk_b8886b": 0.10000000149011612,
 "unk_a3b3e2": 1,
 "unk_c5496ae": 0.10000000149011612,
 "unk_fc18a85": 1,
 "unk_643f5b": 1,
 "unk_5f96b22": {
  "rangeValue1": 0,
  "rangeValue2": 0
 },
 "unk_4848e0f": {
  "rangeValue1": 0,
  "rangeValue2": 0
 }
}
