{
 "__fileName__": "data/base/meta/Cloth/rogF_sets50_TRS_loinFront_sim.clt",
 "__snoID__": 599524,
 "__type__": "ClothDefinition",
 "__typeHash__": 1173939491,
 "snoAmbientSound": null,
 "dwFlags": 0,
 "nPurchaseGizmo": 30,
 "unk_be5c463": {
  "__type__": "Type_aced015b",
  "__typeHash__": 2901213531,
  "vGravity": {
   "x": 0,
   "y": 0,
   "z": -26
  },
  "flGravityPadding": 0,
  "unk_cc27d12": {
   "x": -1,
   "y": 0,
   "z": 0
  },
  "unk_92fd45": 0,
  "ptInvTransform": {
   "x": 0,
   "y": 0,
   "z": 0,
   "w": 1
  },
  "boneIndex": 65535,
  "nIterations": 1,
  "unk_88a73dd": 0.800000011920929,
  "unk_3313228": 0.5,
  "flStretchingStiffness": 0.7599999904632568,
  "flHorizontalStiffness": 0.6200000047683716,
  "flShearStiffness": 0.20000000298023224,
  "flBendingStiffness": 0.4000000059604645,
  "flExplosionFactor": 0.017999999225139618,
  "unk_384c4a5": 0.25,
  "flImpulseFactor": 0.25,
  "flWindFactor": 0.30000001192092896,
  "flDragFactor": 0,
  "unk_c3c1f00": 0.5,
  "flDampingFactor": 3,
  "flSkinOffset": 0,
  "flSkinExponent": 0,
  "flSkinStiffness": 0,
  "unk_f0ffa30": 0.1899999976158142,
  "unk_914f7cd": 0,
  "unk_b5ff484": 0.699999988079071,
  "unk_55daa16": 0.6000000238418579,
  "unk_602c192": 0,
  "flDensity": 1,
  "flFrictionScale": 1,
  "fFlatten": 0,
  "unk_1e00090": 1,
  "fIsStatic": 0,
  "unk_cb063a7": 0,
  "unk_73a63cf": 4,
  "eSolverOverride": 3,
  "unk_8b34e8f": 0,
  "unk_c65462b": 0,
  "unk_c65462c": 0
 },
 "unk_570fcff": 0,
 "unk_b8886b": 0.10000000149011612,
 "unk_a3b3e2": 1,
 "unk_c5496ae": 0.10000000149011612,
 "unk_fc18a85": 1,
 "unk_643f5b": 1,
 "unk_5f96b22": {
  "rangeValue1": 0,
  "rangeValue2": 0
 },
 "unk_4848e0f": {
  "rangeValue1": 0,
  "rangeValue2": 0
 }
}
