{
 "__fileName__": "data/base/meta/Cloth/rogM_base03_TRS_straps_HQmenu_sim.clt",
 "__snoID__": 1330383,
 "__type__": "ClothDefinition",
 "__typeHash__": 1173939491,
 "snoAmbientSound": {
  "value": -1,
  "group": 5,
  "groupName": "AmbientSound",
  "type": "sno"
 },
 "dwFlags": 0,
 "nPurchaseGizmo": 30,
 "unk_be5c463": {
  "__type__": "Type_aced015b",
  "__typeHash__": 2901213531,
  "vGravity": {
   "x": 0,
   "y": 0,
   "z": -30
  },
  "flGravityPadding": 0,
  "unk_cc27d12": {
   "x": 0,
   "y": 0,
   "z": 0
  },
  "unk_92fd45": 0,
  "ptInvTransform": {
   "x": 0,
   "y": 0,
   "z": 0,
   "w": 1
  },
  "boneIndex": 65535,
  "nIterations": 1,
  "unk_88a73dd": 0.6000000238418579,
  "unk_3313228": 0.6000000238418579,
  "flStretchingStiffness": 0.6100000143051147,
  "flHorizontalStiffness": 0.5099999904632568,
  "flShearStiffness": 0.2199999988079071,
  "flBendingStiffness": 0.10000000149011612,
  "flExplosionFactor": 100,
  "unk_384c4a5": 0.25,
  "flImpulseFactor": 0.25,
  "flWindFactor": 0.20000000298023224,
  "flDragFactor": 0,
  "unk_c3c1f00": 0.5,
  "flDampingFactor": 0,
  "flSkinOffset": 0,
  "flSkinExponent": 0,
  "flSkinStiffness": 0,
  "unk_f0ffa30": 0.05000000074505806,
  "unk_914f7cd": 0,
  "unk_b5ff484": 0.5,
  "unk_55daa16": 0.20000000298023224,
  "unk_602c192": 0,
  "flDensity": 1,
  "flFrictionScale": 1,
  "fFlatten": 0,
  "unk_1e00090": 1,
  "fIsStatic": 0,
  "unk_cb063a7": 0,
  "unk_73a63cf": 4,
  "eSolverOverride": 3,
  "unk_8b34e8f": 0,
  "unk_c65462b": 0,
  "unk_c65462c": 0
 },
 "unk_570fcff": 0,
 "unk_b8886b": 0.14000000059604645,
 "unk_a3b3e2": 1,
 "unk_c5496ae": 0.10000000149011612,
 "unk_fc18a85": 1,
 "unk_643f5b": 1,
 "unk_5f96b22": {
  "rangeValue1": 0,
  "rangeValue2": 0
 },
 "unk_4848e0f": {
  "rangeValue1": 0,
  "rangeValue2": 0
 }
}
