{
 "__fileName__": "base/meta/Cloth/rogM_dlux100_LEG_dress_override_sim.clt",
 "__snoID__": 1253429,
 "__type__": "ClothDefinition",
 "__typeHash__": 1173939491,
 "snoAmbientSound": null,
 "dwFlags": 0,
 "nPurchaseGizmo": 8,
 "unk_be5c463": {
  "__type__": "Type_aced015b",
  "__typeHash__": 2901213531,
  "vGravity": {
   "x": 0,
   "y": 0,
   "z": -30
  },
  "flGravityPadding": 0,
  "unk_cc27d12": {
   "x": 0,
   "y": 0,
   "z": 0
  },
  "unk_92fd45": 0,
  "ptInvTransform": {
   "x": 0,
   "y": 0,
   "z": 0,
   "w": 1
  },
  "boneIndex": 65535,
  "nIterations": 1,
  "unk_88a73dd": 0.9900000095367432,
  "unk_3313228": 0.9200000166893005,
  "flStretchingStiffness": 0.6700000166893005,
  "flHorizontalStiffness": 0.6800000071525574,
  "flShearStiffness": 0.019999999552965164,
  "flBendingStiffness": 0.10000000149011612,
  "flExplosionFactor": 0.009999999776482582,
  "flImpulseCap": 0.25,
  "flImpulseFactor": 0.25,
  "flWindFactor": 0.20000000298023224,
  "flDragFactor": 1,
  "flLiftFactor": 0.5,
  "flDampingFactor": 0,
  "flSkinOffset": 0,
  "flSkinExponent": 0,
  "flSkinStiffness": 0,
  "flAttachmentStiffness": 0.10000000149011612,
  "unk_914f7cd": 0,
  "unk_b5ff484": 0.5799999833106995,
  "ptAttackersPerPlayerThrottlingThreshold": 0.800000011920929,
  "unk_602c192": 0,
  "flDensity": 2,
  "flFrictionScale": 1,
  "fFlatten": false,
  "unk_1e00090": true,
  "fIsStatic": false,
  "unk_cb063a7": false,
  "unk_73a63cf": 4,
  "eSolverOverride": 3,
  "eBendModel": 0,
  "flStructurePadding1": 0,
  "flStructurePadding2": 0
 },
 "unk_570fcff": 0.10000000149011612,
 "unk_b8886b": 0.10000000149011612,
 "unk_a3b3e2": 1,
 "unk_c5496ae": 0.10000000149011612,
 "unk_fc18a85": 1,
 "unk_643f5b": 1,
 "unk_5f96b22": {
  "rangeValue1": 0,
  "rangeValue2": 0
 },
 "unk_4848e0f": {
  "rangeValue1": 0,
  "rangeValue2": 0
 }
}
