{
 "__fileName__": "data/base/meta/Wall/Scos_Rock_Road_Edge.wal",
 "__snoID__": 602903,
 "__type__": "WallDefinition",
 "__typeHash__": 3836204633,
 "tInstanceData": {
  "__type__": "WallInstanceData",
  "__typeHash__": 3797928927,
  "unk_e246d5a": [
   {
    "__type__": "Type_e6b22340",
    "__typeHash__": 3870434112,
    "arPieces": [
     {
      "__type__": "WallPiece",
      "__typeHash__": 2526923990,
      "unk_9598b68": {
       "value": 400403,
       "group": 1,
       "groupName": "Actor",
       "name": "Scos_Rock_Stone_D"
      },
      "szLookName": 3995696892,
      "unk_6c0cb90": 6,
      "unk_189be9b": 0,
      "unk_94a2b91": 0,
      "unk_d094b9a": 3,
      "flWeight": 100,
      "unk_9396f37": 0.10000000149011612,
      "eFadeMethod": 0,
      "unk_da5b372": 0,
      "unk_8dea4d9": 0,
      "nFadeGroup": 0
     },
     {
      "__type__": "WallPiece",
      "__typeHash__": 2526923990,
      "unk_9598b68": {
       "value": 400413,
       "group": 1,
       "groupName": "Actor",
       "name": "Scos_Rock_Stone_I"
      },
      "szLookName": 3995696892,
      "unk_6c0cb90": 6,
      "unk_189be9b": 0,
      "unk_94a2b91": 0,
      "unk_d094b9a": 3,
      "flWeight": 100,
      "unk_9396f37": 0.10000000149011612,
      "eFadeMethod": 0,
      "unk_da5b372": 0,
      "unk_8dea4d9": 0,
      "nFadeGroup": 0
     },
     {
      "__type__": "WallPiece",
      "__typeHash__": 2526923990,
      "unk_9598b68": {
       "value": 400417,
       "group": 1,
       "groupName": "Actor",
       "name": "Scos_Rock_Stone_K"
      },
      "szLookName": 3995696892,
      "unk_6c0cb90": 6,
      "unk_189be9b": 0,
      "unk_94a2b91": 0,
      "unk_d094b9a": 3,
      "flWeight": 100,
      "unk_9396f37": 0.10000000149011612,
      "eFadeMethod": 0,
      "unk_da5b372": 0,
      "unk_8dea4d9": 0,
      "nFadeGroup": 0
     },
     {
      "__type__": "WallPiece",
      "__typeHash__": 2526923990,
      "unk_9598b68": {
       "value": 400419,
       "group": 1,
       "groupName": "Actor",
       "name": "Scos_Rock_Stone_L"
      },
      "szLookName": 3995696892,
      "unk_6c0cb90": 6,
      "unk_189be9b": 0,
      "unk_94a2b91": 0,
      "unk_d094b9a": 3,
      "flWeight": 100,
      "unk_9396f37": 0.10000000149011612,
      "eFadeMethod": 0,
      "unk_da5b372": 0,
      "unk_8dea4d9": 0,
      "nFadeGroup": 0
     }
    ],
    "unk_f2499b0": 1,
    "unk_755f012": {
     "value": 0.30000001192092896,
     "end_value": 0.10000000149011612
    },
    "tHorizontalOffset": {
     "value": 0.4000000059604645,
     "end_value": -0.20000000298023224
    },
    "tScale": {
     "value": 0.5,
     "end_value": 1.5
    },
    "tYaw": {
     "value": 9.424779891967773,
     "end_value": -3.141590118408203
    },
    "unk_609e23d": 1,
    "unk_d8fcfe4": 0,
    "unk_435bdfd": 0,
    "unk_f2dbd17": 0,
    "tVerticalOffset": {
     "value": 0,
     "end_value": -0.03999999910593033
    },
    "unk_2a8c4b6": 0.7853981852531433
   }
  ],
  "tCornerPieces": {
   "__type__": "WallCornerPieces",
   "__typeHash__": 1007410546,
   "arPieces": [],
   "unk_85db88e": [],
   "unk_767477": [],
   "tScale": {
    "value": 0.20000000298023224,
    "end_value": 0.8999999761581421
   },
   "unk_f2499b0": 1,
   "tHorizontalOffset": {
    "value": 2,
    "end_value": -1
   },
   "tYaw": {
    "value": 0,
    "end_value": 0
   },
   "unk_609e23d": 1,
   "unk_d8fcfe4": 0,
   "unk_435bdfd": 0,
   "unk_f2dbd17": 0,
   "tVerticalOffset": {
    "value": 0,
    "end_value": 0
   },
   "unk_2a8c4b6": 0
  },
  "unk_7b78b21": [],
  "unk_3bd1636": []
 }
}
