{
 "__fileName__": "data/base/meta/Wall/Scos_Plowed_Field_A.wal",
 "__snoID__": 357815,
 "__type__": "WallDefinition",
 "__typeHash__": 3836204633,
 "tInstanceData": {
  "__type__": "WallInstanceData",
  "__typeHash__": 3797928927,
  "unk_e246d5a": [
   {
    "__type__": "Type_e6b22340",
    "__typeHash__": 3870434112,
    "arPieces": [],
    "unk_f2499b0": 1,
    "unk_755f012": {
     "value": 2,
     "end_value": 0
    },
    "tHorizontalOffset": {
     "value": 9.800000190734863,
     "end_value": -6.300000190734863
    },
    "tScale": {
     "value": 0.8199999928474426,
     "end_value": 0.3100000023841858
    },
    "tYaw": {
     "value": 6.28318977355957,
     "end_value": -3.141590118408203
    },
    "unk_609e23d": 0,
    "unk_d8fcfe4": 0,
    "unk_435bdfd": 0,
    "unk_f2dbd17": 1,
    "tVerticalOffset": {
     "value": 0,
     "end_value": 0
    },
    "unk_2a8c4b6": 0
   }
  ],
  "tCornerPieces": {
   "__type__": "WallCornerPieces",
   "__typeHash__": 1007410546,
   "arPieces": [],
   "unk_85db88e": [],
   "unk_767477": [],
   "tScale": {
    "value": 0.699999988079071,
    "end_value": 0.4699999988079071
   },
   "unk_f2499b0": 1,
   "tHorizontalOffset": {
    "value": 1.7999999523162842,
    "end_value": -3.0999999046325684
   },
   "tYaw": {
    "value": 2.827430009841919,
    "end_value": -2.2340199947357178
   },
   "unk_609e23d": 0,
   "unk_d8fcfe4": 0,
   "unk_435bdfd": 1,
   "unk_f2dbd17": 0,
   "tVerticalOffset": {
    "value": 0,
    "end_value": 0
   },
   "unk_2a8c4b6": 0
  },
  "unk_7b78b21": [
   {
    "__type__": "Type_bc07d3c7",
    "__typeHash__": 3154629575,
    "arPieces": [
     {
      "__type__": "Type_3ddf9693",
      "__typeHash__": 1038063251,
      "snoActor": {
       "value": 357801,
       "group": 1,
       "groupName": "Actor"
      },
      "szLookName": 952342457,
      "unk_6c0cb90": 4294967295,
      "unk_189be9b": 0,
      "unk_94a2b91": 0,
      "unk_d094b9a": 3,
      "flWeight": 100,
      "unk_9396f37": 6,
      "eFadeMethod": 0,
      "unk_da5b372": 0,
      "unk_8dea4d9": 0,
      "nFadeGroup": 0
     }
    ],
    "unk_85db88e": [],
    "unk_767477": [],
    "unk_755f012": {
     "value": 0,
     "end_value": 0
    },
    "unk_f2499b0": 1
   }
  ],
  "unk_3bd1636": [
   {
    "__type__": "Type_bc07d3c7",
    "__typeHash__": 3154629575,
    "arPieces": [],
    "unk_85db88e": [],
    "unk_767477": [],
    "unk_755f012": {
     "value": 0,
     "end_value": 0
    },
    "unk_f2499b0": 1
   }
  ]
 }
}
