{
 "__fileName__": "data/base/meta/Actor/andariel_attk_knockback_cone_mesh.acr",
 "__snoID__": 480251,
 "__type__": "ActorDefinition",
 "__typeHash__": 3085005858,
 "eType": 3,
 "dwFlags": 14680072,
 "dwFlagsEx": 0,
 "snoAppearance": {
  "__raw__": 480249,
  "__group__": 9,
  "__type__": "DT_SNO",
  "__typeHash__": 2764331143,
  "groupName": "Appearance",
  "name": "andariel_attk_knockback_cone_mesh"
 },
 "arCustomizationAppearances": [],
 "arAnimSets": [],
 "snoAnimTree": null,
 "tAnimTreeOverride": {
  "__type__": "AnimTreeOverride",
  "__typeHash__": 3002505909,
  "ptNodeOverrides": []
 },
 "eVariantType": 0,
 "tDefaultLook": {
  "__type__": "LookLink",
  "__typeHash__": 2394153027,
  "dwLookHash": 0
 },
 "unk_3d234d5": 4294967295,
 "unk_9ae2069": {
  "rangeValue1": 1,
  "rangeValue2": 0
 },
 "wcylBounds": {
  "__type__": "AxialCylinder",
  "__typeHash__": 3017070665,
  "wpBase": {
   "x": 0.05743122100830078,
   "y": 0.00004709884524345398,
   "z": -0.000001201629629576928
  },
  "wdHeight": 0.0000024911937543947715,
  "wdRadius": 0.13377946615219116
 },
 "aabbBounds": {
  "__type__": "AABB",
  "__typeHash__": 2408934,
  "wp": {
   "x": 0.05743122100830078,
   "y": 0.00004709884524345398,
   "z": 4.3967304463876644e-8
  },
  "wvExt": {
   "x": 0.06598564237356186,
   "y": 0.11637371778488159,
   "z": 0.0000012455968771973858
  }
 },
 "wsBounds": {
  "__type__": "Sphere",
  "__typeHash__": 3384912071,
  "wpCenter": {
   "x": 0.05743122100830078,
   "y": 0.00004709884524345398,
   "z": 4.3967304463876644e-8
  },
  "wdRadius": 0.8037794828414917
 },
 "unk_5daa275": {
  "__type__": "AABB",
  "__typeHash__": 2408934,
  "wp": {
   "x": 0.05743122100830078,
   "y": 0.00004709884524345398,
   "z": 4.3967304463876644e-8
  },
  "wvExt": {
   "x": 0.06598564237356186,
   "y": 0.11637371778488159,
   "z": 0.0000012455968771973858
  }
 },
 "wpLocationPowerSrc": {
  "x": 0,
  "y": 0,
  "z": 1
 },
 "ePickStyle": 0,
 "flAttachmentScaleFactor": 1,
 "eDefaultTeam": 0,
 "eCullingLevel": 0,
 "unk_c794c59": 10,
 "unk_99ee15d": 2,
 "aAbsoluteOrientation": 0,
 "unk_3598432": 1,
 "unk_e579f8c": 1,
 "unk_9d78021": 1,
 "eTopology": 1,
 "ptMsgTriggeredEvents": [],
 "ptPhysData": [
  {
   "__type__": "ActorPhysicsData",
   "__typeHash__": 1364074038,
   "snoPhysics": null,
   "unk_49cf485": null,
   "eMaterial": 0,
   "flExplosionFactor": 1,
   "flWindFactor": 1,
   "flPartialRagdollResponsiveness": 0.5,
   "unk_fdc1015": 0
  }
 ],
 "ptCollData": [],
 "eActorGizmoType": -1,
 "unk_8fbba9b": 0,
 "ptGizmoData": [],
 "ptMonsterData": [],
 "ptCritterData": [],
 "ptPlayerData": [],
 "ptItemData": [],
 "ptCombatData": [],
 "ptDeathData": [],
 "ptEffectData": [],
 "ptProjData": [],
 "ptPropData": [],
 "ptMovingData": [],
 "ptBrainData": [],
 "ptServerData": [],
 "ptUIData": [],
 "ptAIData": [],
 "ptVOData": [],
 "ptNPCData": [
  {
   "__type__": "ActorNPCData",
   "__typeHash__": 3228758260,
   "unk_370e8c2": 0,
   "unk_d1de32b": [],
   "snoNPCComponentSet": null,
   "unk_a9187cf": [],
   "unk_4c7112f": 1,
   "unk_1c56441": 0
  }
 ],
 "ptSoundTableData": [],
 "ptMountData": [],
 "ptPostprocessed": "0",
 "snoPrefabAttachment": null,
 "unk_d2b5e35": 1,
 "unk_2607092": 0,
 "unk_79da2a0": 4294967295,
 "unk_261d1df": []
}
