{
 "__fileName__": "base/meta/Actor/Cave_Lava_Thematic_Clicky_01_Attach.acr",
 "__snoID__": 1562987,
 "__type__": "ActorDefinition",
 "__typeHash__": 3085005858,
 "eType": 3,
 "dwFlags": 14680072,
 "dwFlagsEx": 0,
 "snoAppearance": {
  "__raw__": 1562985,
  "__group__": 9,
  "__type__": "DT_SNO",
  "__typeHash__": 2764331143,
  "__targetFileName__": "base/meta/Appearance/Cave_Lava_Thematic_Clicky_01_Attach.app",
  "groupName": "Appearance",
  "name": "Cave_Lava_Thematic_Clicky_01_Attach"
 },
 "arCustomizationAppearances": [],
 "arAppearanceSets": [],
 "arAnimSets": [
  {
   "__raw__": 1562989,
   "__group__": 8,
   "__type__": "DT_SNO",
   "__typeHash__": 2764331143,
   "__targetFileName__": "base/meta/AnimSet/Cave_Lava_Thematic_Clicky_01_Attach.ans",
   "groupName": "AnimSet",
   "name": "Cave_Lava_Thematic_Clicky_01_Attach"
  }
 ],
 "arStoreAnimSets": [],
 "snoAnimTree": null,
 "arActorAppearanceAddOnEntries": [],
 "tAnimTreeOverride": {
  "__type__": "AnimTreeOverride",
  "__typeHash__": 3002505909,
  "ptNodeOverrides": []
 },
 "arSortedEventIndices": [
  0,
  1
 ],
 "eVariantType": 0,
 "tDefaultLook": {
  "__type__": "LookLink",
  "__typeHash__": 2394153027,
  "dwLookHash": 0
 },
 "dwDefaultShaderMapOverride": 4294967295,
 "tScaleRange": {
  "rangeValue1": 1,
  "rangeValue2": 0
 },
 "tScaleLimit": {
  "rangeValue1": 0.8500000238418579,
  "rangeValue2": 0.30000001192092896
 },
 "wcylBounds": {
  "__type__": "AxialCylinder",
  "__typeHash__": 3017070665,
  "wpBase": {
   "x": 0.03315560519695282,
   "y": -0.08068239688873291,
   "z": -0.21171313524246216
  },
  "wdHeight": 1.6670818328857422,
  "wdRadius": 0.6129008531570435
 },
 "aabbBounds": {
  "__type__": "AABB",
  "__typeHash__": 2408934,
  "wp": {
   "x": 0.03315560519695282,
   "y": -0.08068239688873291,
   "z": 0.6218277812004089
  },
  "wvExt": {
   "x": 0.330014705657959,
   "y": 0.5311819314956665,
   "z": 0.8335408568382263
  }
 },
 "wsBounds": {
  "__type__": "Sphere",
  "__typeHash__": 3384912071,
  "wpCenter": {
   "x": 0.03315560519695282,
   "y": -0.08068239688873291,
   "z": 0.6218277215957642
  },
  "wdRadius": 1.6911847591400146
 },
 "aabbAppearanceBoundingBox": {
  "__type__": "AABB",
  "__typeHash__": 2408934,
  "wp": {
   "x": 0.03315560519695282,
   "y": -0.08068239688873291,
   "z": 0.6218277812004089
  },
  "wvExt": {
   "x": 0.330014705657959,
   "y": 0.5311819314956665,
   "z": 0.8335408568382263
  }
 },
 "wpLocationPowerSrc": {
  "x": 0,
  "y": 0,
  "z": 1
 },
 "ePickStyle": 0,
 "flAttachmentScaleFactor": 1,
 "unk_712a997": 15,
 "eDefaultTeam": 0,
 "eCullingLevel": 0,
 "flFadeCorpseTimeUntilFade": 10,
 "flFadeCorpseTime": 2,
 "aAbsoluteOrientation": 0,
 "flHitFlashPower": 2,
 "flHitFlashMultiplier": 0.5,
 "flOverlayPower": 1,
 "eTopology": 1,
 "ptMsgTriggeredEvents": [
  {
   "__type__": "MsgTriggeredEvent",
   "__typeHash__": 4134809062,
   "dwMsgKey": 17,
   "ptTriggerEvent": [
    {
     "__type__": "TriggerEventAddEffectGroup",
     "__typeHash__": 1384905369,
     "dwType": 1384905369,
     "tConditions": {
      "__type__": "TriggerConditions",
      "__typeHash__": 888408526,
      "flChance": 1,
      "bMute": false,
      "bMuteExternal": false,
      "tDelay": 0,
      "tImpactVelocityRange": {
       "rangeValue1": 0,
       "rangeValue2": 0
      },
      "tImpactWeightRange": {
       "rangeValue1": 0,
       "rangeValue2": 0
      },
      "eMaterial": 0,
      "dwConditionFlags": 1038,
      "ePlayerCountCondition": 0,
      "ePerformanceBehavior": 0,
      "unk_b41b571": []
     },
     "fGenerated": false,
     "unk_6cba752": false,
     "dwParentActorID": 4294967295,
     "dwPad": 0,
     "fPlayOnOwner": true,
     "fOverrideScalarValues": false,
     "fOverridePowerEffectSize": false,
     "fOverridePowerEffectIntensity": false,
     "fOverridePowerEffectDuration": false,
     "fOverridePowerEffectLength": false,
     "fOverridePowerEffectWidth": false,
     "fOverridePowerEffectHeight": false,
     "fOverrideHardpoint": false,
     "fOverrideHardpointsTargetType": false,
     "fOverrideEffectGroupID": false,
     "unk_e312e34": 0,
     "dwActorID": 0,
     "dwID": 0,
     "unk_9758f2e": false,
     "unk_574dd8b": 0,
     "snoEffectGroup": {
      "__raw__": 671384,
      "__group__": 14,
      "__type__": "DT_SNO",
      "__typeHash__": 2764331143,
      "__targetFileName__": "base/meta/EffectGroup/InteractiveVFX_Radial_1m_25kg.efg",
      "groupName": "EffectGroup",
      "name": "InteractiveVFX_Radial_1m_25kg"
     },
     "tHardpointLinks": [
      {
       "__type__": "HardpointLink",
       "__typeHash__": 3639617719,
       "tInfo": {
        "__type__": "HardpointInfo",
        "__typeHash__": 3639515093,
        "dwHash": 0,
        "dwHashFlag": 0
       }
      },
      {
       "__type__": "HardpointLink",
       "__typeHash__": 3639617719,
       "tInfo": {
        "__type__": "HardpointInfo",
        "__typeHash__": 3639515093,
        "dwHash": 80066341,
        "dwHashFlag": 0
       }
      }
     ],
     "dwTriggerFlags": 0,
     "dwTriggerFlagsEx": 0,
     "tEffectGroupAttachPointsOverride": [
      {
       "__type__": "EffectGroupAttachPointOverride",
       "__typeHash__": 84508729,
       "tTargetLocatorName": 0,
       "eTargetType": 3,
       "dwAttachedActorID": 0
      },
      {
       "__type__": "EffectGroupAttachPointOverride",
       "__typeHash__": 84508729,
       "tTargetLocatorName": 0,
       "eTargetType": 3,
       "dwAttachedActorID": 0
      }
     ],
     "szSpawnLocatorName": 0,
     "transform": {
      "__type__": "PRTransform",
      "__typeHash__": 2588169118,
      "q": {
       "__type__": "bcQuat",
       "__typeHash__": 3955716320,
       "x": 0,
       "y": 0,
       "z": 0,
       "w": 1
      },
      "wp": {
       "x": 0,
       "y": 0,
       "z": 1
      }
     },
     "tEffectGroupHardpointLink": {
      "__type__": "HardpointLink",
      "__typeHash__": 3639617719,
      "tInfo": {
       "__type__": "HardpointInfo",
       "__typeHash__": 3639515093,
       "dwHash": 0,
       "dwHashFlag": 0
      }
     },
     "snoPowerEffectParam": null,
     "vecScale": {
      "x": 1,
      "y": 1,
      "z": 1
     },
     "vecScalar": {
      "x": 1,
      "y": 1
     },
     "flPowerEffectSizeOverride": 0,
     "flPowerEffectIntensityOverride": 0,
     "flPowerEffectDurationOverride": 0,
     "flPowerEffectLengthOverride": 0,
     "flPowerEffectWidthOverride": 0,
     "flPowerEffectHeightOverride": 0,
     "unk_a633223": {
      "x": -1,
      "y": -1
     },
     "dwUniqueID": 0
    }
   ],
   "tCooldown": 0
  },
  {
   "__type__": "MsgTriggeredEvent",
   "__typeHash__": 4134809062,
   "dwMsgKey": 25,
   "ptTriggerEvent": [
    {
     "__type__": "TriggerEventSpawnObject",
     "__typeHash__": 2703348374,
     "dwType": 2703348374,
     "tConditions": {
      "__type__": "TriggerConditions",
      "__typeHash__": 888408526,
      "flChance": 1,
      "bMute": false,
      "bMuteExternal": false,
      "tDelay": 0,
      "tImpactVelocityRange": {
       "rangeValue1": 0.10000000149011612,
       "rangeValue2": 9.899999618530273
      },
      "tImpactWeightRange": {
       "rangeValue1": 0,
       "rangeValue2": 0
      },
      "eMaterial": 0,
      "dwConditionFlags": 1054,
      "ePlayerCountCondition": 0,
      "ePerformanceBehavior": 0,
      "unk_b41b571": []
     },
     "fGenerated": false,
     "unk_6cba752": false,
     "dwParentActorID": 4294967295,
     "dwPad": 0,
     "dwID": 0,
     "snoname": {
      "__raw__": 350272,
      "__group__": 40,
      "__type__": "DT_SNO_NAME",
      "__typeHash__": 3339108615,
      "__targetFileName__": "base/meta/Sound/Play_OBJ_IMP_Metal_Weapon_Small.snd",
      "groupName": "Sound",
      "name": "Play_OBJ_IMP_Metal_Weapon_Small"
     },
     "tHardpointLinks": [
      {
       "__type__": "HardpointLink",
       "__typeHash__": 3639617719,
       "tInfo": {
        "__type__": "HardpointInfo",
        "__typeHash__": 3639515093,