{
 "__fileName__": "data/base/meta/Actor/Cultist_Book_03_Dyn_Rag.acr",
 "__snoID__": 223918,
 "__type__": "ActorDefinition",
 "__typeHash__": 3085005858,
 "eType": 3,
 "dwFlags": 14680072,
 "dwFlagsEx": 0,
 "snoAppearance": {
  "value": 223912,
  "group": 9,
  "groupName": "Appearance",
  "name": "Cultist_Book_03_Dyn"
 },
 "arCustomizationAppearances": [],
 "arAnimSets": [
  {
   "value": 223919,
   "group": 8,
   "groupName": "AnimSet",
   "name": "Cultist_Book_03_Dyn_Rag"
  }
 ],
 "snoAnimTree": {
  "value": -1,
  "group": 67,
  "groupName": "AnimTree"
 },
 "tAnimTreeOverride": {
  "__type__": "AnimTreeOverride",
  "__typeHash__": 3002505909,
  "unk_ae5d61d": []
 },
 "eVariantType": 0,
 "unk_441fd2e": {
  "__type__": "LookLink",
  "__typeHash__": 2394153027,
  "dwLookHash": 0
 },
 "unk_3d234d5": 4294967295,
 "unk_9ae2069": {
  "value": 0,
  "end_value": 1
 },
 "wcylBounds": {
  "__type__": "AxialCylinder",
  "__typeHash__": 3017070665,
  "wpBase": {
   "x": -0.039513491094112396,
   "y": -0.00425102561712265,
   "z": -0.14569565653800964
  },
  "wdHeight": 0.2913913130760193,
  "wdRadius": 0.19920703768730164
 },
 "aabbBounds": {
  "__type__": "AABB",
  "__typeHash__": 2408934,
  "wp": {
   "x": -0.039513491094112396,
   "y": -0.00425102561712265,
   "z": 0
  },
  "wvExt": {
   "x": 0.055346596986055374,
   "y": 0.1931101679801941,
   "z": 0.14569565653800964
  }
 },
 "wsBounds": {
  "__type__": "Sphere",
  "__typeHash__": 3384912071,
  "wpCenter": {
   "x": -0.039513491094112396,
   "y": -0.00425102561712265,
   "z": 0
  },
  "wdRadius": 0.9105944037437439
 },
 "unk_5daa275": {
  "__type__": "AABB",
  "__typeHash__": 2408934,
  "wp": {
   "x": -0.039513491094112396,
   "y": -0.00425102561712265,
   "z": 0
  },
  "wvExt": {
   "x": 0.055346596986055374,
   "y": 0.1931101679801941,
   "z": 0.14569565653800964
  }
 },
 "wpLocationPowerSrc": {
  "x": 0,
  "y": 0,
  "z": 1
 },
 "ePickStyle": 0,
 "flAttachmentScaleFactor": 1,
 "eDefaultTeam": 0,
 "eCullingLevel": 0,
 "unk_c794c59": 10,
 "unk_99ee15d": 2,
 "aAbsoluteOrientation": 0,
 "unk_3598432": 2,
 "unk_e579f8c": 0.5,
 "unk_9d78021": 1,
 "eTopology": 1,
 "ptMsgTriggeredEvents": [
  {
   "__type__": "MsgTriggeredEvent",
   "__typeHash__": 4134809062,
   "dwMsgKey": 22,
   "ptTriggerEvent": [
    {
     "__type__": "TriggerEventChangeLook",
     "__typeHash__": 3507772913,
     "dwType": 3507772913,
     "dwPad": 0,
     "tConditions": {
      "__type__": "TriggerConditions",
      "__typeHash__": 888408526,
      "flChance": 1,
      "bMute": 0,
      "unk_1db3ba0": 0,
      "tDelay": 0,
      "unk_f0d960e": {
       "value": 0,
       "end_value": 0
      },
      "unk_1dcbf67": {
       "value": 0,
       "end_value": 0
      },
      "eMaterial": 0,
      "dwConditionFlags": 14,
      "unk_817e082": 0,
      "unk_b51df67": 0,
      "dwPad": 0
     },
     "fGenerated": 0,
     "unk_6cba752": 0,
     "unk_e560b0b": 4294967295,
     "dwActorID": 0,
     "snoAppearance": {
      "value": -1,
      "group": 9,
      "groupName": "Appearance"
     },
     "tLookLink": {
      "__type__": "LookLink",
      "__typeHash__": 2394153027,
      "dwLookHash": 128606857
     },
     "unk_279aa5a": 1
    }
   ],
   "tCooldown": 0
  }
 ],
 "ptPhysData": [
  {
   "__type__": "ActorPhysicsData",
   "__typeHash__": 1364074038,
   "snoPhysics": {
    "value": 1880,
    "group": 28,
    "groupName": "Physics",
    "name": "RagdollBreakable"
   },
   "unk_49cf485": {
    "value": -1,
    "group": 28,
    "groupName": "Physics"
   },
   "eMaterial": 11,
   "flExplosionFactor": 1,
   "flWindFactor": 1,
   "flPartialRagdollResponsiveness": 0.5,
   "unk_fdc1015": 0
  }
 ],
 "ptCollData": [],
 "unk_17acd26": -1,
 "unk_8fbba9b": 0,
 "ptGizmoData": [],
 "ptMonsterData": [],
 "ptCritterData": [],
 "ptPlayerData": [],
 "ptItemData": [],
 "ptCombatData": [],
 "ptDeathData": [],
 "ptEffectData": [],
 "ptProjData": [],
 "ptPropData": [],
 "ptMovingData": [],
 "ptBrainData": [],
 "ptServerData": [],
 "ptUIData": [],
 "ptAIData": [],
 "ptVOData": [],
 "ptNPCData": [
  {
   "__type__": "ActorNPCData",
   "__typeHash__": 3228758260,
   "unk_370e8c2": 0,
   "unk_d1de32b": [],
   "snoNPCComponentSet": {
    "value": -1,
    "group": 2,
    "groupName": "NpcComponentSet"
   },
   "unk_a9187cf": [],
   "unk_4c7112f": 1,
   "unk_1c56441": 0
  }
 ],
 "ptSoundTableData": [],
 "ptMountData": [],
 "ptPostprocessed": "0",
 "snoPrefabAttachment": {
  "value": -1,
  "group": 24,
  "groupName": "MarkerSet"
 },
 "unk_d2b5e35": 1,
 "unk_2607092": 0,
 "unk_79da2a0": 4294967295,
 "unk_261d1df": []
}
