{
 "__fileName__": "base/meta/Actor/Drown_Rope_08_Dyn.acr",
 "__snoID__": 191043,
 "__type__": "ActorDefinition",
 "__typeHash__": 3085005858,
 "eType": 3,
 "dwFlags": 14680072,
 "dwFlagsEx": 0,
 "snoAppearance": {
  "__raw__": 191034,
  "__group__": 9,
  "__type__": "DT_SNO",
  "__typeHash__": 2764331143,
  "__targetFileName__": "base/meta/Appearance/Drown_Rope_08_Dyn.app",
  "groupName": "Appearance",
  "name": "Drown_Rope_08_Dyn"
 },
 "arCustomizationAppearances": [],
 "arAnimSets": [],
 "snoAnimTree": null,
 "tAnimTreeOverride": {
  "__type__": "AnimTreeOverride",
  "__typeHash__": 3002505909,
  "ptNodeOverrides": []
 },
 "eVariantType": 0,
 "tDefaultLook": {
  "__type__": "LookLink",
  "__typeHash__": 2394153027,
  "dwLookHash": 0
 },
 "dwDefaultShaderMapOverride": 4294967295,
 "tScaleRange": {
  "rangeValue1": 1,
  "rangeValue2": 0
 },
 "wcylBounds": {
  "__type__": "AxialCylinder",
  "__typeHash__": 3017070665,
  "wpBase": {
   "x": -0.00004295632243156433,
   "y": -0.011793479323387146,
   "z": -0.8569832444190979
  },
  "wdHeight": 0.8912710547447205,
  "wdRadius": 0.1759464591741562
 },
 "aabbBounds": {
  "__type__": "AABB",
  "__typeHash__": 2408934,
  "wp": {
   "x": -0.00004295632243156433,
   "y": -0.011793479323387146,
   "z": -0.41134771704673767
  },
  "wvExt": {
   "x": 0.05055609717965126,
   "y": 0.1753808557987213,
   "z": 0.44563552737236023
  }
 },
 "wsBounds": {
  "__type__": "Sphere",
  "__typeHash__": 3384912071,
  "wpCenter": {
   "x": -0.00004295632243156433,
   "y": -0.011793479323387146,
   "z": -0.41134771704673767
  },
  "wdRadius": 1.1167761087417603
 },
 "aabbAppearanceBoundingBox": {
  "__type__": "AABB",
  "__typeHash__": 2408934,
  "wp": {
   "x": -0.00004295632243156433,
   "y": -0.011793479323387146,
   "z": -0.41134771704673767
  },
  "wvExt": {
   "x": 0.05055609717965126,
   "y": 0.1753808557987213,
   "z": 0.44563552737236023
  }
 },
 "wpLocationPowerSrc": {
  "x": 0,
  "y": 0,
  "z": 1
 },
 "ePickStyle": 0,
 "flAttachmentScaleFactor": 1,
 "eDefaultTeam": 0,
 "eCullingLevel": 0,
 "flFadeCorpseTimeUntilFade": 10,
 "flFadeCorpseTime": 2,
 "aAbsoluteOrientation": 0,
 "flHitFlashPower": 2,
 "flHitFlashMultiplier": 0.5,
 "flOverlayPower": 1,
 "eTopology": 1,
 "ptMsgTriggeredEvents": [],
 "ptPhysData": [
  {
   "__type__": "ActorPhysicsData",
   "__typeHash__": 1364074038,
   "snoPhysics": null,
   "unk_49cf485": null,
   "eMaterial": 0,
   "flExplosionFactor": 1,
   "flWindFactor": 1,
   "flPartialRagdollResponsiveness": 0.5,
   "unk_fdc1015": 0
  }
 ],
 "ptCollData": [],
 "eActorGizmoType": -1,
 "unk_8fbba9b": 0,
 "ptGizmoData": [],
 "ptMonsterData": [],
 "ptCritterData": [],
 "ptPlayerData": [],
 "ptItemData": [],
 "ptCombatData": [],
 "ptDeathData": [],
 "ptEffectData": [],
 "ptProjData": [],
 "ptPropData": [],
 "ptMovingData": [],
 "ptBrainData": [],
 "ptServerData": [],
 "ptUIData": [],
 "ptAIData": [],
 "ptVOData": [],
 "ptNPCData": [
  {
   "__type__": "ActorNPCData",
   "__typeHash__": 3228758260,
   "unk_370e8c2": false,
   "unk_d1de32b": [],
   "snoNPCComponentSet": null,
   "unk_a9187cf": [],
   "unk_4c7112f": true,
   "unk_1c56441": 0
  }
 ],
 "ptSoundTableData": [],
 "ptMountData": [],
 "ptPostprocessed": "0",
 "snoPrefabAttachment": null,
 "unk_d2b5e35": 1,
 "szPrefabLookOverride": 0,
 "dwPrefabShaderMapOverride": 4294967295,
 "arRTPCOverrides": []
}
