{
 "__fileName__": "base/meta/Actor/druid_boulder_break.acr",
 "__snoID__": 253784,
 "__type__": "ActorDefinition",
 "__typeHash__": 3085005858,
 "eType": 3,
 "dwFlags": 14680072,
 "dwFlagsEx": 0,
 "snoAppearance": {
  "__raw__": 238691,
  "__group__": 9,
  "__type__": "DT_SNO",
  "__typeHash__": 2764331143,
  "__targetFileName__": "base/meta/Appearance/druid_boulder.app",
  "groupName": "Appearance",
  "name": "druid_boulder"
 },
 "arCustomizationAppearances": [],
 "arAppearanceSets": [],
 "arAnimSets": [
  {
   "__raw__": 253785,
   "__group__": 8,
   "__type__": "DT_SNO",
   "__typeHash__": 2764331143,
   "__targetFileName__": "base/meta/AnimSet/druid_boulder_break.ans",
   "groupName": "AnimSet",
   "name": "druid_boulder_break"
  }
 ],
 "arStoreAnimSets": [],
 "snoAnimTree": null,
 "arActorAppearanceAddOnEntries": [],
 "tAnimTreeOverride": {
  "__type__": "AnimTreeOverride",
  "__typeHash__": 3002505909,
  "ptNodeOverrides": []
 },
 "arSortedEventIndices": [
  0,
  1
 ],
 "eVariantType": 0,
 "tDefaultLook": {
  "__type__": "LookLink",
  "__typeHash__": 2394153027,
  "dwLookHash": 0
 },
 "dwDefaultShaderMapOverride": 4294967295,
 "tScaleRange": {
  "rangeValue1": 1,
  "rangeValue2": 0
 },
 "tScaleLimit": {
  "rangeValue1": 0.8500000238418579,
  "rangeValue2": 0.30000001192092896
 },
 "wcylBounds": {
  "__type__": "AxialCylinder",
  "__typeHash__": 3017070665,
  "wpBase": {
   "x": -1.0145573616027832,
   "y": -0.22505462169647217,
   "z": -0.5782366991043091
  },
  "wdHeight": 1.156473159790039,
  "wdRadius": 2.7046687602996826
 },
 "aabbBounds": {
  "__type__": "AABB",
  "__typeHash__": 2408934,
  "wp": {
   "x": -1.0145573616027832,
   "y": -0.22505474090576172,
   "z": -1.1920928955078125e-7
  },
  "wvExt": {
   "x": 2.1710987091064453,
   "y": 2.4383158683776855,
   "z": 0.5782365798950195
  }
 },
 "wsBounds": {
  "__type__": "Sphere",
  "__typeHash__": 3384912071,
  "wpCenter": {
   "x": -1.0145573616027832,
   "y": -0.22505462169647217,
   "z": -1.1920928955078125e-7
  },
  "wdRadius": 3.3887925148010254
 },
 "aabbAppearanceBoundingBox": {
  "__type__": "AABB",
  "__typeHash__": 2408934,
  "wp": {
   "x": -1.0145573616027832,
   "y": -0.22505474090576172,
   "z": -1.1920928955078125e-7
  },
  "wvExt": {
   "x": 2.1710987091064453,
   "y": 2.4383158683776855,
   "z": 0.5782365798950195
  }
 },
 "wpLocationPowerSrc": {
  "x": 0,
  "y": 0,
  "z": 1
 },
 "ePickStyle": 0,
 "flAttachmentScaleFactor": 1,
 "unk_712a997": 15,
 "eDefaultTeam": 0,
 "eCullingLevel": 0,
 "flFadeCorpseTimeUntilFade": 10,
 "flFadeCorpseTime": 2,
 "aAbsoluteOrientation": 0,
 "flHitFlashPower": 1,
 "flHitFlashMultiplier": 1,
 "flOverlayPower": 1,
 "eTopology": 1,
 "ptMsgTriggeredEvents": [
  {
   "__type__": "MsgTriggeredEvent",
   "__typeHash__": 4134809062,
   "dwMsgKey": 1000,
   "ptTriggerEvent": [
    {
     "__type__": "TriggerEventEnableRagdoll",
     "__typeHash__": 3810234018,
     "dwType": 3810234018,
     "tConditions": {
      "__type__": "TriggerConditions",
      "__typeHash__": 888408526,
      "flChance": 1,
      "bMute": false,
      "bMuteExternal": false,
      "tDelay": 0.01666666753590107,
      "tImpactVelocityRange": {
       "rangeValue1": 0,
       "rangeValue2": 0
      },
      "tImpactWeightRange": {
       "rangeValue1": 0,
       "rangeValue2": 0
      },
      "eMaterial": 0,
      "dwConditionFlags": 14,
      "ePlayerCountCondition": 0,
      "ePerformanceBehavior": 0,
      "unk_b41b571": []
     },
     "fGenerated": false,
     "fInCreation": false,
     "dwParentActorID": 4294967295,
     "dwPad": 0,
     "tRagdollParams": {
      "__type__": "EnableRagdollParams",
      "__typeHash__": 702155408,
      "flRagdollVelocityFactor": 1.100000023841858,
      "flRagdollMomentumFactor": 1,
      "flRagdollActorMomentumFactor": 1
     },
     "dwActorID": 0,
     "fAffectOwner": true
    }
   ],
   "tCooldown": 0
  },
  {
   "__type__": "MsgTriggeredEvent",
   "__typeHash__": 4134809062,
   "dwMsgKey": 25,
   "ptTriggerEvent": [
    {
     "__type__": "TriggerEventSpawnObject",
     "__typeHash__": 2703348374,
     "dwType": 2703348374,
     "tConditions": {
      "__type__": "TriggerConditions",
      "__typeHash__": 888408526,
      "flChance": 1,
      "bMute": false,
      "bMuteExternal": false,
      "tDelay": 0,
      "tImpactVelocityRange": {
       "rangeValue1": 0.5,
       "rangeValue2": 9.5
      },
      "tImpactWeightRange": {
       "rangeValue1": 0,
       "rangeValue2": 0
      },
      "eMaterial": 6,
      "dwConditionFlags": 1042,
      "ePlayerCountCondition": 0,
      "ePerformanceBehavior": 0,
      "unk_b41b571": []
     },
     "fGenerated": false,
     "fInCreation": false,
     "dwParentActorID": 4294967295,
     "dwPad": 0,
     "dwID": 0,
     "snoname": {
      "__raw__": 366907,
      "__group__": 40,
      "__type__": "DT_SNO_NAME",
      "__typeHash__": 3339108615,
      "__targetFileName__": "base/meta/Sound/Play_OBJ_IMP_Stone_DruidBoulder.snd",
      "groupName": "Sound",
      "name": "Play_OBJ_IMP_Stone_DruidBoulder"
     },
     "tHardpointLinks": [
      {
       "__type__": "HardpointLink",
       "__typeHash__": 3639617719,
       "tInfo": {
        "__type__": "HardpointInfo",
        "__typeHash__": 3639515093,
        "dwHash": 0,
        "dwHashFlag": 0
       }
      },
      {
       "__type__": "HardpointLink",
       "__typeHash__": 3639617719,
       "tInfo": {
        "__type__": "HardpointInfo",
        "__typeHash__": 3639515093,
        "dwHash": 0,
        "dwHashFlag": 0
       }
      }
     ],
     "dwTriggerFlags": 0,
     "dwTriggerFlagsEx": 0,
     "fRandomLook": false,
     "tLookLink": {
      "__type__": "LookLink",
      "__typeHash__": 2394153027,
      "dwLookHash": 0
     },
     "fOverrideActorVariant": false,
     "eVariantTypeOverride": 0,
     "dwSegmentsStep": 0,
     "dwShaderMapOverride": 4294967295,
     "flScale": 1,
     "dwSeed": 0,
     "szSpawnLocatorName": 0,
     "vecScalar": {
      "x": 1,
      "y": 1
     },
     "transform": {
      "__type__": "PRTransform",
      "__typeHash__": 2588169118,
      "q": {
       "__type__": "bcQuat",
       "__typeHash__": 3955716320,
       "x": 0,
       "y": 0,
       "z": 0,
       "w": 1
      },
      "wp": {
       "x": 0,
       "y": 0,
       "z": 0
      }
     },
     "tEffectGroupHardpointLink": {
      "__type__": "HardpointLink",
      "__typeHash__": 3639617719,
      "tInfo": {
       "__type__": "HardpointInfo",
       "__typeHash__": 3639515093,
       "dwHash": 0,
       "dwHashFlag": 0
      }
     },
     "unk_c7fa18a": {
      "rangeValue1": 0,
      "rangeValue2": 0
     },
     "snoPowerEffectParam": null,
     "dwSpawnedActorLife": 0,
     "tNPCComponentInstanceData": {
      "__type__": "NPCComponentInstanceData",
      "__typeHash__": 4148177091,
      "tNPCColorSet": {
       "__type__": "NPCColorSet",
       "__typeHash__": 2615077772,
       "arEquipmentDyes": [
        null,
        null,
        null,
        null
       ],
       "nHairColor": 0,
       "nSkinColor": 0
      },
      "ptComponents": [
       {
        "__type__": "ValidComponent",
        "__typeHash__": 2842269379,
        "tComponent": 0
       },
       {
        "__type__": "ValidComponent",
        "__typeHash__": 2842269379,
        "tComponent": 0
       },
       {
        "__type__": "ValidComponent",
        "__typeHash__": 2842269379,
        "tComponent": 0
       },
       {
        "__type__": "ValidComponent",
        "__typeHash__": 2842269379,
        "tComponent": 0
       }
      ]
     },
     "ptLightInstanceData": []
    }
   ],
   "tCooldown": 0
  }
 ],
 "ptPhysData": [
  {
   "__type__": "ActorPhysicsData",
   "__typeHash__": 1364074038,
   "snoPhysics": {
    "__raw__": 1879,
    "__group__": 28,
    "__type__": "DT_SNO",
    "__typeHash__": 2764331143,
    "__targetFileName__": "base/meta/Physics/Ragdoll.phy",
    "groupName": "Physics",
    "name": "Ragdoll"
   },