{
 "__fileName__": "base/meta/Actor/DrySteppesHU_Lantern_01_Client_Dyn_Unlit.acr",
 "__snoID__": 1302412,
 "__type__": "ActorDefinition",
 "__typeHash__": 3085005858,
 "eType": 3,
 "dwFlags": 14680072,
 "dwFlagsEx": 0,
 "snoAppearance": {
  "__raw__": 1088141,
  "__group__": 9,
  "__type__": "DT_SNO",
  "__typeHash__": 2764331143,
  "__targetFileName__": "base/meta/Appearance/DrySteppesHU_Lantern_01_Client_Dyn.app",
  "groupName": "Appearance",
  "name": "DrySteppesHU_Lantern_01_Client_Dyn"
 },
 "arCustomizationAppearances": [],
 "arAppearanceSets": [],
 "arAnimSets": [
  {
   "__raw__": 1088145,
   "__group__": 8,
   "__type__": "DT_SNO",
   "__typeHash__": 2764331143,
   "__targetFileName__": "base/meta/AnimSet/DrySteppesHU_Lantern_01_Client_Dyn.ans",
   "groupName": "AnimSet",
   "name": "DrySteppesHU_Lantern_01_Client_Dyn"
  }
 ],
 "arStoreAnimSets": [],
 "snoAnimTree": null,
 "arActorAppearanceAddOnEntries": [],
 "tAnimTreeOverride": {
  "__type__": "AnimTreeOverride",
  "__typeHash__": 3002505909,
  "ptNodeOverrides": []
 },
 "arSortedEventIndices": [
  0,
  1,
  2
 ],
 "eVariantType": 0,
 "tDefaultLook": {
  "__type__": "LookLink",
  "__typeHash__": 2394153027,
  "dwLookHash": 142827020
 },
 "dwDefaultShaderMapOverride": 4294967295,
 "tScaleRange": {
  "rangeValue1": 1,
  "rangeValue2": 0
 },
 "tScaleLimit": {
  "rangeValue1": 0.8500000238418579,
  "rangeValue2": 0.30000001192092896
 },
 "wcylBounds": {
  "__type__": "AxialCylinder",
  "__typeHash__": 3017070665,
  "wpBase": {
   "x": 0.004279427230358124,
   "y": 0.003993868827819824,
   "z": -1.331921100616455
  },
  "wdHeight": 1.3497288227081299,
  "wdRadius": 0.1397358477115631
 },
 "aabbBounds": {
  "__type__": "AABB",
  "__typeHash__": 2408934,
  "wp": {
   "x": 0.004279434680938721,
   "y": 0.003993868827819824,
   "z": -0.6570566892623901
  },
  "wvExt": {
   "x": 0.1365787386894226,
   "y": 0.13707008957862854,
   "z": 0.6748644709587097
  }
 },
 "wsBounds": {
  "__type__": "Sphere",
  "__typeHash__": 3384912071,
  "wpCenter": {
   "x": 0.004279427230358124,
   "y": 0.003993868827819824,
   "z": -0.6570566892623901
  },
  "wdRadius": 1.348395586013794
 },
 "aabbAppearanceBoundingBox": {
  "__type__": "AABB",
  "__typeHash__": 2408934,
  "wp": {
   "x": 0.004279434680938721,
   "y": 0.003993868827819824,
   "z": -0.6570566892623901
  },
  "wvExt": {
   "x": 0.1365787386894226,
   "y": 0.13707008957862854,
   "z": 0.6748644709587097
  }
 },
 "wpLocationPowerSrc": {
  "x": 0,
  "y": 0,
  "z": 1
 },
 "ePickStyle": 0,
 "flAttachmentScaleFactor": 1,
 "unk_712a997": 15,
 "eDefaultTeam": 0,
 "eCullingLevel": 0,
 "flFadeCorpseTimeUntilFade": 10,
 "flFadeCorpseTime": 2,
 "aAbsoluteOrientation": 0,
 "flHitFlashPower": 1,
 "flHitFlashMultiplier": 1,
 "flOverlayPower": 1,
 "eTopology": 1,
 "ptMsgTriggeredEvents": [
  {
   "__type__": "MsgTriggeredEvent",
   "__typeHash__": 4134809062,
   "dwMsgKey": 1000,
   "ptTriggerEvent": [
    {
     "__type__": "TriggerEventEnableRagdoll",
     "__typeHash__": 3810234018,
     "dwType": 3810234018,
     "tConditions": {
      "__type__": "TriggerConditions",
      "__typeHash__": 888408526,
      "flChance": 1,
      "bMute": false,
      "bMuteExternal": false,
      "tDelay": 0,
      "tImpactVelocityRange": {
       "rangeValue1": 0,
       "rangeValue2": 0
      },
      "tImpactWeightRange": {
       "rangeValue1": 0,
       "rangeValue2": 0
      },
      "eMaterial": 0,
      "dwConditionFlags": 1038,
      "ePlayerCountCondition": 0,
      "ePerformanceBehavior": 0,
      "unk_b41b571": []
     },
     "fGenerated": false,
     "fInCreation": false,
     "dwParentActorID": 4294967295,
     "dwPad": 0,
     "tRagdollParams": {
      "__type__": "EnableRagdollParams",
      "__typeHash__": 702155408,
      "flRagdollVelocityFactor": 1,
      "flRagdollMomentumFactor": 1,
      "flRagdollActorMomentumFactor": 1
     },
     "dwActorID": 0,
     "fAffectOwner": true
    }
   ],
   "tCooldown": 0
  },
  {
   "__type__": "MsgTriggeredEvent",
   "__typeHash__": 4134809062,
   "dwMsgKey": 1000,
   "ptTriggerEvent": [
    {
     "__type__": "TriggerEventAddObject",
     "__typeHash__": 568526390,
     "dwType": 568526390,
     "tConditions": {
      "__type__": "TriggerConditions",
      "__typeHash__": 888408526,
      "flChance": 1,
      "bMute": false,
      "bMuteExternal": false,
      "tDelay": 0,
      "tImpactVelocityRange": {
       "rangeValue1": 0,
       "rangeValue2": 0
      },
      "tImpactWeightRange": {
       "rangeValue1": 0,
       "rangeValue2": 0
      },
      "eMaterial": 0,
      "dwConditionFlags": 1038,
      "ePlayerCountCondition": 0,
      "ePerformanceBehavior": 0,
      "unk_b41b571": []
     },
     "fGenerated": false,
     "fInCreation": false,
     "dwParentActorID": 4294967295,
     "tDuration": 0,
     "dwTriggerFlags": 0,
     "dwTriggerFlagsEx": 0,
     "tCleanup": {
      "__type__": "TriggerCleanup",
      "__typeHash__": 2029186460,
      "eOnOwnerDeath": 1,
      "eOnAnimationEnd": 0,
      "eOnSequenceEnd": 0,
      "eOnOwnerResurrection": 0,
      "eOnOwnerDeletion": 1,
      "eOnOwnerPaused": 4
     },
     "nPreviousInTrack": -1,
     "nNextInTrack": -1,
     "dwPad": 0,
     "fPlayOnOwner": true,
     "dwActorID": 0,
     "snoname": {
      "__raw__": 965425,
      "__group__": 40,
      "__type__": "DT_SNO_NAME",
      "__typeHash__": 3339108615,
      "__targetFileName__": "base/meta/Sound/Play_OBJ_SoDun_Lantern_Swing_Loop.snd",
      "groupName": "Sound",
      "name": "Play_OBJ_SoDun_Lantern_Swing_Loop"
     },
     "dwID": 0,
     "tHardpointLinks": [
      {
       "__type__": "HardpointLink",
       "__typeHash__": 3639617719,
       "tInfo": {
        "__type__": "HardpointInfo",
        "__typeHash__": 3639515093,
        "dwHash": 0,
        "dwHashFlag": 0
       }
      },
      {
       "__type__": "HardpointLink",
       "__typeHash__": 3639617719,
       "tInfo": {
        "__type__": "HardpointInfo",
        "__typeHash__": 3639515093,
        "dwHash": 0,
        "dwHashFlag": 0
       }
      }
     ],
     "unk_e7c25e0": 0,
     "snoPowerEffectParam": null,
     "eAttractorVolume": 0,
     "flAttractorVolumeRadius": 0,
     "flAttractorVolumeHeight": 0,
     "dwSeed": 0,
     "fBillboard": false,
     "eAddType": 0,
     "fDoNotParent": false,
     "fKeepOriginal": false,
     "fEnableMovement": false,
     "unk_773852b": false,
     "unk_62ab747": true,
     "unk_cb43646": false,
     "fRandomLook": false,
     "tLookLink": {
      "__type__": "LookLink",
      "__typeHash__": 2394153027,
      "dwLookHash": 0
     },
     "fOverrideActorVariant": false,
     "eVariantTypeOverride": 0,
     "snoAnimSetOverride": null,
     "snoPlayerAnimSetOverrides": [],
     "dwSegmentsStep": 0,
     "dwShaderMapOverride": 4294967295,
     "unk_65182d3": 0,
     "flScale": 1,
     "szSpawnLocatorName": 0,
     "vecScalar": {
      "x": 1,
      "y": 1
     },
     "transform": {
      "__type__": "PRTransform",
      "__typeHash__": 2588169118,
      "q": {
       "__type__": "bcQuat",
       "__typeHash__": 3955716320,
       "x": 0,
       "y": 0,
       "z": 0,
       "w": 1
      },
      "wp": {
       "x": 0,
       "y": 0,
       "z": 0
      }
     },
     "tEffectGroupHardpointLink": {
      "__type__": "HardpointLink",
      "__typeHash__": 3639617719,
      "tInfo": {
       "__type__": "HardpointInfo",
       "__typeHash__": 3639515093,
       "dwHash": 0,
       "dwHashFlag": 0
      }
     },
     "unk_c7fa18a": {
      "rangeValue1": 0,
      "rangeValue2": 0
     },
     "idRActorAttachment": 0,
     "nPermIndex": 0,
     "snoCopyFromMarkerSet": null,
     "nCopyFromMarkerID": 0,
     "nMaxAttachments": 0,
     "flBlendInTime": 5,
     "flBlendOutTime": 5,
     "nPriority": 100,
     "tNPCComponentInstanceData": {
      "__type__": "NPCComponentInstanceData",
      "__typeHash__": 4148177091,
      "tNPCColorSet": {
       "__type__": "NPCColorSet",
       "__typeHash__": 2615077772,