{
 "__fileName__": "base/meta/Actor/DrySteppesHU_Rock_Small_04_Dyn_Dusty.acr",
 "__snoID__": 1235814,
 "__type__": "ActorDefinition",
 "__typeHash__": 3085005858,
 "eType": 3,
 "dwFlags": 14680072,
 "dwFlagsEx": 0,
 "snoAppearance": {
  "__raw__": 1235812,
  "__group__": 9,
  "__type__": "DT_SNO",
  "__typeHash__": 2764331143,
  "__targetFileName__": "base/meta/Appearance/DrySteppesHU_Rock_Small_04_Dyn_Dusty.app",
  "groupName": "Appearance",
  "name": "DrySteppesHU_Rock_Small_04_Dyn_Dusty"
 },
 "arCustomizationAppearances": [],
 "arAppearanceSets": [],
 "arAnimSets": [],
 "arStoreAnimSets": [],
 "snoAnimTree": null,
 "arActorAppearanceAddOnEntries": [],
 "tAnimTreeOverride": {
  "__type__": "AnimTreeOverride",
  "__typeHash__": 3002505909,
  "ptNodeOverrides": []
 },
 "arSortedEventIndices": [
  1,
  2,
  3
 ],
 "eVariantType": 0,
 "tDefaultLook": {
  "__type__": "LookLink",
  "__typeHash__": 2394153027,
  "dwLookHash": 0
 },
 "dwDefaultShaderMapOverride": 4294967295,
 "tScaleRange": {
  "rangeValue1": 1,
  "rangeValue2": 0
 },
 "tScaleLimit": {
  "rangeValue1": 0.8500000238418579,
  "rangeValue2": 0.30000001192092896
 },
 "wcylBounds": {
  "__type__": "AxialCylinder",
  "__typeHash__": 3017070665,
  "wpBase": {
   "x": -3.725290298461914e-8,
   "y": -0.020891450345516205,
   "z": -0.25245699286460876
  },
  "wdHeight": 0.49678540229797363,
  "wdRadius": 0.2106732279062271
 },
 "aabbBounds": {
  "__type__": "AABB",
  "__typeHash__": 2408934,
  "wp": {
   "x": -3.725290298461914e-8,
   "y": -0.020891450345516205,
   "z": -0.004064299166202545
  },
  "wvExt": {
   "x": 0.15606525540351868,
   "y": 0.1979328691959381,
   "z": 0.24839270114898682
  }
 },
 "wsBounds": {
  "__type__": "Sphere",
  "__typeHash__": 3384912071,
  "wpCenter": {
   "x": -3.725290298461914e-8,
   "y": -0.020891450345516205,
   "z": -0.004064299166202545
  },
  "wdRadius": 0.9656047821044922
 },
 "aabbAppearanceBoundingBox": {
  "__type__": "AABB",
  "__typeHash__": 2408934,
  "wp": {
   "x": -3.725290298461914e-8,
   "y": -0.020891450345516205,
   "z": -0.004064299166202545
  },
  "wvExt": {
   "x": 0.15606525540351868,
   "y": 0.1979328691959381,
   "z": 0.24839270114898682
  }
 },
 "wpLocationPowerSrc": {
  "x": 0,
  "y": 0,
  "z": 1
 },
 "ePickStyle": 0,
 "flAttachmentScaleFactor": 1,
 "unk_712a997": 15,
 "eDefaultTeam": 0,
 "eCullingLevel": 0,
 "flFadeCorpseTimeUntilFade": 10,
 "flFadeCorpseTime": 2,
 "aAbsoluteOrientation": 0,
 "flHitFlashPower": 1,
 "flHitFlashMultiplier": 1,
 "flOverlayPower": 1,
 "eTopology": 1,
 "ptMsgTriggeredEvents": [
  {
   "__type__": "MsgTriggeredEvent",
   "__typeHash__": 4134809062,
   "dwMsgKey": 1000,
   "ptTriggerEvent": [
    {
     "__type__": "TriggerEventEnableRagdoll",
     "__typeHash__": 3810234018,
     "dwType": 3810234018,
     "tConditions": {
      "__type__": "TriggerConditions",
      "__typeHash__": 888408526,
      "flChance": 0,
      "bMute": false,
      "bMuteExternal": false,
      "tDelay": 0,
      "tImpactVelocityRange": {
       "rangeValue1": 0,
       "rangeValue2": 0
      },
      "tImpactWeightRange": {
       "rangeValue1": 0,
       "rangeValue2": 0
      },
      "eMaterial": 0,
      "dwConditionFlags": 14,
      "ePlayerCountCondition": 0,
      "ePerformanceBehavior": 0,
      "unk_b41b571": []
     },
     "fGenerated": false,
     "fInCreation": false,
     "dwParentActorID": 4294967295,
     "dwPad": 0,
     "tRagdollParams": {
      "__type__": "EnableRagdollParams",
      "__typeHash__": 702155408,
      "flRagdollVelocityFactor": 1,
      "flRagdollMomentumFactor": 1,
      "flRagdollActorMomentumFactor": 1
     },
     "dwActorID": 0,
     "fAffectOwner": true
    }
   ],
   "tCooldown": 0
  },
  {
   "__type__": "MsgTriggeredEvent",
   "__typeHash__": 4134809062,
   "dwMsgKey": 17,
   "ptTriggerEvent": [
    {
     "__type__": "TriggerEventEnableRagdoll",
     "__typeHash__": 3810234018,
     "dwType": 3810234018,
     "tConditions": {
      "__type__": "TriggerConditions",
      "__typeHash__": 888408526,
      "flChance": 1,
      "bMute": false,
      "bMuteExternal": false,
      "tDelay": 0,
      "tImpactVelocityRange": {
       "rangeValue1": 0,
       "rangeValue2": 0
      },
      "tImpactWeightRange": {
       "rangeValue1": 0,
       "rangeValue2": 0
      },
      "eMaterial": 0,
      "dwConditionFlags": 14,
      "ePlayerCountCondition": 0,
      "ePerformanceBehavior": 0,
      "unk_b41b571": []
     },
     "fGenerated": false,
     "fInCreation": false,
     "dwParentActorID": 4294967295,
     "dwPad": 0,
     "tRagdollParams": {
      "__type__": "EnableRagdollParams",
      "__typeHash__": 702155408,
      "flRagdollVelocityFactor": 1,
      "flRagdollMomentumFactor": 1,
      "flRagdollActorMomentumFactor": 1
     },
     "dwActorID": 0,
     "fAffectOwner": true
    }
   ],
   "tCooldown": 0
  },
  {
   "__type__": "MsgTriggeredEvent",
   "__typeHash__": 4134809062,
   "dwMsgKey": 17,
   "ptTriggerEvent": [
    {
     "__type__": "TriggerEventFade",
     "__typeHash__": 3281363526,
     "dwType": 3281363526,
     "tConditions": {
      "__type__": "TriggerConditions",
      "__typeHash__": 888408526,
      "flChance": 1,
      "bMute": false,
      "bMuteExternal": false,
      "tDelay": 3.000000238418579,
      "tImpactVelocityRange": {
       "rangeValue1": 0,
       "rangeValue2": 0
      },
      "tImpactWeightRange": {
       "rangeValue1": 0,
       "rangeValue2": 0
      },
      "eMaterial": 0,
      "dwConditionFlags": 1038,
      "ePlayerCountCondition": 0,
      "ePerformanceBehavior": 0,
      "unk_b41b571": []
     },
     "fGenerated": false,
     "fInCreation": false,
     "dwParentActorID": 4294967295,
     "tDuration": 2,
     "dwTriggerFlags": 8192,
     "dwTriggerFlagsEx": 0,
     "tCleanup": {
      "__type__": "TriggerCleanup",
      "__typeHash__": 2029186460,
      "eOnOwnerDeath": 1,
      "eOnAnimationEnd": 0,
      "eOnSequenceEnd": 0,
      "eOnOwnerResurrection": 0,
      "eOnOwnerDeletion": 1,
      "eOnOwnerPaused": 4
     },
     "nPreviousInTrack": -1,
     "nNextInTrack": -1,
     "dwPad": 0,
     "fFadeOwner": true,
     "bRollConnection": true,
     "dwObjectID": 0
    }
   ],
   "tCooldown": 0
  },
  {
   "__type__": "MsgTriggeredEvent",
   "__typeHash__": 4134809062,
   "dwMsgKey": 17,
   "ptTriggerEvent": [
    {
     "__type__": "TriggerEventChangeLook",
     "__typeHash__": 3507772913,
     "dwType": 3507772913,
     "tConditions": {
      "__type__": "TriggerConditions",
      "__typeHash__": 888408526,
      "flChance": 1,
      "bMute": false,
      "bMuteExternal": false,
      "tDelay": 0,
      "tImpactVelocityRange": {
       "rangeValue1": 0,
       "rangeValue2": 0
      },
      "tImpactWeightRange": {
       "rangeValue1": 0,
       "rangeValue2": 0
      },
      "eMaterial": 0,
      "dwConditionFlags": 14,
      "ePlayerCountCondition": 0,
      "ePerformanceBehavior": 0,
      "unk_b41b571": []
     },
     "fGenerated": false,
     "fInCreation": false,
     "dwParentActorID": 4294967295,
     "dwPad": 0,
     "dwActorID": 0,
     "snoAppearance": null,
     "tLookLink": {
      "__type__": "LookLink",
      "__typeHash__": 2394153027,
      "dwLookHash": 98
     },
     "fAffectOwner": true
    }
   ],
   "tCooldown": 0
  }
 ],
 "ptPhysData": [
  {
   "__type__": "ActorPhysicsData",
   "__typeHash__": 1364074038,
   "snoPhysics": {
    "__raw__": 1880,
    "__group__": 28,
    "__type__": "DT_SNO",
    "__typeHash__": 2764331143,
    "__targetFileName__": "base/meta/Physics/RagdollBreakable.phy",
    "groupName": "Physics",
    "name": "RagdollBreakable"
   },
   "snoPartialRagdollPhysics": null,
   "eMaterial": 6,
   "flExplosionFactor": 1,
   "flWindFactor": 1,
   "flPartialRagdollResponsiveness": 0.5,
   "dwExplosionChannel": 0
  }
 ],
 "ptCollData": [],
 "eActorGizmoType": -1,
 "unk_8fbba9b": 0,
 "ptGizmoData": [],
 "ptMonsterData": [],
 "ptCritterData": [],
 "ptPlayerData": [],
 "ptItemData": [],