{
 "__fileName__": "data/base/meta/Actor/environmentVFX_smoke_chimney.acr",
 "__snoID__": 398106,
 "__type__": "ActorDefinition",
 "__typeHash__": 3085005858,
 "eType": 3,
 "dwFlags": 14680072,
 "dwFlagsEx": 0,
 "snoAppearance": {
  "value": 398105,
  "group": 9,
  "groupName": "Appearance",
  "type": "sno",
  "name": "environmentVFX_smoke_chimney"
 },
 "arCustomizationAppearances": [],
 "arAnimSets": [],
 "snoAnimTree": {
  "value": -1,
  "group": 67,
  "groupName": "AnimTree",
  "type": "sno"
 },
 "tAnimTreeOverride": {
  "__type__": "AnimTreeOverride",
  "__typeHash__": 3002505909,
  "unk_ae5d61d": []
 },
 "eVariantType": 0,
 "unk_441fd2e": {
  "__type__": "LookLink",
  "__typeHash__": 2394153027,
  "dwLookHash": 0
 },
 "unk_3d234d5": 4294967295,
 "unk_9ae2069": {
  "value": 0,
  "end_value": 1
 },
 "wcylBounds": {
  "__type__": "AxialCylinder",
  "__typeHash__": 3017070665,
  "wpBase": {
   "x": -0.09019047766923904,
   "y": 0.20612938702106476,
   "z": -0.0023304070346057415
  },
  "wdHeight": 1.0046664476394653,
  "wdRadius": 0.34069544076919556
 },
 "aabbBounds": {
  "__type__": "AABB",
  "__typeHash__": 2408934,
  "wp": {
   "x": -0.09019047766923904,
   "y": 0.20612938702106476,
   "z": 0.5000028014183044
  },
  "wvExt": {
   "x": 1.0901905298233032,
   "y": 1.3285408020019531,
   "z": 1.502333164215088
  }
 },
 "wsBounds": {
  "__type__": "Sphere",
  "__typeHash__": 3384912071,
  "wpCenter": {
   "x": -0.09019047766923904,
   "y": 0.20612938702106476,
   "z": 0.5000028014183044
  },
  "wdRadius": 2.264392375946045
 },
 "unk_5daa275": {
  "__type__": "AABB",
  "__typeHash__": 2408934,
  "wp": {
   "x": -0.09019047766923904,
   "y": 0.20612938702106476,
   "z": 0.5000028014183044
  },
  "wvExt": {
   "x": 1.0901905298233032,
   "y": 1.3285408020019531,
   "z": 1.502333164215088
  }
 },
 "wpLocationPowerSrc": {
  "x": 0,
  "y": 0,
  "z": 1
 },
 "ePickStyle": 0,
 "flAttachmentScaleFactor": 20,
 "eDefaultTeam": 0,
 "eCullingLevel": 3,
 "unk_c794c59": 10,
 "unk_99ee15d": 2,
 "aAbsoluteOrientation": 0,
 "unk_3598432": 2,
 "unk_e579f8c": 0.5,
 "unk_9d78021": 1,
 "eTopology": 1,
 "ptMsgTriggeredEvents": [],
 "ptPhysData": [
  {
   "__type__": "ActorPhysicsData",
   "__typeHash__": 1364074038,
   "snoPhysics": {
    "value": -1,
    "group": 28,
    "groupName": "Physics",
    "type": "sno"
   },
   "unk_49cf485": {
    "value": -1,
    "group": 28,
    "groupName": "Physics",
    "type": "sno"
   },
   "eMaterial": 0,
   "flExplosionFactor": 1,
   "flWindFactor": 1,
   "flPartialRagdollResponsiveness": 0.5,
   "unk_fdc1015": 0
  }
 ],
 "ptCollData": [],
 "unk_17acd26": -1,
 "unk_8fbba9b": 0,
 "ptGizmoData": [],
 "ptMonsterData": [],
 "ptCritterData": [],
 "ptPlayerData": [],
 "ptItemData": [],
 "ptCombatData": [],
 "ptDeathData": [],
 "ptEffectData": [],
 "ptProjData": [],
 "ptPropData": [],
 "ptMovingData": [],
 "ptBrainData": [],
 "ptServerData": [],
 "ptUIData": [],
 "ptAIData": [],
 "ptVOData": [],
 "ptNPCData": [
  {
   "__type__": "ActorNPCData",
   "__typeHash__": 3228758260,
   "unk_370e8c2": 0,
   "unk_d1de32b": [],
   "snoNPCComponentSet": {
    "value": -1,
    "group": 2,
    "groupName": "NpcComponentSet",
    "type": "sno"
   },
   "unk_a9187cf": [],
   "unk_4c7112f": 1,
   "unk_1c56441": 0
  }
 ],
 "ptSoundTableData": [],
 "ptMountData": [],
 "ptPostprocessed": "0",
 "snoPrefabAttachment": {
  "value": -1,
  "group": 24,
  "groupName": "MarkerSet",
  "type": "sno"
 },
 "unk_d2b5e35": 1,
 "unk_2607092": 0,
 "unk_79da2a0": 4294967295,
 "unk_261d1df": []
}
