{
 "__fileName__": "data/base/meta/Actor/environmentVFX_lavaFlow_B.acr",
 "__snoID__": 533946,
 "__type__": "ActorDefinition",
 "__typeHash__": 3085005858,
 "eType": 3,
 "dwFlags": 14680072,
 "dwFlagsEx": 0,
 "snoAppearance": {
  "__raw__": 533945,
  "__group__": 9,
  "__type__": "DT_SNO",
  "__typeHash__": 2764331143,
  "groupName": "Appearance",
  "name": "environmentVFX_lavaFlow_B"
 },
 "arCustomizationAppearances": [],
 "arAnimSets": [],
 "snoAnimTree": null,
 "tAnimTreeOverride": {
  "__type__": "AnimTreeOverride",
  "__typeHash__": 3002505909,
  "ptNodeOverrides": []
 },
 "eVariantType": 0,
 "tDefaultLook": {
  "__type__": "LookLink",
  "__typeHash__": 2394153027,
  "dwLookHash": 0
 },
 "unk_3d234d5": 4294967295,
 "unk_9ae2069": {
  "rangeValue1": 1,
  "rangeValue2": 0
 },
 "wcylBounds": {
  "__type__": "AxialCylinder",
  "__typeHash__": 3017070665,
  "wpBase": {
   "x": 0.1083926260471344,
   "y": -0.002680853009223938,
   "z": -1.6096545457839966
  },
  "wdHeight": 1.6747920513153076,
  "wdRadius": 0.37542590498924255
 },
 "aabbBounds": {
  "__type__": "AABB",
  "__typeHash__": 2408934,
  "wp": {
   "x": 0.1083926260471344,
   "y": -0.002680853009223938,
   "z": -0.7722585201263428
  },
  "wvExt": {
   "x": 0.27309179306030273,
   "y": 0.26347166299819946,
   "z": 0.8373960852622986
  }
 },
 "wsBounds": {
  "__type__": "Sphere",
  "__typeHash__": 3384912071,
  "wpCenter": {
   "x": 0.1083926260471344,
   "y": -0.002680853009223938,
   "z": -0.7722585201263428
  },
  "wdRadius": 1.541023850440979
 },
 "unk_5daa275": {
  "__type__": "AABB",
  "__typeHash__": 2408934,
  "wp": {
   "x": 0.1083926260471344,
   "y": -0.002680853009223938,
   "z": -0.7722585201263428
  },
  "wvExt": {
   "x": 0.27309179306030273,
   "y": 0.26347166299819946,
   "z": 0.8373960852622986
  }
 },
 "wpLocationPowerSrc": {
  "x": 0,
  "y": 0,
  "z": 1
 },
 "ePickStyle": 0,
 "flAttachmentScaleFactor": 1,
 "eDefaultTeam": 0,
 "eCullingLevel": 0,
 "unk_c794c59": 10,
 "unk_99ee15d": 2,
 "aAbsoluteOrientation": 0,
 "unk_3598432": 1,
 "unk_e579f8c": 1,
 "unk_9d78021": 1,
 "eTopology": 1,
 "ptMsgTriggeredEvents": [],
 "ptPhysData": [
  {
   "__type__": "ActorPhysicsData",
   "__typeHash__": 1364074038,
   "snoPhysics": null,
   "unk_49cf485": null,
   "eMaterial": 0,
   "flExplosionFactor": 1,
   "flWindFactor": 1,
   "flPartialRagdollResponsiveness": 0.5,
   "unk_fdc1015": 0
  }
 ],
 "ptCollData": [],
 "eActorGizmoType": -1,
 "unk_8fbba9b": 0,
 "ptGizmoData": [],
 "ptMonsterData": [],
 "ptCritterData": [],
 "ptPlayerData": [],
 "ptItemData": [],
 "ptCombatData": [],
 "ptDeathData": [],
 "ptEffectData": [],
 "ptProjData": [],
 "ptPropData": [],
 "ptMovingData": [],
 "ptBrainData": [],
 "ptServerData": [],
 "ptUIData": [],
 "ptAIData": [],
 "ptVOData": [],
 "ptNPCData": [
  {
   "__type__": "ActorNPCData",
   "__typeHash__": 3228758260,
   "unk_370e8c2": 0,
   "unk_d1de32b": [],
   "snoNPCComponentSet": null,
   "unk_a9187cf": [],
   "unk_4c7112f": 1,
   "unk_1c56441": 0
  }
 ],
 "ptSoundTableData": [
  {
   "__type__": "ActorSoundTableData",
   "__typeHash__": 2677649540,
   "szMonsterCategory": 3321043346,
   "unk_6190c70": 0,
   "unk_fc3dcfc": 50,
   "snoRunSoundTable": null,
   "snoWalkSoundTable": null,
   "unk_e4e1d2": null,
   "snoLandSoundTable": null,
   "unk_8dbf009": null,
   "unk_7dfd883": null,
   "unk_e270225": null,
   "unk_87b2493": null,
   "unk_f1b3d91": null,
   "unk_608d70b": null,
   "unk_16fd1ad": null,
   "unk_6a4231b": null,
   "unk_10a92fc": null,
   "unk_5e2d9d6": null,
   "unk_c8a2dd8": null,
   "unk_67e25e6": null,
   "snoVoiceSoundTable": null,
   "unk_aa3de45": []
  }
 ],
 "ptMountData": [],
 "ptPostprocessed": "0",
 "snoPrefabAttachment": null,
 "unk_d2b5e35": 1,
 "unk_2607092": 0,
 "unk_79da2a0": 4294967295,
 "unk_261d1df": []
}
