{
 "__fileName__": "data/base/meta/Actor/fallen_shaman_staff.acr",
 "__snoID__": 1063161,
 "__type__": "ActorDefinition",
 "__typeHash__": 3085005858,
 "eType": 3,
 "dwFlags": 14680072,
 "dwFlagsEx": 0,
 "snoAppearance": {
  "value": 1063160,
  "group": 9,
  "groupName": "Appearance",
  "type": "sno",
  "name": "fallen_shaman_staff"
 },
 "arCustomizationAppearances": [],
 "arAnimSets": [],
 "snoAnimTree": {
  "value": -1,
  "group": 67,
  "groupName": "AnimTree",
  "type": "sno"
 },
 "tAnimTreeOverride": {
  "__type__": "AnimTreeOverride",
  "__typeHash__": 3002505909,
  "unk_ae5d61d": []
 },
 "eVariantType": 0,
 "unk_441fd2e": {
  "__type__": "LookLink",
  "__typeHash__": 2394153027,
  "dwLookHash": 0
 },
 "unk_3d234d5": 4294967295,
 "unk_9ae2069": {
  "rangeValue1": 1,
  "rangeValue2": 0
 },
 "wcylBounds": {
  "__type__": "AxialCylinder",
  "__typeHash__": 3017070665,
  "wpBase": {
   "x": 0.13320225477218628,
   "y": -0.00003565102815628052,
   "z": -0.10189922899007797
  },
  "wdHeight": 0.2303934395313263,
  "wdRadius": 1.3080533742904663
 },
 "aabbBounds": {
  "__type__": "AABB",
  "__typeHash__": 2408934,
  "wp": {
   "x": 0.13320225477218628,
   "y": -0.000035643577575683594,
   "z": 0.013297498226165771
  },
  "wvExt": {
   "x": 1.298698902130127,
   "y": 0.2335938811302185,
   "z": 0.11519671976566315
  }
 },
 "wsBounds": {
  "__type__": "Sphere",
  "__typeHash__": 3384912071,
  "wpCenter": {
   "x": 0.13320225477218628,
   "y": -0.00003565102815628052,
   "z": 0.013297494500875473
  },
  "wdRadius": 1.9780797958374023
 },
 "unk_5daa275": {
  "__type__": "AABB",
  "__typeHash__": 2408934,
  "wp": {
   "x": 0.13320225477218628,
   "y": -0.000035643577575683594,
   "z": 0.013297498226165771
  },
  "wvExt": {
   "x": 1.298698902130127,
   "y": 0.2335938811302185,
   "z": 0.11519671976566315
  }
 },
 "wpLocationPowerSrc": {
  "x": 0,
  "y": 0,
  "z": 1
 },
 "ePickStyle": 0,
 "flAttachmentScaleFactor": 1,
 "eDefaultTeam": 19,
 "eCullingLevel": 0,
 "unk_c794c59": 10,
 "unk_99ee15d": 2,
 "aAbsoluteOrientation": 0,
 "unk_3598432": 1,
 "unk_e579f8c": 1,
 "unk_9d78021": 1,
 "eTopology": 1,
 "ptMsgTriggeredEvents": [
  {
   "__type__": "MsgTriggeredEvent",
   "__typeHash__": 4134809062,
   "dwMsgKey": 25,
   "ptTriggerEvent": [
    {
     "__type__": "TriggerEventSpawnObject",
     "__typeHash__": 2703348374,
     "dwType": 2703348374,
     "dwPad": 0,
     "tConditions": {
      "__type__": "TriggerConditions",
      "__typeHash__": 888408526,
      "flChance": 1,
      "bMute": 0,
      "unk_1db3ba0": 0,
      "tDelay": 0,
      "unk_f0d960e": {
       "rangeValue1": 2,
       "rangeValue2": 8
      },
      "unk_1dcbf67": {
       "rangeValue1": 0,
       "rangeValue2": 0
      },
      "eMaterial": 0,
      "dwConditionFlags": 30,
      "unk_817e082": 0,
      "unk_b51df67": 0,
      "dwPad": 0
     },
     "fGenerated": 0,
     "unk_6cba752": 0,
     "unk_e560b0b": 4294967295,
     "dwID": 0,
     "snoname": {
      "value": 418193,
      "group": 40,
      "groupName": "Sound",
      "type": "sno",
      "name": "Play_IMP_Weapon_2HAxe_Drop"
     },
     "tHardpointLinks": [
      {
       "__type__": "HardpointLink",
       "__typeHash__": 3639617719,
       "tInfo": {
        "__type__": "HardpointInfo",
        "__typeHash__": 3639515093,
        "dwHash": 0,
        "dwHashFlag": 0
       }
      },
      {
       "__type__": "HardpointLink",
       "__typeHash__": 3639617719,
       "tInfo": {
        "__type__": "HardpointInfo",
        "__typeHash__": 3639515093,
        "dwHash": 0,
        "dwHashFlag": 0
       }
      }
     ],
     "dwTriggerFlags": 0,
     "unk_a936bd9": 0,
     "fRandomLook": 0,
     "tLookLink": {
      "__type__": "LookLink",
      "__typeHash__": 2394153027,
      "dwLookHash": 0
     },
     "unk_48fd494": 0,
     "unk_6b8bffc": 0,
     "dwSegmentsStep": 0,
     "unk_6c0cb90": 4294967295,
     "flScale": 1,
     "dwSeed": 0,
     "unk_b0f4eeb": 0,
     "vecScalar": {
      "x": 1,
      "y": 1
     },
     "transform": {
      "__type__": "PRTransform",
      "__typeHash__": 2588169118,
      "q": {
       "__type__": "bcQuat",
       "__typeHash__": 3955716320,
       "x": 0,
       "y": 0,
       "z": 0,
       "w": 1
      },
      "wp": {
       "x": 0,
       "y": 0,
       "z": 0
      }
     },
     "unk_315ce85": {
      "__type__": "HardpointLink",
      "__typeHash__": 3639617719,
      "tInfo": {
       "__type__": "HardpointInfo",
       "__typeHash__": 3639515093,
       "dwHash": 0,
       "dwHashFlag": 0
      }
     },
     "unk_c7fa18a": {
      "rangeValue1": 0,
      "rangeValue2": 0
     },
     "unk_760871b": {
      "value": -1,
      "group": 29,
      "groupName": "Power",
      "type": "sno"
     },
     "dwSpawnedActorLife": 0,
     "unk_245c537": {
      "__type__": "Type_f74028c3",
      "__typeHash__": 4148177091,
      "unk_a253b80": {
       "__type__": "Type_9bdeeb8c",
       "__typeHash__": 2615077772,
       "arEquipmentDyes": [
        {
         "value": -1,
         "group": 122,
         "groupName": "Dye",
         "type": "sno"
        },
        {
         "value": -1,
         "group": 122,
         "groupName": "Dye",
         "type": "sno"
        },
        {
         "value": -1,
         "group": 122,
         "groupName": "Dye",
         "type": "sno"
        },
        {
         "value": -1,
         "group": 122,
         "groupName": "Dye",
         "type": "sno"
        }
       ],
       "nHairColor": 0,
       "nSkinColor": 0
      },
      "ptComponents": [
       {
        "__type__": "ValidComponent",
        "__typeHash__": 2842269379,
        "tComponent": 0
       },
       {
        "__type__": "ValidComponent",
        "__typeHash__": 2842269379,
        "tComponent": 0
       },
       {
        "__type__": "ValidComponent",
        "__typeHash__": 2842269379,
        "tComponent": 0
       },
       {
        "__type__": "ValidComponent",
        "__typeHash__": 2842269379,
        "tComponent": 0
       }
      ]
     },
     "ptLightInstanceData": []
    }
   ],
   "tCooldown": 0
  }
 ],
 "ptPhysData": [
  {
   "__type__": "ActorPhysicsData",
   "__typeHash__": 1364074038,
   "snoPhysics": {
    "value": 1879,
    "group": 28,
    "groupName": "Physics",
    "type": "sno",
    "name": "Ragdoll"
   },
   "unk_49cf485": {
    "value": -1,
    "group": 28,
    "groupName": "Physics",
    "type": "sno"
   },
   "eMaterial": 0,
   "flExplosionFactor": 1,
   "flWindFactor": 1,
   "flPartialRagdollResponsiveness": 0.5,
   "unk_fdc1015": 0
  }
 ],
 "ptCollData": [],
 "unk_17acd26": -1,
 "unk_8fbba9b": 0,
 "ptGizmoData": [],
 "ptMonsterData": [],
 "ptCritterData": [],
 "ptPlayerData": [],
 "ptItemData": [],
 "ptCombatData": [],
 "ptDeathData": [],
 "ptEffectData": [],
 "ptProjData": [],
 "ptPropData": [],
 "ptMovingData": [],
 "ptBrainData": [],
 "ptServerData": [],
 "ptUIData": [],
 "ptAIData": [],
 "ptVOData": [
  {
   "__type__": "ActorVOData",
   "__typeHash__": 3142967512,
   "fVOPlaysOnPlayer": 0,
   "snoSpeaker": {
    "value": -1,
    "group": 72,
    "groupName": "Speaker",
    "type": "sno"
   },
   "snoConversationList": {
    "value": -1,
    "group": 13,
    "groupName": "ConverationList",
    "type": "sno"
   },
   "unk_94efee3": {
    "value": -1,
    "group": -1,
    "groupName": "None",
    "type": "sno"
   }
  }
 ],
 "ptNPCData": [
  {
   "__type__": "ActorNPCData",
   "__typeHash__": 3228758260,
   "unk_370e8c2": 0,
   "unk_d1de32b": [],
   "snoNPCComponentSet": {
    "value": -1,
    "group": 2,
    "groupName": "NpcComponentSet",
    "type": "sno"
   },
   "unk_a9187cf": [],
   "unk_4c7112f": 1,
   "unk_1c56441": 0
  }
 ],
 "ptSoundTableData": [
  {
   "__type__": "ActorSoundTableData",
   "__typeHash__": 2677649540,
   "szMonsterCategory": 3321043346,
   "unk_6190c70": 0,
   "unk_fc3dcfc": 50,
   "unk_d540076": {
    "value": -1,
    "group": 79,
    "groupName": "SoundTable",
    "type": "sno"
   },