{
 "__fileName__": "data/base/meta/Actor/Flooded_Floating_Plank_01.acr",
 "__snoID__": 561043,
 "__type__": "ActorDefinition",
 "__typeHash__": 3085005858,
 "eType": 3,
 "dwFlags": 14680072,
 "dwFlagsEx": 0,
 "snoAppearance": {
  "__raw__": 561041,
  "__group__": 9,
  "__type__": "DT_SNO",
  "__typeHash__": 2764331143,
  "groupName": "Appearance",
  "name": "Flooded_Floating_Plank_01"
 },
 "arCustomizationAppearances": [],
 "arAnimSets": [],
 "snoAnimTree": null,
 "tAnimTreeOverride": {
  "__type__": "AnimTreeOverride",
  "__typeHash__": 3002505909,
  "ptNodeOverrides": []
 },
 "eVariantType": 0,
 "tDefaultLook": {
  "__type__": "LookLink",
  "__typeHash__": 2394153027,
  "dwLookHash": 0
 },
 "unk_3d234d5": 4294967295,
 "unk_9ae2069": {
  "rangeValue1": 1,
  "rangeValue2": 0
 },
 "wcylBounds": {
  "__type__": "AxialCylinder",
  "__typeHash__": 3017070665,
  "wpBase": {
   "x": 0.0010563135147094727,
   "y": -0.0038367770612239838,
   "z": -0.053927596658468246
  },
  "wdHeight": 0.11527653783559799,
  "wdRadius": 0.6225477457046509
 },
 "aabbBounds": {
  "__type__": "AABB",
  "__typeHash__": 2408934,
  "wp": {
   "x": 0.0010563135147094727,
   "y": -0.0038367770612239838,
   "z": 0.0037106722593307495
  },
  "wvExt": {
   "x": 1.6195259094238281,
   "y": 1.106276512145996,
   "z": 1.0576382875442505
  }
 },
 "wsBounds": {
  "__type__": "Sphere",
  "__typeHash__": 3384912071,
  "wpCenter": {
   "x": 0.0010563135147094727,
   "y": -0.0038367770612239838,
   "z": 0.0037106722593307495
  },
  "wdRadius": 2.2926013469696045
 },
 "unk_5daa275": {
  "__type__": "AABB",
  "__typeHash__": 2408934,
  "wp": {
   "x": 0.0010563135147094727,
   "y": -0.0038367770612239838,
   "z": 0.0037106722593307495
  },
  "wvExt": {
   "x": 1.6195259094238281,
   "y": 1.106276512145996,
   "z": 1.0576382875442505
  }
 },
 "wpLocationPowerSrc": {
  "x": 0,
  "y": 0,
  "z": 1
 },
 "ePickStyle": 0,
 "flAttachmentScaleFactor": 1,
 "eDefaultTeam": 0,
 "eCullingLevel": 0,
 "unk_c794c59": 10,
 "unk_99ee15d": 2,
 "aAbsoluteOrientation": 0,
 "flHitFlashPower": 1,
 "flHitFlashMultiplier": 1,
 "unk_9d78021": 1,
 "eTopology": 1,
 "ptMsgTriggeredEvents": [
  {
   "__type__": "MsgTriggeredEvent",
   "__typeHash__": 4134809062,
   "dwMsgKey": 1000,
   "ptTriggerEvent": [
    {
     "__type__": "TriggerEventEnableRagdoll",
     "__typeHash__": 3810234018,
     "dwType": 3810234018,
     "dwPad": 0,
     "tConditions": {
      "__type__": "TriggerConditions",
      "__typeHash__": 888408526,
      "flChance": 1,
      "bMute": 0,
      "unk_1db3ba0": 0,
      "tDelay": 0,
      "unk_f0d960e": {
       "rangeValue1": 0,
       "rangeValue2": 0
      },
      "unk_1dcbf67": {
       "rangeValue1": 0,
       "rangeValue2": 0
      },
      "eMaterial": 0,
      "dwConditionFlags": 1038,
      "ePlayerCountCondition": 0,
      "unk_b51df67": 0,
      "dwPad": 0
     },
     "fGenerated": 0,
     "unk_6cba752": 0,
     "unk_e560b0b": 4294967295,
     "unk_733c15d": {
      "__type__": "Type_29da0a90",
      "__typeHash__": 702155408,
      "flRagdollVelocityFactor": 1,
      "flRagdollMomentumFactor": 1,
      "unk_665d2e1": 1
     },
     "dwActorID": 0,
     "unk_279aa5a": 1
    }
   ],
   "tCooldown": 0
  }
 ],
 "ptPhysData": [
  {
   "__type__": "ActorPhysicsData",
   "__typeHash__": 1364074038,
   "snoPhysics": {
    "__raw__": 533460,
    "__group__": 28,
    "__type__": "DT_SNO",
    "__typeHash__": 2764331143,
    "groupName": "Physics",
    "name": "RagdollBreakable_medium_Buoyant"
   },
   "unk_49cf485": null,
   "eMaterial": 2,
   "flExplosionFactor": 1,
   "flWindFactor": 1,
   "flPartialRagdollResponsiveness": 0.5,
   "unk_fdc1015": 0
  }
 ],
 "ptCollData": [],
 "eActorGizmoType": -1,
 "unk_8fbba9b": 0,
 "ptGizmoData": [],
 "ptMonsterData": [],
 "ptCritterData": [],
 "ptPlayerData": [],
 "ptItemData": [],
 "ptCombatData": [],
 "ptDeathData": [],
 "ptEffectData": [],
 "ptProjData": [],
 "ptPropData": [],
 "ptMovingData": [],
 "ptBrainData": [],
 "ptServerData": [],
 "ptUIData": [],
 "ptAIData": [],
 "ptVOData": [],
 "ptNPCData": [
  {
   "__type__": "ActorNPCData",
   "__typeHash__": 3228758260,
   "unk_370e8c2": 0,
   "unk_d1de32b": [],
   "snoNPCComponentSet": null,
   "unk_a9187cf": [],
   "unk_4c7112f": 1,
   "unk_1c56441": 0
  }
 ],
 "ptSoundTableData": [
  {
   "__type__": "ActorSoundTableData",
   "__typeHash__": 2677649540,
   "szMonsterCategory": 3321043346,
   "unk_6190c70": 0,
   "unk_fc3dcfc": 50,
   "snoRunSoundTable": null,
   "snoWalkSoundTable": null,
   "unk_e4e1d2": null,
   "snoLandSoundTable": null,
   "unk_8dbf009": null,
   "unk_7dfd883": null,
   "unk_e270225": null,
   "unk_87b2493": null,
   "unk_f1b3d91": null,
   "unk_608d70b": null,
   "unk_16fd1ad": null,
   "unk_6a4231b": null,
   "unk_10a92fc": null,
   "unk_5e2d9d6": null,
   "unk_c8a2dd8": null,
   "unk_67e25e6": null,
   "snoVoiceSoundTable": null,
   "unk_aa3de45": []
  }
 ],
 "ptMountData": [],
 "ptPostprocessed": "0",
 "snoPrefabAttachment": null,
 "unk_d2b5e35": 1,
 "unk_2607092": 0,
 "unk_79da2a0": 4294967295,
 "unk_261d1df": []
}
