{
 "__fileName__": "base/meta/Actor/Global_Human_Stake_01_ClientEffect_Dyn.acr",
 "__snoID__": 848470,
 "__type__": "ActorDefinition",
 "__typeHash__": 3085005858,
 "eType": 3,
 "dwFlags": 14680072,
 "dwFlagsEx": 0,
 "snoAppearance": {
  "__raw__": 848468,
  "__group__": 9,
  "__type__": "DT_SNO",
  "__typeHash__": 2764331143,
  "__targetFileName__": "base/meta/Appearance/Global_Human_Stake_01_ClientEffect_Dyn.app",
  "groupName": "Appearance",
  "name": "Global_Human_Stake_01_ClientEffect_Dyn"
 },
 "arCustomizationAppearances": [],
 "arAnimSets": [
  {
   "__raw__": 848471,
   "__group__": 8,
   "__type__": "DT_SNO",
   "__typeHash__": 2764331143,
   "__targetFileName__": "base/meta/AnimSet/Global_Human_Stake_01_ClientEffect_Dyn.ans",
   "groupName": "AnimSet",
   "name": "Global_Human_Stake_01_ClientEffect_Dyn"
  }
 ],
 "snoAnimTree": null,
 "tAnimTreeOverride": {
  "__type__": "AnimTreeOverride",
  "__typeHash__": 3002505909,
  "ptNodeOverrides": []
 },
 "eVariantType": 0,
 "tDefaultLook": {
  "__type__": "LookLink",
  "__typeHash__": 2394153027,
  "dwLookHash": 0
 },
 "dwDefaultShaderMapOverride": 4294967295,
 "tScaleRange": {
  "rangeValue1": 1,
  "rangeValue2": 0
 },
 "wcylBounds": {
  "__type__": "AxialCylinder",
  "__typeHash__": 3017070665,
  "wpBase": {
   "x": 0.0019069015979766846,
   "y": -0.010842099785804749,
   "z": 0.1897221803665161
  },
  "wdHeight": 1.005020022392273,
  "wdRadius": 0.15908949077129364
 },
 "aabbBounds": {
  "__type__": "AABB",
  "__typeHash__": 2408934,
  "wp": {
   "x": 0.0019069015979766846,
   "y": -0.010842099785804749,
   "z": 0.6922321915626526
  },
  "wvExt": {
   "x": 0.1532164216041565,
   "y": 0.1397058516740799,
   "z": 0.5025100111961365
  }
 },
 "wsBounds": {
  "__type__": "Sphere",
  "__typeHash__": 3384912071,
  "wpCenter": {
   "x": 0.0019069015979766846,
   "y": -0.010842099785804749,
   "z": 0.6922321915626526
  },
  "wdRadius": 1.183480978012085
 },
 "aabbAppearanceBoundingBox": {
  "__type__": "AABB",
  "__typeHash__": 2408934,
  "wp": {
   "x": 0.0019069015979766846,
   "y": -0.010842099785804749,
   "z": 0.6922321915626526
  },
  "wvExt": {
   "x": 0.1532164216041565,
   "y": 0.1397058516740799,
   "z": 0.5025100111961365
  }
 },
 "wpLocationPowerSrc": {
  "x": 0,
  "y": 0,
  "z": 1
 },
 "ePickStyle": 0,
 "flAttachmentScaleFactor": 1,
 "eDefaultTeam": 0,
 "eCullingLevel": 0,
 "flFadeCorpseTimeUntilFade": 10,
 "flFadeCorpseTime": 2,
 "aAbsoluteOrientation": 0,
 "flHitFlashPower": 1,
 "flHitFlashMultiplier": 1,
 "flOverlayPower": 1,
 "eTopology": 1,
 "ptMsgTriggeredEvents": [],
 "ptPhysData": [
  {
   "__type__": "ActorPhysicsData",
   "__typeHash__": 1364074038,
   "snoPhysics": {
    "__raw__": 282280,
    "__group__": 28,
    "__type__": "DT_SNO",
    "__typeHash__": 2764331143,
    "__targetFileName__": "base/meta/Physics/RagdollBreakable_medium.phy",
    "groupName": "Physics",
    "name": "RagdollBreakable_medium"
   },
   "unk_49cf485": null,
   "eMaterial": 0,
   "flExplosionFactor": 1,
   "flWindFactor": 1,
   "flPartialRagdollResponsiveness": 0.5,
   "unk_fdc1015": 0
  }
 ],
 "ptCollData": [],
 "eActorGizmoType": -1,
 "unk_8fbba9b": 0,
 "ptGizmoData": [],
 "ptMonsterData": [],
 "ptCritterData": [],
 "ptPlayerData": [],
 "ptItemData": [],
 "ptCombatData": [],
 "ptDeathData": [],
 "ptEffectData": [],
 "ptProjData": [],
 "ptPropData": [],
 "ptMovingData": [],
 "ptBrainData": [],
 "ptServerData": [],
 "ptUIData": [],
 "ptAIData": [],
 "ptVOData": [],
 "ptNPCData": [
  {
   "__type__": "ActorNPCData",
   "__typeHash__": 3228758260,
   "unk_370e8c2": false,
   "unk_d1de32b": [],
   "snoNPCComponentSet": null,
   "unk_a9187cf": [],
   "unk_4c7112f": true,
   "unk_1c56441": 0
  }
 ],
 "ptSoundTableData": [
  {
   "__type__": "ActorSoundTableData",
   "__typeHash__": 2677649540,
   "szMonsterCategory": 3321043346,
   "unk_6190c70": false,
   "unk_fc3dcfc": 50,
   "snoRunSoundTable": null,
   "snoWalkSoundTable": null,
   "unk_e4e1d2": null,
   "snoLandSoundTable": null,
   "unk_8dbf009": null,
   "unk_7dfd883": null,
   "unk_e270225": null,
   "unk_87b2493": null,
   "unk_f1b3d91": null,
   "unk_608d70b": null,
   "unk_16fd1ad": null,
   "unk_6a4231b": null,
   "unk_10a92fc": null,
   "unk_5e2d9d6": null,
   "unk_c8a2dd8": null,
   "unk_67e25e6": null,
   "snoVoiceSoundTable": null,
   "arFoleyOverrides": []
  }
 ],
 "ptMountData": [],
 "ptPostprocessed": "0",
 "snoPrefabAttachment": null,
 "unk_d2b5e35": 1,
 "szPrefabLookOverride": 0,
 "dwPrefabShaderMapOverride": 4294967295,
 "arRTPCOverrides": []
}
