{
 "__fileName__": "base/meta/Actor/IGC_tyrantpipe_1110.acr",
 "__snoID__": 497536,
 "__type__": "ActorDefinition",
 "__typeHash__": 3085005858,
 "eType": 3,
 "dwFlags": 14680072,
 "dwFlagsEx": 0,
 "snoAppearance": {
  "__raw__": 478044,
  "__group__": 9,
  "__type__": "DT_SNO",
  "__typeHash__": 2764331143,
  "__targetFileName__": "base/meta/Appearance/IGC_tyrantpipe.app",
  "groupName": "Appearance",
  "name": "IGC_tyrantpipe"
 },
 "arCustomizationAppearances": [],
 "arAnimSets": [
  {
   "__raw__": 400104,
   "__group__": 8,
   "__type__": "DT_SNO",
   "__typeHash__": 2764331143,
   "__targetFileName__": "base/meta/AnimSet/IGC_nullset.ans",
   "groupName": "AnimSet",
   "name": "IGC_nullset"
  }
 ],
 "snoAnimTree": null,
 "tAnimTreeOverride": {
  "__type__": "AnimTreeOverride",
  "__typeHash__": 3002505909,
  "ptNodeOverrides": []
 },
 "eVariantType": 0,
 "tDefaultLook": {
  "__type__": "LookLink",
  "__typeHash__": 2394153027,
  "dwLookHash": 0
 },
 "unk_3d234d5": 4294967295,
 "tScaleRange": {
  "rangeValue1": 1,
  "rangeValue2": 0
 },
 "wcylBounds": {
  "__type__": "AxialCylinder",
  "__typeHash__": 3017070665,
  "wpBase": {
   "x": -0.22571513056755066,
   "y": -0.0006958059966564178,
   "z": -0.008601319044828415
  },
  "wdHeight": 0.20160511136054993,
  "wdRadius": 0.3217761218547821
 },
 "aabbBounds": {
  "__type__": "AABB",
  "__typeHash__": 2408934,
  "wp": {
   "x": -0.22571513056755066,
   "y": -0.0006958097219467163,
   "z": 0.09220123291015625
  },
  "wvExt": {
   "x": 0.32175809144973755,
   "y": 0.07510171830654144,
   "z": 0.10080255568027496
  }
 },
 "wsBounds": {
  "__type__": "Sphere",
  "__typeHash__": 3384912071,
  "wpCenter": {
   "x": -0.22571513056755066,
   "y": -0.0006958059966564178,
   "z": 0.09220123291015625
  },
  "wdRadius": 1.0003825426101685
 },
 "aabbAppearanceBoundingBox": {
  "__type__": "AABB",
  "__typeHash__": 2408934,
  "wp": {
   "x": -0.22571513056755066,
   "y": -0.0006958097219467163,
   "z": 0.09220123291015625
  },
  "wvExt": {
   "x": 0.32175809144973755,
   "y": 0.07510171830654144,
   "z": 0.10080255568027496
  }
 },
 "wpLocationPowerSrc": {
  "x": 0,
  "y": 0,
  "z": 1
 },
 "ePickStyle": 0,
 "flAttachmentScaleFactor": 1,
 "eDefaultTeam": 0,
 "eCullingLevel": 0,
 "flFadeCorpseTimeUntilFade": 10,
 "flFadeCorpseTime": 2,
 "aAbsoluteOrientation": 0,
 "flHitFlashPower": 1,
 "flHitFlashMultiplier": 1,
 "flOverlayPower": 1,
 "eTopology": 1,
 "ptMsgTriggeredEvents": [
  {
   "__type__": "MsgTriggeredEvent",
   "__typeHash__": 4134809062,
   "dwMsgKey": 1000,
   "ptTriggerEvent": [
    {
     "__type__": "TriggerEventAddObject",
     "__typeHash__": 568526390,
     "dwType": 568526390,
     "tConditions": {
      "__type__": "TriggerConditions",
      "__typeHash__": 888408526,
      "flChance": 1,
      "bMute": false,
      "bMuteExternal": false,
      "tDelay": 0,
      "tImpactVelocityRange": {
       "rangeValue1": 0,
       "rangeValue2": 0
      },
      "tImpactWeightRange": {
       "rangeValue1": 0,
       "rangeValue2": 0
      },
      "eMaterial": 0,
      "dwConditionFlags": 14,
      "ePlayerCountCondition": 0,
      "unk_b51df67": 0,
      "dwPad": 0
     },
     "fGenerated": false,
     "unk_6cba752": false,
     "unk_e560b0b": 4294967295,
     "tDuration": 0,
     "dwTriggerFlags": 0,
     "dwTriggerFlagsEx": 0,
     "tCleanup": {
      "__type__": "TriggerCleanup",
      "__typeHash__": 2029186460,
      "unk_80dc73": 1,
      "unk_f216739": 0,
      "unk_8047af2": 0,
      "unk_4690732": 0,
      "unk_2041ce1": 1,
      "unk_c5ce3af": 4
     },
     "unk_49e9257": -1,
     "unk_5490979": -1,
     "dwPad": 0,
     "unk_85269a4": true,
     "dwActorID": 0,
     "snoname": {
      "__raw__": 480864,
      "__group__": 27,
      "__type__": "DT_SNO_NAME",
      "__typeHash__": 3339108615,
      "__targetFileName__": "base/meta/Particle/IGC_dst_pipeSmoke.prt",
      "groupName": "Particle",
      "name": "IGC_dst_pipeSmoke"
     },
     "dwID": 0,
     "tHardpointLinks": [
      {
       "__type__": "HardpointLink",
       "__typeHash__": 3639617719,
       "tInfo": {
        "__type__": "HardpointInfo",
        "__typeHash__": 3639515093,
        "dwHash": 0,
        "dwHashFlag": 0
       }
      },
      {
       "__type__": "HardpointLink",
       "__typeHash__": 3639617719,
       "tInfo": {
        "__type__": "HardpointInfo",
        "__typeHash__": 3639515093,
        "dwHash": 0,
        "dwHashFlag": 0
       }
      }
     ],
     "unk_e7c25e0": 0,
     "snoPowerEffectParam": null,
     "unk_beaacd1": 0,
     "unk_af58166": 0,
     "unk_3ed00d7": 0,
     "dwSeed": 1,
     "fBillboard": false,
     "eAddType": 0,
     "unk_fbdc534": false,
     "fKeepOriginal": false,
     "fEnableMovement": false,
     "unk_773852b": false,
     "unk_62ab747": true,
     "snoSubtitles": null,
     "snoClosedCaptions": null,
     "unk_1426000": 0,
     "unk_cb43646": false,
     "fRandomLook": false,
     "tLookLink": {
      "__type__": "LookLink",
      "__typeHash__": 2394153027,
      "dwLookHash": 0
     },
     "fOverrideActorVariant": false,
     "unk_6b8bffc": 0,
     "snoAnimSetOverride": null,
     "snoPlayerAnimSetOverrides": [],
     "dwSegmentsStep": 0,
     "dwShaderMapOverride": 4294967295,
     "nLocalPlayerIndex": 0,
     "flScale": 1,
     "unk_b0f4eeb": 0,
     "vecScalar": {
      "x": 1,
      "y": 1
     },
     "transform": {
      "__type__": "PRTransform",
      "__typeHash__": 2588169118,
      "q": {
       "__type__": "bcQuat",
       "__typeHash__": 3955716320,
       "x": 0,
       "y": 0,
       "z": 0,
       "w": 1
      },
      "wp": {
       "x": 0,
       "y": 0,
       "z": 0
      }
     },
     "tEffectGroupHardpointLink": {
      "__type__": "HardpointLink",
      "__typeHash__": 3639617719,
      "tInfo": {
       "__type__": "HardpointInfo",
       "__typeHash__": 3639515093,
       "dwHash": 0,
       "dwHashFlag": 0
      }
     },
     "unk_c7fa18a": {
      "rangeValue1": 0,
      "rangeValue2": 0
     },
     "idRActorAttachment": 0,
     "nPermIndex": 0,
     "snoCopyFromMarkerSet": null,
     "unk_33e4eec": 0,
     "nMaxAttachments": 0,
     "unk_a45e6bd": 5,
     "unk_36bc3de": 5,
     "nPriority": 100,
     "tNPCComponentInstanceData": {
      "__type__": "NPCComponentInstanceData",
      "__typeHash__": 4148177091,
      "tNPCColorSet": {
       "__type__": "NPCColorSet",
       "__typeHash__": 2615077772,
       "arEquipmentDyes": [
        null,
        null,
        null,
        null
       ],
       "nHairColor": 0,
       "nSkinColor": 0
      },
      "ptComponents": [
       {
        "__type__": "ValidComponent",
        "__typeHash__": 2842269379,
        "tComponent": 0
       },
       {
        "__type__": "ValidComponent",
        "__typeHash__": 2842269379,
        "tComponent": 0
       },
       {
        "__type__": "ValidComponent",
        "__typeHash__": 2842269379,
        "tComponent": 0
       },
       {
        "__type__": "ValidComponent",
        "__typeHash__": 2842269379,
        "tComponent": 0
       }
      ]
     },
     "ptLightInstanceData": []
    }
   ],
   "tCooldown": 0
  },
  {
   "__type__": "MsgTriggeredEvent",
   "__typeHash__": 4134809062,
   "dwMsgKey": 1000,
   "ptTriggerEvent": [
    {
     "__type__": "TriggerEventAddObject",
     "__typeHash__": 568526390,
     "dwType": 568526390,
     "tConditions": {
      "__type__": "TriggerConditions",
      "__typeHash__": 888408526,
      "flChance": 0,
      "bMute": false,
      "bMuteExternal": false,
      "tDelay": 0,
      "tImpactVelocityRange": {
       "rangeValue1": 0,
       "rangeValue2": 0
      },
      "tImpactWeightRange": {
       "rangeValue1": 0,
       "rangeValue2": 0
      },
      "eMaterial": 0,
      "dwConditionFlags": 1038,
      "ePlayerCountCondition": 0,
      "unk_b51df67": 0,
      "dwPad": 0
     },
     "fGenerated": false,
     "unk_6cba752": false,
     "unk_e560b0b": 4294967295,
     "tDuration": 0,