{
 "__fileName__": "base/meta/Actor/IGC_EPL1080_brazfire_002.acr",
 "__snoID__": 1327568,
 "__type__": "ActorDefinition",
 "__typeHash__": 3085005858,
 "eType": 3,
 "dwFlags": 14680072,
 "dwFlagsEx": 0,
 "snoAppearance": {
  "__raw__": 1327564,
  "__group__": 9,
  "__type__": "DT_SNO",
  "__typeHash__": 2764331143,
  "__targetFileName__": "base/meta/Appearance/IGC_EPL1080_brazfire_002.app",
  "groupName": "Appearance",
  "name": "IGC_EPL1080_brazfire_002"
 },
 "arCustomizationAppearances": [],
 "arAppearanceSets": [],
 "arAnimSets": [
  {
   "__raw__": 1327570,
   "__group__": 8,
   "__type__": "DT_SNO",
   "__typeHash__": 2764331143,
   "__targetFileName__": "base/meta/AnimSet/IGC_EPL1080_brazfire_002.ans",
   "groupName": "AnimSet",
   "name": "IGC_EPL1080_brazfire_002"
  }
 ],
 "arStoreAnimSets": [],
 "snoAnimTree": null,
 "arActorAppearanceAddOnEntries": [],
 "tAnimTreeOverride": {
  "__type__": "AnimTreeOverride",
  "__typeHash__": 3002505909,
  "ptNodeOverrides": []
 },
 "arSortedEventIndices": [],
 "eVariantType": 0,
 "tDefaultLook": {
  "__type__": "LookLink",
  "__typeHash__": 2394153027,
  "dwLookHash": 0
 },
 "dwDefaultShaderMapOverride": 4294967295,
 "tScaleRange": {
  "rangeValue1": 1,
  "rangeValue2": 0
 },
 "tScaleLimit": {
  "rangeValue1": 0.8500000238418579,
  "rangeValue2": 0.30000001192092896
 },
 "wcylBounds": {
  "__type__": "AxialCylinder",
  "__typeHash__": 3017070665,
  "wpBase": {
   "x": 0.38455629348754883,
   "y": -1.215296983718872,
   "z": 0.9471006989479065
  },
  "wdHeight": 0.3487173914909363,
  "wdRadius": 0.32372239232063293
 },
 "aabbBounds": {
  "__type__": "AABB",
  "__typeHash__": 2408934,
  "wp": {
   "x": 0.38455629348754883,
   "y": -1.215296983718872,
   "z": 1.1214593648910522
  },
  "wvExt": {
   "x": 0.32317662239074707,
   "y": 0.07242155075073242,
   "z": 0.17435872554779053
  }
 },
 "wsBounds": {
  "__type__": "Sphere",
  "__typeHash__": 3384912071,
  "wpCenter": {
   "x": 0.38455629348754883,
   "y": -1.215296983718872,
   "z": 1.1214593648910522
  },
  "wdRadius": 1.037691593170166
 },
 "aabbAppearanceBoundingBox": {
  "__type__": "AABB",
  "__typeHash__": 2408934,
  "wp": {
   "x": 0.38455629348754883,
   "y": -1.215296983718872,
   "z": 1.1214593648910522
  },
  "wvExt": {
   "x": 0.32317662239074707,
   "y": 0.07242155075073242,
   "z": 0.17435872554779053
  }
 },
 "wpLocationPowerSrc": {
  "x": 0,
  "y": 0,
  "z": 1
 },
 "ePickStyle": 0,
 "flAttachmentScaleFactor": 1,
 "unk_712a997": 15,
 "eDefaultTeam": 0,
 "eCullingLevel": 0,
 "flFadeCorpseTimeUntilFade": 10,
 "flFadeCorpseTime": 2,
 "aAbsoluteOrientation": 0,
 "flHitFlashPower": 2,
 "flHitFlashMultiplier": 0.5,
 "flOverlayPower": 1,
 "eTopology": 1,
 "ptMsgTriggeredEvents": [],
 "ptPhysData": [
  {
   "__type__": "ActorPhysicsData",
   "__typeHash__": 1364074038,
   "snoPhysics": null,
   "snoPartialRagdollPhysics": null,
   "eMaterial": 0,
   "flExplosionFactor": 1,
   "flWindFactor": 1,
   "flPartialRagdollResponsiveness": 0.5,
   "dwExplosionChannel": 0
  }
 ],
 "ptCollData": [],
 "eActorGizmoType": -1,
 "unk_8fbba9b": 0,
 "ptGizmoData": [],
 "ptMonsterData": [],
 "ptCritterData": [],
 "ptPlayerData": [],
 "ptItemData": [],
 "ptCombatData": [],
 "ptDeathData": [],
 "ptEffectData": [],
 "ptProjData": [],
 "ptPropData": [],
 "ptMovingData": [],
 "ptBrainData": [],
 "ptServerData": [],
 "ptUIData": [],
 "ptAIData": [],
 "ptVOData": [
  {
   "__type__": "ActorVOData",
   "__typeHash__": 3142967512,
   "fVOPlaysOnPlayer": false,
   "snoSpeaker": null,
   "snoConversationList": null,
   "unk_94efee3": null
  }
 ],
 "ptNPCData": [
  {
   "__type__": "ActorNPCData",
   "__typeHash__": 3228758260,
   "unk_370e8c2": false,
   "tGeneratedLooks": [],
   "snoNPCComponentSet": null,
   "ptLoadOuts": [],
   "bOverrideObjectNpcLook": true,
   "eSheathPreference": 0
  }
 ],
 "ptSoundTableData": [
  {
   "__type__": "ActorSoundTableData",
   "__typeHash__": 2677649540,
   "szMonsterCategory": 3321043346,
   "bOverrideImportanceScore": false,
   "nImportanceScoreOverride": 50,
   "snoRunSoundTable": null,
   "snoWalkSoundTable": null,
   "snoSlideSoundTable": null,
   "snoLandSoundTable": null,
   "snoNPCBarefootRunSoundTable": null,
   "snoNPCBarefootWalkSoundTable": null,
   "snoNPCBarefootSlideSoundTable": null,
   "snoNPCBarefootLandSoundTable": null,
   "snoNPCClothRunSoundTable": null,
   "snoNPCClothWalkSoundTable": null,
   "snoNPCClothSlideSoundTable": null,
   "snoNPCClothLandSoundTable": null,
   "snoNPCLeatherRunSoundTable": null,
   "snoNPCLeatherWalkSoundTable": null,
   "snoNPCLeatherSlideSoundTable": null,
   "snoNPCLeatherLandSoundTable": null,
   "snoVoiceSoundTable": null,
   "arFoleyOverrides": []
  }
 ],
 "ptMountData": [],
 "ptPostprocessed": "0",
 "snoPrefabAttachment": null,
 "unk_d2b5e35": 1,
 "szPrefabLookOverride": 0,
 "dwPrefabShaderMapOverride": 4294967295,
 "arRTPCOverrides": []
}
