{
 "__fileName__": "data/base/meta/Actor/IGC_soulstoneeoh.acr",
 "__snoID__": 1212376,
 "__type__": "ActorDefinition",
 "__typeHash__": 3085005858,
 "eType": 3,
 "dwFlags": 14745608,
 "dwFlagsEx": 0,
 "snoAppearance": {
  "value": 1212375,
  "group": 9,
  "groupName": "Appearance"
 },
 "arCustomizationAppearances": [],
 "arAnimSets": [
  {
   "value": 400104,
   "group": 8,
   "groupName": "AnimSet"
  }
 ],
 "snoAnimTree": {
  "value": -1,
  "group": 67,
  "groupName": "AnimTree"
 },
 "tAnimTreeOverride": {
  "__type__": "AnimTreeOverride",
  "__typeHash__": 3002505909,
  "unk_ae5d61d": []
 },
 "eVariantType": 0,
 "unk_441fd2e": {
  "__type__": "LookLink",
  "__typeHash__": 2394153027,
  "dwLookHash": 0
 },
 "unk_3d234d5": 4294967295,
 "unk_9ae2069": {
  "value": 0,
  "end_value": 1
 },
 "wcylBounds": {
  "__type__": "AxialCylinder",
  "__typeHash__": 3017070665,
  "wpBase": {
   "x": 0.0009767059236764908,
   "y": 0.002806267701089382,
   "z": -0.18140751123428345
  },
  "wdHeight": 0.3598965108394623,
  "wdRadius": 0.042290251702070236
 },
 "aabbBounds": {
  "__type__": "AABB",
  "__typeHash__": 2408934,
  "wp": {
   "x": 0.0009767040610313416,
   "y": 0.002806268632411957,
   "z": -0.0014592558145523071
  },
  "wvExt": {
   "x": 0.038266539573669434,
   "y": 0.029176801443099976,
   "z": 0.17994825541973114
  }
 },
 "wsBounds": {
  "__type__": "Sphere",
  "__typeHash__": 3384912071,
  "wpCenter": {
   "x": 0.0009767059236764908,
   "y": 0.002806267701089382,
   "z": -0.0014592558145523071
  },
  "wdRadius": 0.8499550819396973
 },
 "unk_5daa275": {
  "__type__": "AABB",
  "__typeHash__": 2408934,
  "wp": {
   "x": 0.0009767040610313416,
   "y": 0.002806268632411957,
   "z": -0.0014592558145523071
  },
  "wvExt": {
   "x": 0.038266539573669434,
   "y": 0.029176801443099976,
   "z": 0.17994825541973114
  }
 },
 "wpLocationPowerSrc": {
  "x": 0,
  "y": 0,
  "z": 1
 },
 "ePickStyle": 0,
 "flAttachmentScaleFactor": 1,
 "eDefaultTeam": 0,
 "eCullingLevel": 0,
 "unk_c794c59": 10,
 "unk_99ee15d": 2,
 "aAbsoluteOrientation": 0,
 "unk_3598432": 1,
 "unk_e579f8c": 1,
 "unk_9d78021": 1,
 "eTopology": 1,
 "ptMsgTriggeredEvents": [],
 "ptPhysData": [
  {
   "__type__": "ActorPhysicsData",
   "__typeHash__": 1364074038,
   "snoPhysics": {
    "value": -1,
    "group": 28,
    "groupName": "Physics"
   },
   "unk_49cf485": {
    "value": -1,
    "group": 28,
    "groupName": "Physics"
   },
   "eMaterial": 0,
   "flExplosionFactor": 1,
   "flWindFactor": 1,
   "flPartialRagdollResponsiveness": 0.5,
   "unk_fdc1015": 0
  }
 ],
 "ptCollData": [],
 "unk_17acd26": -1,
 "unk_8fbba9b": 0,
 "ptGizmoData": [],
 "ptMonsterData": [],
 "ptCritterData": [],
 "ptPlayerData": [],
 "ptItemData": [],
 "ptCombatData": [],
 "ptDeathData": [],
 "ptEffectData": [],
 "ptProjData": [],
 "ptPropData": [],
 "ptMovingData": [],
 "ptBrainData": [],
 "ptServerData": [],
 "ptUIData": [],
 "ptAIData": [],
 "ptVOData": [
  {
   "__type__": "ActorVOData",
   "__typeHash__": 3142967512,
   "fVOPlaysOnPlayer": 0,
   "snoSpeaker": {
    "value": -1,
    "group": 72,
    "groupName": "Speaker"
   },
   "snoConversationList": {
    "value": -1,
    "group": 13,
    "groupName": "ConverationList"
   },
   "unk_94efee3": {
    "value": -1,
    "group": -1,
    "groupName": "None"
   }
  }
 ],
 "ptNPCData": [
  {
   "__type__": "ActorNPCData",
   "__typeHash__": 3228758260,
   "unk_370e8c2": 0,
   "unk_d1de32b": [],
   "snoNPCComponentSet": {
    "value": -1,
    "group": 2,
    "groupName": "NpcComponentSet"
   },
   "unk_a9187cf": [],
   "unk_4c7112f": 1,
   "unk_1c56441": 0
  }
 ],
 "ptSoundTableData": [
  {
   "__type__": "ActorSoundTableData",
   "__typeHash__": 2677649540,
   "szMonsterCategory": 3321043346,
   "unk_6190c70": 0,
   "unk_fc3dcfc": 50,
   "unk_d540076": {
    "value": -1,
    "group": 79,
    "groupName": "SoundTable"
   },
   "unk_b59f690": {
    "value": -1,
    "group": 79,
    "groupName": "SoundTable"
   },
   "unk_e4e1d2": {
    "value": -1,
    "group": 79,
    "groupName": "SoundTable"
   },
   "unk_bf542a0": {
    "value": -1,
    "group": 79,
    "groupName": "SoundTable"
   },
   "unk_8dbf009": {
    "value": -1,
    "group": 79,
    "groupName": "SoundTable"
   },
   "unk_7dfd883": {
    "value": -1,
    "group": 79,
    "groupName": "SoundTable"
   },
   "unk_e270225": {
    "value": -1,
    "group": 79,
    "groupName": "SoundTable"
   },
   "unk_87b2493": {
    "value": -1,
    "group": 79,
    "groupName": "SoundTable"
   },
   "unk_f1b3d91": {
    "value": -1,
    "group": 79,
    "groupName": "SoundTable"
   },
   "unk_608d70b": {
    "value": -1,
    "group": 79,
    "groupName": "SoundTable"
   },
   "unk_16fd1ad": {
    "value": -1,
    "group": 79,
    "groupName": "SoundTable"
   },
   "unk_6a4231b": {
    "value": -1,
    "group": 79,
    "groupName": "SoundTable"
   },
   "unk_10a92fc": {
    "value": -1,
    "group": 79,
    "groupName": "SoundTable"
   },
   "unk_5e2d9d6": {
    "value": -1,
    "group": 79,
    "groupName": "SoundTable"
   },
   "unk_c8a2dd8": {
    "value": -1,
    "group": 79,
    "groupName": "SoundTable"
   },
   "unk_67e25e6": {
    "value": -1,
    "group": 79,
    "groupName": "SoundTable"
   },
   "unk_b887a97": {
    "value": -1,
    "group": 79,
    "groupName": "SoundTable"
   },
   "unk_aa3de45": []
  }
 ],
 "ptMountData": [],
 "ptPostprocessed": "0",
 "snoPrefabAttachment": {
  "value": -1,
  "group": 24,
  "groupName": "MarkerSet"
 },
 "unk_d2b5e35": 1,
 "unk_2607092": 0,
 "unk_79da2a0": 4294967295,
 "unk_261d1df": []
}
