{
 "__fileName__": "base/meta/Actor/IGC_dst_1220_BloodSplash.acr",
 "__snoID__": 486918,
 "__type__": "ActorDefinition",
 "__typeHash__": 3085005858,
 "eType": 3,
 "dwFlags": 14680072,
 "dwFlagsEx": 0,
 "snoAppearance": {
  "__raw__": 486919,
  "__group__": 9,
  "__type__": "DT_SNO",
  "__typeHash__": 2764331143,
  "__targetFileName__": "base/meta/Appearance/IGC_dst_1220_BloodSplash.app",
  "groupName": "Appearance",
  "name": "IGC_dst_1220_BloodSplash"
 },
 "arCustomizationAppearances": [],
 "arAppearanceSets": [],
 "arAnimSets": [],
 "arStoreAnimSets": [],
 "snoAnimTree": null,
 "arActorAppearanceAddOnEntries": [],
 "tAnimTreeOverride": {
  "__type__": "AnimTreeOverride",
  "__typeHash__": 3002505909,
  "ptNodeOverrides": []
 },
 "arSortedEventIndices": [],
 "eVariantType": 0,
 "tDefaultLook": {
  "__type__": "LookLink",
  "__typeHash__": 2394153027,
  "dwLookHash": 0
 },
 "dwDefaultShaderMapOverride": 4294967295,
 "tScaleRange": {
  "rangeValue1": 1,
  "rangeValue2": 0
 },
 "tScaleLimit": {
  "rangeValue1": 0.8500000238418579,
  "rangeValue2": 0.30000001192092896
 },
 "wcylBounds": {
  "__type__": "AxialCylinder",
  "__typeHash__": 3017070665,
  "wpBase": {
   "x": -1.172745704650879,
   "y": -0.252885103225708,
   "z": -3.4107306003570557
  },
  "wdHeight": 6.241482734680176,
  "wdRadius": 3.695298910140991
 },
 "aabbBounds": {
  "__type__": "AABB",
  "__typeHash__": 2408934,
  "wp": {
   "x": -1.172745704650879,
   "y": -0.252885103225708,
   "z": -0.2899893522262573
  },
  "wvExt": {
   "x": 2.942890167236328,
   "y": 2.625195264816284,
   "z": 3.120741367340088
  }
 },
 "wsBounds": {
  "__type__": "Sphere",
  "__typeHash__": 3384912071,
  "wpCenter": {
   "x": -1.172745704650879,
   "y": -0.252885103225708,
   "z": -0.2899893522262573
  },
  "wdRadius": 5.348816871643066
 },
 "aabbAppearanceBoundingBox": {
  "__type__": "AABB",
  "__typeHash__": 2408934,
  "wp": {
   "x": -1.172745704650879,
   "y": -0.252885103225708,
   "z": -0.2899893522262573
  },
  "wvExt": {
   "x": 2.942890167236328,
   "y": 2.625195264816284,
   "z": 3.120741367340088
  }
 },
 "wpLocationPowerSrc": {
  "x": 0,
  "y": 0,
  "z": 1
 },
 "ePickStyle": 0,
 "flAttachmentScaleFactor": 1,
 "unk_712a997": 15,
 "eDefaultTeam": 0,
 "eCullingLevel": 0,
 "flFadeCorpseTimeUntilFade": 10,
 "flFadeCorpseTime": 2,
 "aAbsoluteOrientation": 0,
 "flHitFlashPower": 1,
 "flHitFlashMultiplier": 1,
 "flOverlayPower": 1,
 "eTopology": 1,
 "ptMsgTriggeredEvents": [],
 "ptPhysData": [
  {
   "__type__": "ActorPhysicsData",
   "__typeHash__": 1364074038,
   "snoPhysics": null,
   "snoPartialRagdollPhysics": null,
   "eMaterial": 0,
   "flExplosionFactor": 1,
   "flWindFactor": 1,
   "flPartialRagdollResponsiveness": 0.5,
   "dwExplosionChannel": 0
  }
 ],
 "ptCollData": [],
 "eActorGizmoType": -1,
 "unk_8fbba9b": 0,
 "ptGizmoData": [],
 "ptMonsterData": [],
 "ptCritterData": [],
 "ptPlayerData": [],
 "ptItemData": [],
 "ptCombatData": [],
 "ptDeathData": [],
 "ptEffectData": [],
 "ptProjData": [],
 "ptPropData": [],
 "ptMovingData": [],
 "ptBrainData": [],
 "ptServerData": [],
 "ptUIData": [],
 "ptAIData": [],
 "ptVOData": [],
 "ptNPCData": [
  {
   "__type__": "ActorNPCData",
   "__typeHash__": 3228758260,
   "unk_370e8c2": false,
   "tGeneratedLooks": [],
   "snoNPCComponentSet": null,
   "ptLoadOuts": [],
   "bOverrideObjectNpcLook": true,
   "eSheathPreference": 0
  }
 ],
 "ptSoundTableData": [],
 "ptMountData": [],
 "ptPostprocessed": "0",
 "snoPrefabAttachment": null,
 "unk_d2b5e35": 1,
 "szPrefabLookOverride": 0,
 "dwPrefabShaderMapOverride": 4294967295,
 "arRTPCOverrides": []
}
