{
 "__fileName__": "base/meta/Actor/knight_brute_maceAttach.acr",
 "__snoID__": 513109,
 "__type__": "ActorDefinition",
 "__typeHash__": 3085005858,
 "eType": 3,
 "dwFlags": 14680072,
 "dwFlagsEx": 0,
 "snoAppearance": {
  "__raw__": 513110,
  "__group__": 9,
  "__type__": "DT_SNO",
  "__typeHash__": 2764331143,
  "__targetFileName__": "base/meta/Appearance/knight_brute_mace.app",
  "groupName": "Appearance",
  "name": "knight_brute_mace"
 },
 "arCustomizationAppearances": [],
 "arAnimSets": [],
 "unk_ccef364": [],
 "snoAnimTree": null,
 "tAnimTreeOverride": {
  "__type__": "AnimTreeOverride",
  "__typeHash__": 3002505909,
  "ptNodeOverrides": []
 },
 "eVariantType": 0,
 "tDefaultLook": {
  "__type__": "LookLink",
  "__typeHash__": 2394153027,
  "dwLookHash": 0
 },
 "dwDefaultShaderMapOverride": 4294967295,
 "tScaleRange": {
  "rangeValue1": 1,
  "rangeValue2": 0
 },
 "unk_945ec7b": {
  "rangeValue1": 0.8500000238418579,
  "rangeValue2": 0.30000001192092896
 },
 "wcylBounds": {
  "__type__": "AxialCylinder",
  "__typeHash__": 3017070665,
  "wpBase": {
   "x": -0.4161417484283447,
   "y": -0.0016873329877853394,
   "z": -0.36147409677505493
  },
  "wdHeight": 0.7191246747970581,
  "wdRadius": 1.4385249614715576
 },
 "aabbBounds": {
  "__type__": "AABB",
  "__typeHash__": 2408934,
  "wp": {
   "x": -0.4161417484283447,
   "y": -0.0016873478889465332,
   "z": -0.001911759376525879
  },
  "wvExt": {
   "x": 1.4385212659835815,
   "y": 0.3570525646209717,
   "z": 0.35956233739852905
  }
 },
 "wsBounds": {
  "__type__": "Sphere",
  "__typeHash__": 3384912071,
  "wpCenter": {
   "x": -0.4161417484283447,
   "y": -0.0016873329877853394,
   "z": -0.0019117742776870728
  },
  "wdRadius": 2.108525037765503
 },
 "aabbAppearanceBoundingBox": {
  "__type__": "AABB",
  "__typeHash__": 2408934,
  "wp": {
   "x": -0.4161417484283447,
   "y": -0.0016873478889465332,
   "z": -0.001911759376525879
  },
  "wvExt": {
   "x": 1.4385212659835815,
   "y": 0.3570525646209717,
   "z": 0.35956233739852905
  }
 },
 "wpLocationPowerSrc": {
  "x": 0,
  "y": 0,
  "z": 1
 },
 "ePickStyle": 0,
 "flAttachmentScaleFactor": 1,
 "eDefaultTeam": 0,
 "eCullingLevel": 0,
 "flFadeCorpseTimeUntilFade": 10,
 "flFadeCorpseTime": 2,
 "aAbsoluteOrientation": 0,
 "flHitFlashPower": 1,
 "flHitFlashMultiplier": 1,
 "flOverlayPower": 1,
 "eTopology": 1,
 "ptMsgTriggeredEvents": [
  {
   "__type__": "MsgTriggeredEvent",
   "__typeHash__": 4134809062,
   "dwMsgKey": 1000,
   "ptTriggerEvent": [
    {
     "__type__": "TriggerEventAddTrail",
     "__typeHash__": 1195077723,
     "dwType": 1195077723,
     "tConditions": {
      "__type__": "TriggerConditions",
      "__typeHash__": 888408526,
      "flChance": 0,
      "bMute": false,
      "bMuteExternal": false,
      "tDelay": 0,
      "tImpactVelocityRange": {
       "rangeValue1": 0,
       "rangeValue2": 0
      },
      "tImpactWeightRange": {
       "rangeValue1": 0,
       "rangeValue2": 0
      },
      "eMaterial": 0,
      "dwConditionFlags": 1038,
      "ePlayerCountCondition": 0,
      "unk_b51df67": 0,
      "dwPad": 0
     },
     "fGenerated": false,
     "unk_6cba752": false,
     "dwParentActorID": 4294967295,
     "tDuration": 0,
     "dwTriggerFlags": 0,
     "dwTriggerFlagsEx": 0,
     "tCleanup": {
      "__type__": "TriggerCleanup",
      "__typeHash__": 2029186460,
      "unk_80dc73": 1,
      "unk_f216739": 1,
      "unk_8047af2": 1,
      "unk_4690732": 1,
      "unk_2041ce1": 1,
      "unk_c5ce3af": 2
     },
     "unk_49e9257": -1,
     "unk_5490979": -1,
     "dwPad": 0,
     "dwID": 0,
     "snoTrail": {
      "__raw__": 568512,
      "__group__": 45,
      "__type__": "DT_SNO",
      "__typeHash__": 2764331143,
      "__targetFileName__": "base/meta/Trail/knightBrute_smoke_trail.trl",
      "groupName": "Trail",
      "name": "knightBrute_smoke_trail"
     },
     "vecScalar": {
      "x": 1,
      "y": 1
     },
     "trailBase": {
      "__type__": "HardpointLink",
      "__typeHash__": 3639617719,
      "tInfo": {
       "__type__": "HardpointInfo",
       "__typeHash__": 3639515093,
       "dwHash": 1909880016,
       "dwHashFlag": 0
      }
     },
     "snoPowerEffectParam": null,
     "unk_526c582": []
    }
   ],
   "tCooldown": 0
  },
  {
   "__type__": "MsgTriggeredEvent",
   "__typeHash__": 4134809062,
   "dwMsgKey": 1,
   "ptTriggerEvent": [
    {
     "__type__": "TriggerEventDeleteObject",
     "__typeHash__": 570318784,
     "dwType": 570318784,
     "dwPad": 0,
     "tConditions": {
      "__type__": "TriggerConditions",
      "__typeHash__": 888408526,
      "flChance": 0,
      "bMute": false,
      "bMuteExternal": false,
      "tDelay": 0,
      "tImpactVelocityRange": {
       "rangeValue1": 0,
       "rangeValue2": 0
      },
      "tImpactWeightRange": {
       "rangeValue1": 0,
       "rangeValue2": 0
      },
      "eMaterial": 0,
      "dwConditionFlags": 1038,
      "ePlayerCountCondition": 0,
      "unk_b51df67": 0,
      "dwPad": 0
     },
     "fGenerated": false,
     "unk_6cba752": false,
     "dwParentActorID": 4294967295,
     "unk_2b94198": true,
     "dwActorID": 0,
     "dwID": 0
    }
   ],
   "tCooldown": 0
  },
  {
   "__type__": "MsgTriggeredEvent",
   "__typeHash__": 4134809062,
   "dwMsgKey": 2510,
   "ptTriggerEvent": [
    {
     "__type__": "TriggerEventAddEffectGroup",
     "__typeHash__": 1384905369,
     "dwType": 1384905369,
     "dwPad": 0,
     "tConditions": {
      "__type__": "TriggerConditions",
      "__typeHash__": 888408526,
      "flChance": 1,
      "bMute": false,
      "bMuteExternal": false,
      "tDelay": 0,
      "tImpactVelocityRange": {
       "rangeValue1": 0,
       "rangeValue2": 0
      },
      "tImpactWeightRange": {
       "rangeValue1": 0,
       "rangeValue2": 0
      },
      "eMaterial": 0,
      "dwConditionFlags": 1038,
      "ePlayerCountCondition": 0,
      "unk_b51df67": 0,
      "dwPad": 0
     },
     "fGenerated": false,
     "unk_6cba752": false,
     "dwParentActorID": 4294967295,
     "unk_85269a4": true,
     "unk_b9368ac": false,
     "unk_f50537b": false,
     "unk_6fd6f47": false,
     "unk_f22bb26": false,
     "unk_4102322": false,
     "unk_9a2c9a0": false,
     "unk_ab8c139": false,
     "fOverrideHardpoint": false,
     "unk_edec5ed": false,
     "unk_e312e34": 0,
     "dwActorID": 0,
     "dwID": 0,
     "snoEffectGroup": {
      "__raw__": 1266106,
      "__group__": 14,
      "__type__": "DT_SNO",
      "__typeHash__": 2764331143,
      "__targetFileName__": "base/meta/EffectGroup/knight_brute_barrier_cast_weapon.efg",
      "groupName": "EffectGroup",
      "name": "knight_brute_barrier_cast_weapon"
     },
     "tHardpointLinks": [
      {
       "__type__": "HardpointLink",
       "__typeHash__": 3639617719,
       "tInfo": {
        "__type__": "HardpointInfo",
        "__typeHash__": 3639515093,
        "dwHash": 0,
        "dwHashFlag": 0
       }
      },
      {
       "__type__": "HardpointLink",
       "__typeHash__": 3639617719,
       "tInfo": {
        "__type__": "HardpointInfo",
        "__typeHash__": 3639515093,
        "dwHash": 0,
        "dwHashFlag": 0
       }
      }
     ],
     "dwTriggerFlags": 0,
     "dwTriggerFlagsEx": 0,
     "szSpawnLocatorName": 0,
     "transform": {
      "__type__": "PRTransform",
      "__typeHash__": 2588169118,
      "q": {
       "__type__": "bcQuat",
       "__typeHash__": 3955716320,
       "x": 0,
       "y": 0,
       "z": 0,
       "w": 1
      },
      "wp": {
       "x": 0,
       "y": 0,
       "z": 0
      }
     },
     "tEffectGroupHardpointLink": {
      "__type__": "HardpointLink",
      "__typeHash__": 3639617719,
      "tInfo": {
       "__type__": "HardpointInfo",
       "__typeHash__": 3639515093,
       "dwHash": 0,
       "dwHashFlag": 0
      }
     },
     "snoPowerEffectParam": null,
     "vecScale": {
      "x": 1,
      "y": 1,
      "z": 1
     },
     "vecScalar": {
      "x": 1,
      "y": 1
     },
     "flPowerEffectSizeOverride": 0,