{
 "__fileName__": "base/meta/Actor/MonsterAffix_FireOrbs_active.acr",
 "__snoID__": 817286,
 "__type__": "ActorDefinition",
 "__typeHash__": 3085005858,
 "eType": 3,
 "dwFlags": 14680072,
 "dwFlagsEx": 0,
 "snoAppearance": {
  "__raw__": 817285,
  "__group__": 9,
  "__type__": "DT_SNO",
  "__typeHash__": 2764331143,
  "__targetFileName__": "base/meta/Appearance/MonsterAffix_FireOrbs_active.app",
  "groupName": "Appearance",
  "name": "MonsterAffix_FireOrbs_active"
 },
 "arCustomizationAppearances": [],
 "arAnimSets": [],
 "arStoreAnimSets": [],
 "snoAnimTree": null,
 "tAnimTreeOverride": {
  "__type__": "AnimTreeOverride",
  "__typeHash__": 3002505909,
  "ptNodeOverrides": []
 },
 "eVariantType": 0,
 "tDefaultLook": {
  "__type__": "LookLink",
  "__typeHash__": 2394153027,
  "dwLookHash": 0
 },
 "dwDefaultShaderMapOverride": 4294967295,
 "tScaleRange": {
  "rangeValue1": 1,
  "rangeValue2": 0
 },
 "unk_945ec7b": {
  "rangeValue1": 0.8500000238418579,
  "rangeValue2": 0.30000001192092896
 },
 "wcylBounds": {
  "__type__": "AxialCylinder",
  "__typeHash__": 3017070665,
  "wpBase": {
   "x": 0.00002203136682510376,
   "y": 0.000055328477174043655,
   "z": -0.013490677811205387
  },
  "wdHeight": 0.03508535400032997,
  "wdRadius": 0.00793291162699461
 },
 "aabbBounds": {
  "__type__": "AABB",
  "__typeHash__": 2408934,
  "wp": {
   "x": 0.00002203136682510376,
   "y": 0.000055328477174043655,
   "z": 0.004051999654620886
  },
  "wvExt": {
   "x": 0.007925438694655895,
   "y": 0.007928162813186646,
   "z": 0.017542677000164986
  }
 },
 "wsBounds": {
  "__type__": "Sphere",
  "__typeHash__": 3384912071,
  "wpCenter": {
   "x": 0.00002203136682510376,
   "y": 0.000055328477174043655,
   "z": 0.004051999654620886
  },
  "wdRadius": 0.6875453591346741
 },
 "aabbAppearanceBoundingBox": {
  "__type__": "AABB",
  "__typeHash__": 2408934,
  "wp": {
   "x": 0.00002203136682510376,
   "y": 0.000055328477174043655,
   "z": 0.004051999654620886
  },
  "wvExt": {
   "x": 0.007925438694655895,
   "y": 0.007928162813186646,
   "z": 0.017542677000164986
  }
 },
 "wpLocationPowerSrc": {
  "x": 0,
  "y": 0,
  "z": 1
 },
 "ePickStyle": 0,
 "flAttachmentScaleFactor": 1,
 "eDefaultTeam": 0,
 "eCullingLevel": 0,
 "flFadeCorpseTimeUntilFade": 10,
 "flFadeCorpseTime": 2,
 "aAbsoluteOrientation": 0,
 "flHitFlashPower": 1,
 "flHitFlashMultiplier": 1,
 "flOverlayPower": 1,
 "eTopology": 1,
 "ptMsgTriggeredEvents": [],
 "ptPhysData": [
  {
   "__type__": "ActorPhysicsData",
   "__typeHash__": 1364074038,
   "snoPhysics": null,
   "unk_49cf485": null,
   "eMaterial": 0,
   "flExplosionFactor": 1,
   "flWindFactor": 1,
   "flPartialRagdollResponsiveness": 0.5,
   "unk_fdc1015": 0
  }
 ],
 "ptCollData": [],
 "eActorGizmoType": -1,
 "unk_8fbba9b": 0,
 "ptGizmoData": [],
 "ptMonsterData": [],
 "ptCritterData": [],
 "ptPlayerData": [],
 "ptItemData": [],
 "ptCombatData": [],
 "ptDeathData": [],
 "ptEffectData": [],
 "ptProjData": [],
 "ptPropData": [],
 "ptMovingData": [],
 "ptBrainData": [],
 "ptServerData": [],
 "ptUIData": [],
 "ptAIData": [],
 "ptVOData": [],
 "ptNPCData": [
  {
   "__type__": "ActorNPCData",
   "__typeHash__": 3228758260,
   "unk_370e8c2": false,
   "unk_d1de32b": [],
   "snoNPCComponentSet": null,
   "unk_a9187cf": [],
   "unk_4c7112f": true,
   "unk_1c56441": 0
  }
 ],
 "ptSoundTableData": [
  {
   "__type__": "ActorSoundTableData",
   "__typeHash__": 2677649540,
   "szMonsterCategory": 3321043346,
   "unk_6190c70": false,
   "unk_fc3dcfc": 50,
   "snoRunSoundTable": null,
   "snoWalkSoundTable": null,
   "unk_e4e1d2": null,
   "snoLandSoundTable": null,
   "unk_8dbf009": null,
   "unk_7dfd883": null,
   "unk_e270225": null,
   "unk_87b2493": null,
   "unk_f1b3d91": null,
   "unk_608d70b": null,
   "unk_16fd1ad": null,
   "unk_6a4231b": null,
   "unk_10a92fc": null,
   "unk_5e2d9d6": null,
   "unk_c8a2dd8": null,
   "unk_67e25e6": null,
   "snoVoiceSoundTable": null,
   "arFoleyOverrides": []
  }
 ],
 "ptMountData": [],
 "ptPostprocessed": "0",
 "snoPrefabAttachment": null,
 "unk_d2b5e35": 1,
 "szPrefabLookOverride": 0,
 "dwPrefabShaderMapOverride": 4294967295,
 "arRTPCOverrides": []
}
