{
 "__fileName__": "base/meta/Actor/MurmuringObols_400_va_start.acr",
 "__snoID__": 1254815,
 "__type__": "ActorDefinition",
 "__typeHash__": 3085005858,
 "eType": 3,
 "dwFlags": 14680072,
 "dwFlagsEx": 0,
 "snoAppearance": {
  "__raw__": 1254888,
  "__group__": 9,
  "__type__": "DT_SNO",
  "__typeHash__": 2764331143,
  "__targetFileName__": "base/meta/Appearance/MurmuringObols_400_va_start.app",
  "groupName": "Appearance",
  "name": "MurmuringObols_400_va_start"
 },
 "arCustomizationAppearances": [],
 "arAppearanceSets": [],
 "arAnimSets": [],
 "arStoreAnimSets": [],
 "snoAnimTree": null,
 "arActorAppearanceAddOnEntries": [],
 "tAnimTreeOverride": {
  "__type__": "AnimTreeOverride",
  "__typeHash__": 3002505909,
  "ptNodeOverrides": []
 },
 "arSortedEventIndices": [],
 "eVariantType": 0,
 "tDefaultLook": {
  "__type__": "LookLink",
  "__typeHash__": 2394153027,
  "dwLookHash": 0
 },
 "dwDefaultShaderMapOverride": 4294967295,
 "tScaleRange": {
  "rangeValue1": 1,
  "rangeValue2": 0
 },
 "tScaleLimit": {
  "rangeValue1": 0.8500000238418579,
  "rangeValue2": 0.30000001192092896
 },
 "wcylBounds": {
  "__type__": "AxialCylinder",
  "__typeHash__": 3017070665,
  "wpBase": {
   "x": -0.002704039216041565,
   "y": -0.02461865544319153,
   "z": -0.17831797897815704
  },
  "wdHeight": 0.8330288529396057,
  "wdRadius": 0.5284562706947327
 },
 "aabbBounds": {
  "__type__": "AABB",
  "__typeHash__": 2408934,
  "wp": {
   "x": -0.002704039216041565,
   "y": -0.02461865544319153,
   "z": 0.238196462392807
  },
  "wvExt": {
   "x": 4.492154121398926,
   "y": 4.425640106201172,
   "z": 4.4165143966674805
  }
 },
 "wsBounds": {
  "__type__": "Sphere",
  "__typeHash__": 3384912071,
  "wpCenter": {
   "x": -0.002704039216041565,
   "y": -0.02461865544319153,
   "z": 0.238196462392807
  },
  "wdRadius": 5.20823335647583
 },
 "aabbAppearanceBoundingBox": {
  "__type__": "AABB",
  "__typeHash__": 2408934,
  "wp": {
   "x": -0.002704039216041565,
   "y": -0.02461865544319153,
   "z": 0.238196462392807
  },
  "wvExt": {
   "x": 4.492154121398926,
   "y": 4.425640106201172,
   "z": 4.4165143966674805
  }
 },
 "wpLocationPowerSrc": {
  "x": 0,
  "y": 0,
  "z": 1
 },
 "ePickStyle": 0,
 "flAttachmentScaleFactor": 1,
 "unk_712a997": 15,
 "eDefaultTeam": 0,
 "eCullingLevel": 0,
 "flFadeCorpseTimeUntilFade": 10,
 "flFadeCorpseTime": 2,
 "aAbsoluteOrientation": 0,
 "flHitFlashPower": 1,
 "flHitFlashMultiplier": 1,
 "flOverlayPower": 1,
 "eTopology": 1,
 "ptMsgTriggeredEvents": [],
 "ptPhysData": [
  {
   "__type__": "ActorPhysicsData",
   "__typeHash__": 1364074038,
   "snoPhysics": null,
   "snoPartialRagdollPhysics": null,
   "eMaterial": 0,
   "flExplosionFactor": 1,
   "flWindFactor": 1,
   "flPartialRagdollResponsiveness": 0.5,
   "dwExplosionChannel": 0
  }
 ],
 "ptCollData": [],
 "eActorGizmoType": -1,
 "unk_8fbba9b": 0,
 "ptGizmoData": [],
 "ptMonsterData": [],
 "ptCritterData": [],
 "ptPlayerData": [],
 "ptItemData": [],
 "ptCombatData": [],
 "ptDeathData": [],
 "ptEffectData": [],
 "ptProjData": [],
 "ptPropData": [],
 "ptMovingData": [],
 "ptBrainData": [],
 "ptServerData": [],
 "ptUIData": [],
 "ptAIData": [],
 "ptVOData": [
  {
   "__type__": "ActorVOData",
   "__typeHash__": 3142967512,
   "fVOPlaysOnPlayer": false,
   "snoSpeaker": null,
   "snoConversationList": null,
   "unk_94efee3": null
  }
 ],
 "ptNPCData": [
  {
   "__type__": "ActorNPCData",
   "__typeHash__": 3228758260,
   "unk_370e8c2": false,
   "tGeneratedLooks": [],
   "snoNPCComponentSet": null,
   "ptLoadOuts": [],
   "bOverrideObjectNpcLook": true,
   "eSheathPreference": 0
  }
 ],
 "ptSoundTableData": [
  {
   "__type__": "ActorSoundTableData",
   "__typeHash__": 2677649540,
   "szMonsterCategory": 3321043346,
   "bOverrideImportanceScore": false,
   "nImportanceScoreOverride": 50,
   "snoRunSoundTable": null,
   "snoWalkSoundTable": null,
   "snoSlideSoundTable": null,
   "snoLandSoundTable": null,
   "snoNPCBarefootRunSoundTable": null,
   "snoNPCBarefootWalkSoundTable": null,
   "snoNPCBarefootSlideSoundTable": null,
   "snoNPCBarefootLandSoundTable": null,
   "snoNPCClothRunSoundTable": null,
   "snoNPCClothWalkSoundTable": null,
   "snoNPCClothSlideSoundTable": null,
   "snoNPCClothLandSoundTable": null,
   "snoNPCLeatherRunSoundTable": null,
   "snoNPCLeatherWalkSoundTable": null,
   "snoNPCLeatherSlideSoundTable": null,
   "snoNPCLeatherLandSoundTable": null,
   "snoVoiceSoundTable": null,
   "arFoleyOverrides": []
  }
 ],
 "ptMountData": [],
 "ptPostprocessed": "0",
 "snoPrefabAttachment": null,
 "unk_d2b5e35": 1,
 "szPrefabLookOverride": 0,
 "dwPrefabShaderMapOverride": 4294967295,
 "arRTPCOverrides": []
}
