{
 "__fileName__": "base/meta/Actor/necro_boneWall_mesh.acr",
 "__snoID__": 714789,
 "__type__": "ActorDefinition",
 "__typeHash__": 3085005858,
 "eType": 3,
 "dwFlags": 14680072,
 "dwFlagsEx": 0,
 "snoAppearance": {
  "__raw__": 706596,
  "__group__": 9,
  "__type__": "DT_SNO",
  "__typeHash__": 2764331143,
  "__targetFileName__": "base/meta/Appearance/necro_boneWall_mesh.app",
  "groupName": "Appearance",
  "name": "necro_boneWall_mesh"
 },
 "arCustomizationAppearances": [],
 "arAppearanceSets": [],
 "arAnimSets": [
  {
   "__raw__": 714874,
   "__group__": 8,
   "__type__": "DT_SNO",
   "__typeHash__": 2764331143,
   "__targetFileName__": "base/meta/AnimSet/necro_boneWall_animSet.ans",
   "groupName": "AnimSet",
   "name": "necro_boneWall_animSet"
  }
 ],
 "arStoreAnimSets": [],
 "snoAnimTree": null,
 "arActorAppearanceAddOnEntries": [],
 "tAnimTreeOverride": {
  "__type__": "AnimTreeOverride",
  "__typeHash__": 3002505909,
  "ptNodeOverrides": []
 },
 "arSortedEventIndices": [
  0,
  1,
  2,
  3,
  4
 ],
 "eVariantType": 0,
 "tDefaultLook": {
  "__type__": "LookLink",
  "__typeHash__": 2394153027,
  "dwLookHash": 0
 },
 "dwDefaultShaderMapOverride": 4294967295,
 "tScaleRange": {
  "rangeValue1": 1,
  "rangeValue2": 0
 },
 "tScaleLimit": {
  "rangeValue1": 0.8500000238418579,
  "rangeValue2": 0.30000001192092896
 },
 "wcylBounds": {
  "__type__": "AxialCylinder",
  "__typeHash__": 3017070665,
  "wpBase": {
   "x": -0.0807715654373169,
   "y": -0.10218456387519836,
   "z": -0.2425968199968338
  },
  "wdHeight": 1.3802129030227661,
  "wdRadius": 1.0373889207839966
 },
 "aabbBounds": {
  "__type__": "AABB",
  "__typeHash__": 2408934,
  "wp": {
   "x": -0.0807715654373169,
   "y": -0.10218456387519836,
   "z": 0.44750961661338806
  },
  "wvExt": {
   "x": 1.0362608432769775,
   "y": 0.6055481433868408,
   "z": 0.6901063919067383
  }
 },
 "wsBounds": {
  "__type__": "Sphere",
  "__typeHash__": 3384912071,
  "wpCenter": {
   "x": -0.0807715654373169,
   "y": -0.10218456387519836,
   "z": 0.44750961661338806
  },
  "wdRadius": 1.8845155239105225
 },
 "aabbAppearanceBoundingBox": {
  "__type__": "AABB",
  "__typeHash__": 2408934,
  "wp": {
   "x": -0.0807715654373169,
   "y": -0.10218456387519836,
   "z": 0.44750961661338806
  },
  "wvExt": {
   "x": 1.0362608432769775,
   "y": 0.6055481433868408,
   "z": 0.6901063919067383
  }
 },
 "wpLocationPowerSrc": {
  "x": 0,
  "y": 0,
  "z": 1
 },
 "ePickStyle": 0,
 "flAttachmentScaleFactor": 1,
 "unk_712a997": 15,
 "eDefaultTeam": 0,
 "eCullingLevel": 0,
 "flFadeCorpseTimeUntilFade": 10,
 "flFadeCorpseTime": 2,
 "aAbsoluteOrientation": 0,
 "flHitFlashPower": 1,
 "flHitFlashMultiplier": 1,
 "flOverlayPower": 1,
 "eTopology": 1,
 "ptMsgTriggeredEvents": [
  {
   "__type__": "MsgTriggeredEvent",
   "__typeHash__": 4134809062,
   "dwMsgKey": 1000,
   "ptTriggerEvent": [
    {
     "__type__": "TriggerEventActorPlayAnimation",
     "__typeHash__": 1487816389,
     "dwType": 1487816389,
     "tConditions": {
      "__type__": "TriggerConditions",
      "__typeHash__": 888408526,
      "flChance": 1,
      "bMute": false,
      "bMuteExternal": false,
      "tDelay": 0,
      "tImpactVelocityRange": {
       "rangeValue1": 0,
       "rangeValue2": 0
      },
      "tImpactWeightRange": {
       "rangeValue1": 0,
       "rangeValue2": 0
      },
      "eMaterial": 0,
      "dwConditionFlags": 1038,
      "ePlayerCountCondition": 0,
      "ePerformanceBehavior": 0,
      "unk_b41b571": []
     },
     "fGenerated": false,
     "fInCreation": false,
     "dwParentActorID": 4294967295,
     "tDuration": 0,
     "dwTriggerFlags": 0,
     "dwTriggerFlagsEx": 0,
     "tCleanup": {
      "__type__": "TriggerCleanup",
      "__typeHash__": 2029186460,
      "eOnOwnerDeath": 1,
      "eOnAnimationEnd": 0,
      "eOnSequenceEnd": 0,
      "eOnOwnerResurrection": 0,
      "eOnOwnerDeletion": 1,
      "eOnOwnerPaused": 2
     },
     "nPreviousInTrack": -1,
     "nNextInTrack": -1,
     "dwPad": 0,
     "eAnimBlendTimeMode": 2,
     "eAnimBlendOutTimeMode": 2,
     "flOverriddenBlendTime": 0,
     "flOverriddenBlendOutTime": 0,
     "dwActorID": 0,
     "eAnimLayerMode": 0,
     "eAnimBoneMasking": 7,
     "fUseBoneMasking": false,
     "bUsePowerAnimLayer": false,
     "unk_9b2ead": true,
     "snonameAnim": {
      "__raw__": 708793,
      "__group__": 6,
      "__type__": "DT_SNO_NAME",
      "__typeHash__": 3339108615,
      "__targetFileName__": "base/meta/Anim/necro_boneWall_mesh_spawn.ani",
      "groupName": "Animation",
      "name": "necro_boneWall_mesh_spawn"
     },
     "fPlayOnOwner": true,
     "fRandomPermutation": true,
     "nPermutationIndex": -1,
     "unk_32a328c": false,
     "flAnimSpeedScale": 1.2999999523162842,
     "dwAnimWeight": 100,
     "eAnimLoopMode": 0,
     "unk_c86af88": 0,
     "unk_396c7d1": 0,
     "unk_515279b": false,
     "szLocatorName": 0,
     "flLocatorBlend": 0.5
    }
   ],
   "tCooldown": 0
  },
  {
   "__type__": "MsgTriggeredEvent",
   "__typeHash__": 4134809062,
   "dwMsgKey": 1000,
   "ptTriggerEvent": [
    {
     "__type__": "TriggerEventHitFlash",
     "__typeHash__": 1648188489,
     "dwType": 1648188489,
     "tConditions": {
      "__type__": "TriggerConditions",
      "__typeHash__": 888408526,
      "flChance": 1,
      "bMute": false,
      "bMuteExternal": false,
      "tDelay": 0,
      "tImpactVelocityRange": {
       "rangeValue1": 0,
       "rangeValue2": 0
      },
      "tImpactWeightRange": {
       "rangeValue1": 0,
       "rangeValue2": 0
      },
      "eMaterial": 0,
      "dwConditionFlags": 1038,
      "ePlayerCountCondition": 0,
      "ePerformanceBehavior": 0,
      "unk_b41b571": []
     },
     "fGenerated": false,
     "fInCreation": false,
     "dwParentActorID": 4294967295,
     "dwPad": 0,
     "dwTriggerFlags": 0,
     "dwTriggerFlagsEx": 0,
     "rgbaColorAdd": {
      "r": 0,
      "g": 223,
      "b": 211,
      "a": 255
     },
     "nHitFlashAddDuration": 0.3499999940395355,
     "rgbaColorMul": {
      "r": 0,
      "g": 0,
      "b": 0,
      "a": 255
     },
     "nHitFlashMulDuration": 1,
     "flHitFlashIntensity": 1,
     "unk_622a853": 0,
     "flHitFlashIntensityDuration": 1,
     "eHitFlashAddFresnel": 2,
     "eHitFlashMulFresnel": 2,
     "eHitFlashCurve": 2,
     "dwID": 0,
     "nMaxHitFlash": 0,
     "fIsCombatHitFlash": false,
     "unk_b19da4b": false
    }
   ],
   "tCooldown": 0
  },
  {
   "__type__": "MsgTriggeredEvent",
   "__typeHash__": 4134809062,
   "dwMsgKey": 1000,
   "ptTriggerEvent": [
    {
     "__type__": "TriggerEventChangeLook",
     "__typeHash__": 3507772913,
     "dwType": 3507772913,
     "tConditions": {
      "__type__": "TriggerConditions",
      "__typeHash__": 888408526,
      "flChance": 1,
      "bMute": false,
      "bMuteExternal": false,
      "tDelay": 0.20000001788139343,
      "tImpactVelocityRange": {
       "rangeValue1": 0,
       "rangeValue2": 0
      },
      "tImpactWeightRange": {
       "rangeValue1": 0,
       "rangeValue2": 0
      },
      "eMaterial": 0,
      "dwConditionFlags": 1038,
      "ePlayerCountCondition": 0,
      "ePerformanceBehavior": 0,
      "unk_b41b571": []
     },
     "fGenerated": false,
     "fInCreation": false,
     "dwParentActorID": 4294967295,
     "dwPad": 0,
     "dwActorID": 0,
     "snoAppearance": null,
     "tLookLink": {
      "__type__": "LookLink",
      "__typeHash__": 2394153027,
      "dwLookHash": 67399014
     },
     "fAffectOwner": true
    }
   ],
   "tCooldown": 0
  },
  {
   "__type__": "MsgTriggeredEvent",
   "__typeHash__": 4134809062,
   "dwMsgKey": 17,
   "ptTriggerEvent": [
    {
     "__type__": "TriggerEventChangeLook",
     "__typeHash__": 3507772913,
     "dwType": 3507772913,
     "tConditions": {
      "__type__": "TriggerConditions",
      "__typeHash__": 888408526,
      "flChance": 1,
      "bMute": false,
      "bMuteExternal": false,
      "tDelay": 0,
      "tImpactVelocityRange": {
       "rangeValue1": 0,