{
 "__fileName__": "data/base/meta/Actor/NPC_Scos_Villager_F_Ambient_ClientEffect.acr",
 "__snoID__": 1256246,
 "__type__": "ActorDefinition",
 "__typeHash__": 3085005858,
 "eType": 3,
 "dwFlags": 14680072,
 "dwFlagsEx": 0,
 "snoAppearance": {
  "__raw__": 471726,
  "__group__": 9,
  "__type__": "DT_SNO",
  "__typeHash__": 2764331143,
  "groupName": "Appearance",
  "name": "npcF_base_invisible"
 },
 "arCustomizationAppearances": [],
 "arAnimSets": [
  {
   "__raw__": 1001302,
   "__group__": 8,
   "__type__": "DT_SNO",
   "__typeHash__": 2764331143,
   "groupName": "AnimSet",
   "name": "NPC_Basic"
  },
  {
   "__raw__": 1001300,
   "__group__": 8,
   "__type__": "DT_SNO",
   "__typeHash__": 2764331143,
   "groupName": "AnimSet",
   "name": "NPC_Idle"
  }
 ],
 "snoAnimTree": {
  "__raw__": 714085,
  "__group__": 67,
  "__type__": "DT_SNO",
  "__typeHash__": 2764331143,
  "groupName": "AnimTree",
  "name": "NPC_basic_AnimTree"
 },
 "tAnimTreeOverride": {
  "__type__": "AnimTreeOverride",
  "__typeHash__": 3002505909,
  "ptNodeOverrides": []
 },
 "eVariantType": 0,
 "tDefaultLook": {
  "__type__": "LookLink",
  "__typeHash__": 2394153027,
  "dwLookHash": 0
 },
 "unk_3d234d5": 4294967295,
 "unk_9ae2069": {
  "rangeValue1": 1,
  "rangeValue2": 0
 },
 "wcylBounds": {
  "__type__": "AxialCylinder",
  "__typeHash__": 3017070665,
  "wpBase": {
   "x": -0.03099716827273369,
   "y": -4.470348358154297e-8,
   "z": 1.0076684951782227
  },
  "wdHeight": 0.3938218355178833,
  "wdRadius": 0.48260173201560974
 },
 "aabbBounds": {
  "__type__": "AABB",
  "__typeHash__": 2408934,
  "wp": {
   "x": -0.03099716827273369,
   "y": -5.960464477539063e-8,
   "z": 1.2045793533325195
  },
  "wvExt": {
   "x": 0.04366679862141609,
   "y": 0.48105788230895996,
   "z": 0.19691097736358643
  }
 },
 "wsBounds": {
  "__type__": "Sphere",
  "__typeHash__": 3384912071,
  "wpCenter": {
   "x": -0.03099716827273369,
   "y": -4.470348358154297e-8,
   "z": 1.2045793533325195
  },
  "wdRadius": 1.191227674484253
 },
 "unk_5daa275": {
  "__type__": "AABB",
  "__typeHash__": 2408934,
  "wp": {
   "x": -0.03099716827273369,
   "y": -5.960464477539063e-8,
   "z": 1.2045793533325195
  },
  "wvExt": {
   "x": 0.04366679862141609,
   "y": 0.48105788230895996,
   "z": 0.19691097736358643
  }
 },
 "wpLocationPowerSrc": {
  "x": 0,
  "y": 0,
  "z": 1
 },
 "ePickStyle": 0,
 "flAttachmentScaleFactor": 0.699999988079071,
 "eDefaultTeam": 0,
 "eCullingLevel": 0,
 "unk_c794c59": 10,
 "unk_99ee15d": 2,
 "aAbsoluteOrientation": 0,
 "unk_3598432": 1,
 "unk_e579f8c": 1,
 "unk_9d78021": 1,
 "eTopology": 1,
 "ptMsgTriggeredEvents": [],
 "ptPhysData": [
  {
   "__type__": "ActorPhysicsData",
   "__typeHash__": 1364074038,
   "snoPhysics": {
    "__raw__": 1879,
    "__group__": 28,
    "__type__": "DT_SNO",
    "__typeHash__": 2764331143,
    "groupName": "Physics",
    "name": "Ragdoll"
   },
   "unk_49cf485": {
    "__raw__": 838393,
    "__group__": 28,
    "__type__": "DT_SNO",
    "__typeHash__": 2764331143,
    "groupName": "Physics",
    "name": "Ragdoll_Partial"
   },
   "eMaterial": 0,
   "flExplosionFactor": 1,
   "flWindFactor": 1,
   "flPartialRagdollResponsiveness": 0.5,
   "unk_fdc1015": 0
  }
 ],
 "ptCollData": [],
 "eActorGizmoType": -1,
 "unk_8fbba9b": 0,
 "ptGizmoData": [],
 "ptMonsterData": [],
 "ptCritterData": [],
 "ptPlayerData": [],
 "ptItemData": [],
 "ptCombatData": [],
 "ptDeathData": [],
 "ptEffectData": [],
 "ptProjData": [],
 "ptPropData": [],
 "ptMovingData": [],
 "ptBrainData": [],
 "ptServerData": [],
 "ptUIData": [],
 "ptAIData": [],
 "ptVOData": [
  {
   "__type__": "ActorVOData",
   "__typeHash__": 3142967512,
   "fVOPlaysOnPlayer": 0,
   "snoSpeaker": null,
   "snoConversationList": null,
   "unk_94efee3": null
  }
 ],
 "ptNPCData": [
  {
   "__type__": "ActorNPCData",
   "__typeHash__": 3228758260,
   "unk_370e8c2": 1,
   "unk_d1de32b": [],
   "snoNPCComponentSet": {
    "__raw__": 573896,
    "__group__": 2,
    "__type__": "DT_SNO",
    "__typeHash__": 2764331143,
    "groupName": "NpcComponentSet",
    "name": "npcF_scos_omni"
   },
   "unk_a9187cf": [],
   "unk_4c7112f": 1,
   "unk_1c56441": 0
  }
 ],
 "ptSoundTableData": [
  {
   "__type__": "ActorSoundTableData",
   "__typeHash__": 2677649540,
   "szMonsterCategory": 4077680,
   "unk_6190c70": 0,
   "unk_fc3dcfc": 50,
   "snoRunSoundTable": {
    "__raw__": 552255,
    "__group__": 79,
    "__type__": "DT_SNO",
    "__typeHash__": 2764331143,
    "groupName": "SoundTable",
    "name": "FOOT_NPC_Global_Base_Terrain"
   },
   "snoWalkSoundTable": {
    "__raw__": 552255,
    "__group__": 79,
    "__type__": "DT_SNO",
    "__typeHash__": 2764331143,
    "groupName": "SoundTable",
    "name": "FOOT_NPC_Global_Base_Terrain"
   },
   "unk_e4e1d2": null,
   "snoLandSoundTable": null,
   "unk_8dbf009": {
    "__raw__": 619394,
    "__group__": 79,
    "__type__": "DT_SNO",
    "__typeHash__": 2764331143,
    "groupName": "SoundTable",
    "name": "FOOT_NPC_Global_Barefoot"
   },
   "unk_7dfd883": {
    "__raw__": 619579,
    "__group__": 79,
    "__type__": "DT_SNO",
    "__typeHash__": 2764331143,
    "groupName": "SoundTable",
    "name": "FOOT_NPC_Global_Barefoot_Walk"
   },
   "unk_e270225": null,
   "unk_87b2493": null,
   "unk_f1b3d91": {
    "__raw__": 619580,
    "__group__": 79,
    "__type__": "DT_SNO",
    "__typeHash__": 2764331143,
    "groupName": "SoundTable",
    "name": "FOOT_NPC_Global_Cloth"
   },
   "unk_608d70b": {
    "__raw__": 619581,
    "__group__": 79,
    "__type__": "DT_SNO",
    "__typeHash__": 2764331143,
    "groupName": "SoundTable",
    "name": "FOOT_NPC_Global_Cloth_Walk"
   },
   "unk_16fd1ad": null,
   "unk_6a4231b": null,
   "unk_10a92fc": {
    "__raw__": 619582,
    "__group__": 79,
    "__type__": "DT_SNO",
    "__typeHash__": 2764331143,
    "groupName": "SoundTable",
    "name": "FOOT_NPC_Global_Leather"
   },
   "unk_5e2d9d6": {
    "__raw__": 619583,
    "__group__": 79,
    "__type__": "DT_SNO",
    "__typeHash__": 2764331143,
    "groupName": "SoundTable",
    "name": "FOOT_NPC_Global_Leather_Walk"
   },
   "unk_c8a2dd8": null,
   "unk_67e25e6": null,
   "snoVoiceSoundTable": null,
   "unk_aa3de45": [
    {
     "__type__": "Type_5460701",
     "__typeHash__": 88475393,
     "unk_68dec9e": {
      "__type__": "Type_7bd3842a",
      "__typeHash__": 2077459498,
      "szTag": 4077680
     },
     "unk_f77a839": [
      {
       "__raw__": 552250,
       "__group__": 79,
       "__type__": "DT_SNO",
       "__typeHash__": 2764331143,
       "groupName": "SoundTable",
       "name": "FOLY_NPC_Generic_Base_Cloth"
      },
      null,
      null,
      null
     ]
    }
   ]
  }
 ],
 "ptMountData": [],
 "ptPostprocessed": "0",
 "snoPrefabAttachment": null,
 "unk_d2b5e35": 1,
 "unk_2607092": 0,
 "unk_79da2a0": 4294967295,
 "unk_261d1df": []
}
