{
 "__fileName__": "data/base/meta/Actor/RedChurch_Chest_Rare_01_Client_Dyn.acr",
 "__snoID__": 994098,
 "__type__": "ActorDefinition",
 "__typeHash__": 3085005858,
 "eType": 3,
 "dwFlags": 14682120,
 "dwFlagsEx": 0,
 "snoAppearance": {
  "value": 994096,
  "group": 9,
  "groupName": "Appearance",
  "type": "sno",
  "name": "RedChurch_Chest_Rare_01_Client_Dyn"
 },
 "arCustomizationAppearances": [],
 "arAnimSets": [
  {
   "value": 994099,
   "group": 8,
   "groupName": "AnimSet",
   "type": "sno",
   "name": "RedChurch_Chest_Rare_01_Client_Dyn"
  }
 ],
 "snoAnimTree": {
  "value": -1,
  "group": 67,
  "groupName": "AnimTree",
  "type": "sno"
 },
 "tAnimTreeOverride": {
  "__type__": "AnimTreeOverride",
  "__typeHash__": 3002505909,
  "ptNodeOverrides": []
 },
 "eVariantType": 0,
 "unk_441fd2e": {
  "__type__": "LookLink",
  "__typeHash__": 2394153027,
  "dwLookHash": 0
 },
 "unk_3d234d5": 4294967295,
 "unk_9ae2069": {
  "rangeValue1": 1,
  "rangeValue2": 0
 },
 "wcylBounds": {
  "__type__": "AxialCylinder",
  "__typeHash__": 3017070665,
  "wpBase": {
   "x": -0.008740752935409546,
   "y": 0.005191385746002197,
   "z": 0.4370559751987457
  },
  "wdHeight": 1.072261929512024,
  "wdRadius": 0.5628445744514465
 },
 "aabbBounds": {
  "__type__": "AABB",
  "__typeHash__": 2408934,
  "wp": {
   "x": -0.008740752935409546,
   "y": 0.005191385746002197,
   "z": 0.9731869101524353
  },
  "wvExt": {
   "x": 0.29549404978752136,
   "y": 0.5570066571235657,
   "z": 0.536130964756012
  }
 },
 "wsBounds": {
  "__type__": "Sphere",
  "__typeHash__": 3384912071,
  "wpCenter": {
   "x": -0.008740752935409546,
   "y": 0.005191385746002197,
   "z": 0.9731869101524353
  },
  "wdRadius": 1.4367262125015259
 },
 "unk_5daa275": {
  "__type__": "AABB",
  "__typeHash__": 2408934,
  "wp": {
   "x": -0.008740752935409546,
   "y": 0.005191385746002197,
   "z": 0.9731869101524353
  },
  "wvExt": {
   "x": 0.29549404978752136,
   "y": 0.5570066571235657,
   "z": 0.536130964756012
  }
 },
 "wpLocationPowerSrc": {
  "x": 0,
  "y": 0,
  "z": 1
 },
 "ePickStyle": 0,
 "flAttachmentScaleFactor": 1,
 "eDefaultTeam": 0,
 "eCullingLevel": 0,
 "unk_c794c59": 10,
 "unk_99ee15d": 2,
 "aAbsoluteOrientation": 0,
 "unk_3598432": 1,
 "unk_e579f8c": 1,
 "unk_9d78021": 1,
 "eTopology": 1,
 "ptMsgTriggeredEvents": [
  {
   "__type__": "MsgTriggeredEvent",
   "__typeHash__": 4134809062,
   "dwMsgKey": 1000,
   "ptTriggerEvent": [
    {
     "__type__": "TriggerEventSpawnObject",
     "__typeHash__": 2703348374,
     "dwType": 2703348374,
     "dwPad": 0,
     "tConditions": {
      "__type__": "TriggerConditions",
      "__typeHash__": 888408526,
      "flChance": 1,
      "bMute": 0,
      "unk_1db3ba0": 0,
      "tDelay": 0,
      "unk_f0d960e": {
       "rangeValue1": 0,
       "rangeValue2": 0
      },
      "unk_1dcbf67": {
       "rangeValue1": 0,
       "rangeValue2": 0
      },
      "eMaterial": 0,
      "dwConditionFlags": 1038,
      "unk_817e082": 0,
      "unk_b51df67": 0,
      "dwPad": 0
     },
     "fGenerated": 0,
     "unk_6cba752": 0,
     "unk_e560b0b": 4294967295,
     "dwID": 0,
     "snoname": {
      "value": 123198,
      "group": 17,
      "groupName": "Explosion",
      "type": "sno",
      "name": "radial_1m_25kg"
     },
     "tHardpointLinks": [
      {
       "__type__": "HardpointLink",
       "__typeHash__": 3639617719,
       "tInfo": {
        "__type__": "HardpointInfo",
        "__typeHash__": 3639515093,
        "dwHash": 0,
        "dwHashFlag": 0
       }
      },
      {
       "__type__": "HardpointLink",
       "__typeHash__": 3639617719,
       "tInfo": {
        "__type__": "HardpointInfo",
        "__typeHash__": 3639515093,
        "dwHash": 0,
        "dwHashFlag": 0
       }
      }
     ],
     "dwTriggerFlags": 0,
     "unk_a936bd9": 0,
     "fRandomLook": 0,
     "tLookLink": {
      "__type__": "LookLink",
      "__typeHash__": 2394153027,
      "dwLookHash": 0
     },
     "unk_48fd494": 0,
     "unk_6b8bffc": 0,
     "dwSegmentsStep": 0,
     "unk_6c0cb90": 4294967295,
     "flScale": 1,
     "dwSeed": 0,
     "unk_b0f4eeb": 0,
     "vecScalar": {
      "x": 1,
      "y": 1
     },
     "transform": {
      "__type__": "PRTransform",
      "__typeHash__": 2588169118,
      "q": {
       "__type__": "bcQuat",
       "__typeHash__": 3955716320,
       "x": 0,
       "y": 0,
       "z": 0,
       "w": 1
      },
      "wp": {
       "x": 0,
       "y": 0,
       "z": 0.30000001192092896
      }
     },
     "unk_315ce85": {
      "__type__": "HardpointLink",
      "__typeHash__": 3639617719,
      "tInfo": {
       "__type__": "HardpointInfo",
       "__typeHash__": 3639515093,
       "dwHash": 0,
       "dwHashFlag": 0
      }
     },
     "unk_c7fa18a": {
      "rangeValue1": 0,
      "rangeValue2": 0
     },
     "unk_760871b": {
      "value": -1,
      "group": 29,
      "groupName": "Power",
      "type": "sno"
     },
     "dwSpawnedActorLife": 0,
     "unk_245c537": {
      "__type__": "Type_f74028c3",
      "__typeHash__": 4148177091,
      "unk_a253b80": {
       "__type__": "Type_9bdeeb8c",
       "__typeHash__": 2615077772,
       "arEquipmentDyes": [
        {
         "value": -1,
         "group": 122,
         "groupName": "Dye",
         "type": "sno"
        },
        {
         "value": -1,
         "group": 122,
         "groupName": "Dye",
         "type": "sno"
        },
        {
         "value": -1,
         "group": 122,
         "groupName": "Dye",
         "type": "sno"
        },
        {
         "value": -1,
         "group": 122,
         "groupName": "Dye",
         "type": "sno"
        }
       ],
       "nHairColor": 0,
       "nSkinColor": 0
      },
      "ptComponents": [
       {
        "__type__": "ValidComponent",
        "__typeHash__": 2842269379,
        "tComponent": 0
       },
       {
        "__type__": "ValidComponent",
        "__typeHash__": 2842269379,
        "tComponent": 0
       },
       {
        "__type__": "ValidComponent",
        "__typeHash__": 2842269379,
        "tComponent": 0
       },
       {
        "__type__": "ValidComponent",
        "__typeHash__": 2842269379,
        "tComponent": 0
       }
      ]
     },
     "ptLightInstanceData": []
    }
   ],
   "tCooldown": 0
  },
  {
   "__type__": "MsgTriggeredEvent",
   "__typeHash__": 4134809062,
   "dwMsgKey": 1000,
   "ptTriggerEvent": [
    {
     "__type__": "TriggerEventEnableRagdoll",
     "__typeHash__": 3810234018,
     "dwType": 3810234018,
     "dwPad": 0,
     "tConditions": {
      "__type__": "TriggerConditions",
      "__typeHash__": 888408526,
      "flChance": 1,
      "bMute": 0,
      "unk_1db3ba0": 0,
      "tDelay": 0,
      "unk_f0d960e": {
       "rangeValue1": 0,
       "rangeValue2": 0
      },
      "unk_1dcbf67": {
       "rangeValue1": 0,
       "rangeValue2": 0
      },
      "eMaterial": 0,
      "dwConditionFlags": 1038,
      "unk_817e082": 0,
      "unk_b51df67": 0,
      "dwPad": 0
     },
     "fGenerated": 0,
     "unk_6cba752": 0,
     "unk_e560b0b": 4294967295,
     "unk_733c15d": {
      "__type__": "Type_29da0a90",
      "__typeHash__": 702155408,
      "flRagdollVelocityFactor": 1,
      "flRagdollMomentumFactor": 1,
      "unk_665d2e1": 1
     },
     "dwActorID": 0,
     "unk_279aa5a": 1
    }
   ],
   "tCooldown": 0
  }
 ],
 "ptPhysData": [
  {
   "__type__": "ActorPhysicsData",
   "__typeHash__": 1364074038,
   "snoPhysics": {
    "value": 282280,
    "group": 28,
    "groupName": "Physics",
    "type": "sno",
    "name": "RagdollBreakable_medium"
   },
   "unk_49cf485": {
    "value": -1,
    "group": 28,
    "groupName": "Physics",
    "type": "sno"
   },
   "eMaterial": 0,
   "flExplosionFactor": 1,
   "flWindFactor": 1,
   "flPartialRagdollResponsiveness": 0.5,
   "unk_fdc1015": 0
  }
 ],
 "ptCollData": [],
 "eActorGizmoType": -1,
 "unk_8fbba9b": 0,
 "ptGizmoData": [],
 "ptMonsterData": [],
 "ptCritterData": [],
 "ptPlayerData": [],
 "ptItemData": [],
 "ptCombatData": [],