{
 "__fileName__": "data/base/meta/Actor/rogue_poisonTrap_netMesh.acr",
 "__snoID__": 1009845,
 "__type__": "ActorDefinition",
 "__typeHash__": 3085005858,
 "eType": 3,
 "dwFlags": 14680072,
 "dwFlagsEx": 0,
 "snoAppearance": {
  "__raw__": 1009843,
  "__group__": 9,
  "__type__": "DT_SNO",
  "__typeHash__": 2764331143,
  "groupName": "Appearance",
  "name": "rogue_poisonTrap_netMesh"
 },
 "arCustomizationAppearances": [],
 "arAnimSets": [
  {
   "__raw__": 1009846,
   "__group__": 8,
   "__type__": "DT_SNO",
   "__typeHash__": 2764331143,
   "groupName": "AnimSet",
   "name": "rogue_poisonTrap_netMesh"
  }
 ],
 "snoAnimTree": null,
 "tAnimTreeOverride": {
  "__type__": "AnimTreeOverride",
  "__typeHash__": 3002505909,
  "ptNodeOverrides": []
 },
 "eVariantType": 0,
 "tDefaultLook": {
  "__type__": "LookLink",
  "__typeHash__": 2394153027,
  "dwLookHash": 0
 },
 "unk_3d234d5": 4294967295,
 "unk_9ae2069": {
  "rangeValue1": 1,
  "rangeValue2": 0
 },
 "wcylBounds": {
  "__type__": "AxialCylinder",
  "__typeHash__": 3017070665,
  "wpBase": {
   "x": -0.0002319812774658203,
   "y": 0.014333248138427734,
   "z": -0.33047816157341003
  },
  "wdHeight": 0.9208980798721313,
  "wdRadius": 2.5452158451080322
 },
 "aabbBounds": {
  "__type__": "AABB",
  "__typeHash__": 2408934,
  "wp": {
   "x": -0.0002319812774658203,
   "y": 0.014333248138427734,
   "z": 0.12997089326381683
  },
  "wvExt": {
   "x": 2.4377601146698,
   "y": 2.4989991188049316,
   "z": 0.4604490399360657
  }
 },
 "wsBounds": {
  "__type__": "Sphere",
  "__typeHash__": 3384912071,
  "wpCenter": {
   "x": -0.0002319812774658203,
   "y": 0.014333248138427734,
   "z": 0.12997089326381683
  },
  "wdRadius": 3.2173004150390625
 },
 "unk_5daa275": {
  "__type__": "AABB",
  "__typeHash__": 2408934,
  "wp": {
   "x": -0.0002319812774658203,
   "y": 0.014333248138427734,
   "z": 0.12997089326381683
  },
  "wvExt": {
   "x": 2.4377601146698,
   "y": 2.4989991188049316,
   "z": 0.4604490399360657
  }
 },
 "wpLocationPowerSrc": {
  "x": 0,
  "y": 0,
  "z": 1
 },
 "ePickStyle": 0,
 "flAttachmentScaleFactor": 1,
 "eDefaultTeam": 0,
 "eCullingLevel": 0,
 "unk_c794c59": 10,
 "unk_99ee15d": 2,
 "aAbsoluteOrientation": 0,
 "unk_3598432": 1,
 "unk_e579f8c": 1,
 "unk_9d78021": 1,
 "eTopology": 1,
 "ptMsgTriggeredEvents": [
  {
   "__type__": "MsgTriggeredEvent",
   "__typeHash__": 4134809062,
   "dwMsgKey": 5000,
   "ptTriggerEvent": [
    {
     "__type__": "Type_58ae46c5",
     "__typeHash__": 1487816389,
     "dwType": 1487816389,
     "tConditions": {
      "__type__": "TriggerConditions",
      "__typeHash__": 888408526,
      "flChance": 1,
      "bMute": 0,
      "unk_1db3ba0": 0,
      "tDelay": 0,
      "unk_f0d960e": {
       "rangeValue1": 0,
       "rangeValue2": 0
      },
      "unk_1dcbf67": {
       "rangeValue1": 0,
       "rangeValue2": 0
      },
      "eMaterial": 0,
      "dwConditionFlags": 1038,
      "ePlayerCountCondition": 0,
      "unk_b51df67": 0,
      "dwPad": 0
     },
     "fGenerated": 0,
     "unk_6cba752": 0,
     "unk_e560b0b": 4294967295,
     "tDuration": 0,
     "dwTriggerFlags": 0,
     "unk_a936bd9": 0,
     "tCleanup": {
      "__type__": "TriggerCleanup",
      "__typeHash__": 2029186460,
      "unk_80dc73": 1,
      "unk_f216739": 0,
      "unk_8047af2": 0,
      "unk_4690732": 0,
      "unk_2041ce1": 1,
      "unk_c5ce3af": 2
     },
     "unk_49e9257": -1,
     "unk_5490979": -1,
     "dwPad": 0,
     "unk_f3d6423": 2,
     "unk_478755b": 0,
     "unk_4d01218": 0,
     "unk_84dd910": 0,
     "dwActorID": 1,
     "eAnimLayerMode": 0,
     "unk_9209538": 7,
     "unk_a5153a1": 0,
     "unk_5ed01be": 0,
     "unk_9b2ead": 1,
     "unk_bcac396": {
      "__raw__": 1009847,
      "__group__": 6,
      "__type__": "DT_SNO_NAME",
      "__typeHash__": 3339108615,
      "groupName": "Animation",
      "name": "rogue_poisonTrap_netMesh"
     },
     "unk_85269a4": 1,
     "unk_701a0bf": 1,
     "nPermutationIndex": -1,
     "unk_32a328c": 0,
     "flAnimSpeedScale": 1,
     "unk_12c22c8": 100,
     "eAnimLoopMode": 0,
     "unk_c86af88": 0,
     "unk_396c7d1": 0,
     "unk_515279b": 0,
     "szLocatorName": 0,
     "unk_386656b": 0.5
    }
   ],
   "tCooldown": 0
  }
 ],
 "ptPhysData": [
  {
   "__type__": "ActorPhysicsData",
   "__typeHash__": 1364074038,
   "snoPhysics": null,
   "unk_49cf485": null,
   "eMaterial": 0,
   "flExplosionFactor": 1,
   "flWindFactor": 1,
   "flPartialRagdollResponsiveness": 0.5,
   "unk_fdc1015": 0
  }
 ],
 "ptCollData": [],
 "eActorGizmoType": -1,
 "unk_8fbba9b": 0,
 "ptGizmoData": [],
 "ptMonsterData": [],
 "ptCritterData": [],
 "ptPlayerData": [],
 "ptItemData": [],
 "ptCombatData": [],
 "ptDeathData": [],
 "ptEffectData": [],
 "ptProjData": [],
 "ptPropData": [],
 "ptMovingData": [],
 "ptBrainData": [],
 "ptServerData": [],
 "ptUIData": [],
 "ptAIData": [],
 "ptVOData": [
  {
   "__type__": "ActorVOData",
   "__typeHash__": 3142967512,
   "fVOPlaysOnPlayer": 0,
   "snoSpeaker": null,
   "snoConversationList": null,
   "unk_94efee3": null
  }
 ],
 "ptNPCData": [
  {
   "__type__": "ActorNPCData",
   "__typeHash__": 3228758260,
   "unk_370e8c2": 0,
   "unk_d1de32b": [],
   "snoNPCComponentSet": null,
   "unk_a9187cf": [],
   "unk_4c7112f": 1,
   "unk_1c56441": 0
  }
 ],
 "ptSoundTableData": [
  {
   "__type__": "ActorSoundTableData",
   "__typeHash__": 2677649540,
   "szMonsterCategory": 3321043346,
   "unk_6190c70": 0,
   "unk_fc3dcfc": 50,
   "snoRunSoundTable": null,
   "snoWalkSoundTable": null,
   "unk_e4e1d2": null,
   "snoLandSoundTable": null,
   "unk_8dbf009": null,
   "unk_7dfd883": null,
   "unk_e270225": null,
   "unk_87b2493": null,
   "unk_f1b3d91": null,
   "unk_608d70b": null,
   "unk_16fd1ad": null,
   "unk_6a4231b": null,
   "unk_10a92fc": null,
   "unk_5e2d9d6": null,
   "unk_c8a2dd8": null,
   "unk_67e25e6": null,
   "snoVoiceSoundTable": null,
   "unk_aa3de45": []
  }
 ],
 "ptMountData": [],
 "ptPostprocessed": "0",
 "snoPrefabAttachment": null,
 "unk_d2b5e35": 1,
 "unk_2607092": 0,
 "unk_79da2a0": 4294967295,
 "unk_261d1df": []
}
