{
 "__fileName__": "base/meta/Actor/s02_bloodSeals_major_batDash_bat.acr",
 "__snoID__": 1527468,
 "__type__": "ActorDefinition",
 "__typeHash__": 3085005858,
 "eType": 3,
 "dwFlags": 14680072,
 "dwFlagsEx": 0,
 "snoAppearance": {
  "__raw__": 283813,
  "__group__": 9,
  "__type__": "DT_SNO",
  "__typeHash__": 2764331143,
  "__targetFileName__": "base/meta/Appearance/vampire_bat.app",
  "groupName": "Appearance",
  "name": "vampire_bat"
 },
 "arCustomizationAppearances": [],
 "arAppearanceSets": [],
 "arAnimSets": [
  {
   "__raw__": 298102,
   "__group__": 8,
   "__type__": "DT_SNO",
   "__typeHash__": 2764331143,
   "__targetFileName__": "base/meta/AnimSet/vampire_bat_forming.ans",
   "groupName": "AnimSet",
   "name": "vampire_bat_forming"
  }
 ],
 "arStoreAnimSets": [],
 "snoAnimTree": null,
 "arActorAppearanceAddOnEntries": [],
 "tAnimTreeOverride": {
  "__type__": "AnimTreeOverride",
  "__typeHash__": 3002505909,
  "ptNodeOverrides": []
 },
 "unk_4ad5e5": [
  0
 ],
 "eVariantType": 0,
 "tDefaultLook": {
  "__type__": "LookLink",
  "__typeHash__": 2394153027,
  "dwLookHash": 0
 },
 "dwDefaultShaderMapOverride": 4294967295,
 "tScaleRange": {
  "rangeValue1": 1,
  "rangeValue2": 0
 },
 "tScaleLimit": {
  "rangeValue1": 0.8500000238418579,
  "rangeValue2": 0.30000001192092896
 },
 "wcylBounds": {
  "__type__": "AxialCylinder",
  "__typeHash__": 3017070665,
  "wpBase": {
   "x": 0.021802887320518494,
   "y": -2.086162567138672e-7,
   "z": 0.1115308478474617
  },
  "wdHeight": 0.1320001482963562,
  "wdRadius": 0.743539571762085
 },
 "aabbBounds": {
  "__type__": "AABB",
  "__typeHash__": 2408934,
  "wp": {
   "x": 0.021802887320518494,
   "y": -2.384185791015625e-7,
   "z": 0.1775309145450592
  },
  "wvExt": {
   "x": 0.18141213059425354,
   "y": 0.7385320663452148,
   "z": 0.0660000741481781
  }
 },
 "wsBounds": {
  "__type__": "Sphere",
  "__typeHash__": 3384912071,
  "wpCenter": {
   "x": 0.021802887320518494,
   "y": -2.086162567138672e-7,
   "z": 0.1775309145450592
  },
  "wdRadius": 1.416370153427124
 },
 "aabbAppearanceBoundingBox": {
  "__type__": "AABB",
  "__typeHash__": 2408934,
  "wp": {
   "x": 0.021802887320518494,
   "y": -2.384185791015625e-7,
   "z": 0.1775309145450592
  },
  "wvExt": {
   "x": 0.18141213059425354,
   "y": 0.7385320663452148,
   "z": 0.0660000741481781
  }
 },
 "wpLocationPowerSrc": {
  "x": 0,
  "y": 0,
  "z": 1
 },
 "ePickStyle": 0,
 "flAttachmentScaleFactor": 1,
 "unk_712a997": 15,
 "eDefaultTeam": 0,
 "eCullingLevel": 0,
 "flFadeCorpseTimeUntilFade": 10,
 "flFadeCorpseTime": 2,
 "aAbsoluteOrientation": 0,
 "flHitFlashPower": 2,
 "flHitFlashMultiplier": 0.75,
 "flOverlayPower": 1,
 "eTopology": 1,
 "ptMsgTriggeredEvents": [
  {
   "__type__": "MsgTriggeredEvent",
   "__typeHash__": 4134809062,
   "dwMsgKey": 1000,
   "ptTriggerEvent": [
    {
     "__type__": "TriggerEventAddTrail",
     "__typeHash__": 1195077723,
     "dwType": 1195077723,
     "tConditions": {
      "__type__": "TriggerConditions",
      "__typeHash__": 888408526,
      "flChance": 0.7200000286102295,
      "bMute": false,
      "bMuteExternal": false,
      "tDelay": 0,
      "tImpactVelocityRange": {
       "rangeValue1": 0,
       "rangeValue2": 0
      },
      "tImpactWeightRange": {
       "rangeValue1": 0,
       "rangeValue2": 0
      },
      "eMaterial": 0,
      "dwConditionFlags": 14,
      "ePlayerCountCondition": 0,
      "unk_b51df67": 0,
      "unk_b41b571": []
     },
     "fGenerated": false,
     "unk_6cba752": false,
     "dwParentActorID": 4294967295,
     "tDuration": 0,
     "dwTriggerFlags": 131072,
     "dwTriggerFlagsEx": 0,
     "tCleanup": {
      "__type__": "TriggerCleanup",
      "__typeHash__": 2029186460,
      "eOnOwnerDeath": 2,
      "eOnAnimationEnd": 0,
      "eOnSequenceEnd": 0,
      "eOnOwnerResurrection": 0,
      "eOnOwnerDeletion": 2,
      "eOnOwnerPaused": 4
     },
     "unk_49e9257": -1,
     "unk_5490979": -1,
     "dwPad": 0,
     "dwID": 0,
     "snoTrail": {
      "__raw__": 1552934,
      "__group__": 45,
      "__type__": "DT_SNO",
      "__typeHash__": 2764331143,
      "__targetFileName__": "base/meta/Trail/s02_bloodSeals_batDash_batTrailsMinor.trl",
      "groupName": "Trail",
      "name": "s02_bloodSeals_batDash_batTrailsMinor"
     },
     "vecScalar": {
      "x": 1,
      "y": 1
     },
     "trailBase": {
      "__type__": "HardpointLink",
      "__typeHash__": 3639617719,
      "tInfo": {
       "__type__": "HardpointInfo",
       "__typeHash__": 3639515093,
       "dwHash": 1373392553,
       "dwHashFlag": 0
      }
     },
     "snoPowerEffectParam": null,
     "unk_526c582": []
    }
   ],
   "tCooldown": 0
  }
 ],
 "ptPhysData": [
  {
   "__type__": "ActorPhysicsData",
   "__typeHash__": 1364074038,
   "snoPhysics": {
    "__raw__": 1879,
    "__group__": 28,
    "__type__": "DT_SNO",
    "__typeHash__": 2764331143,
    "__targetFileName__": "base/meta/Physics/Ragdoll.phy",
    "groupName": "Physics",
    "name": "Ragdoll"
   },
   "snoPartialRagdollPhysics": null,
   "eMaterial": 0,
   "flExplosionFactor": 1,
   "flWindFactor": 1,
   "flPartialRagdollResponsiveness": 0.5,
   "unk_fdc1015": 0
  }
 ],
 "ptCollData": [],
 "eActorGizmoType": -1,
 "unk_8fbba9b": 0,
 "ptGizmoData": [],
 "ptMonsterData": [],
 "ptCritterData": [],
 "ptPlayerData": [],
 "ptItemData": [],
 "ptCombatData": [],
 "ptDeathData": [],
 "ptEffectData": [],
 "ptProjData": [],
 "ptPropData": [],
 "ptMovingData": [],
 "ptBrainData": [],
 "ptServerData": [],
 "ptUIData": [],
 "ptAIData": [],
 "ptVOData": [
  {
   "__type__": "ActorVOData",
   "__typeHash__": 3142967512,
   "fVOPlaysOnPlayer": false,
   "snoSpeaker": null,
   "snoConversationList": null,
   "unk_94efee3": null
  }
 ],
 "ptNPCData": [
  {
   "__type__": "ActorNPCData",
   "__typeHash__": 3228758260,
   "unk_370e8c2": false,
   "tGeneratedLooks": [],
   "snoNPCComponentSet": null,
   "ptLoadOuts": [],
   "bOverrideObjectNpcLook": true,
   "eSheathPreference": 0
  }
 ],
 "ptSoundTableData": [
  {
   "__type__": "ActorSoundTableData",
   "__typeHash__": 2677649540,
   "szMonsterCategory": 3321043346,
   "bOverrideImportanceScore": false,
   "nImportanceScoreOverride": 50,
   "snoRunSoundTable": null,
   "snoWalkSoundTable": null,
   "snoSlideSoundTable": null,
   "snoLandSoundTable": null,
   "snoNPCBarefootRunSoundTable": null,
   "snoNPCBarefootWalkSoundTable": null,
   "snoNPCBarefootSlideSoundTable": null,
   "snoNPCBarefootLandSoundTable": null,
   "snoNPCClothRunSoundTable": null,
   "snoNPCClothWalkSoundTable": null,
   "snoNPCClothSlideSoundTable": null,
   "snoNPCClothLandSoundTable": null,
   "snoNPCLeatherRunSoundTable": null,
   "snoNPCLeatherWalkSoundTable": null,
   "snoNPCLeatherSlideSoundTable": null,
   "snoNPCLeatherLandSoundTable": null,
   "snoVoiceSoundTable": null,
   "arFoleyOverrides": []
  }
 ],
 "ptMountData": [],
 "ptPostprocessed": "0",
 "snoPrefabAttachment": null,
 "unk_d2b5e35": 1,
 "szPrefabLookOverride": 0,
 "dwPrefabShaderMapOverride": 4294967295,
 "arRTPCOverrides": []
}
