{
 "__fileName__": "base/meta/Actor/S03_Construct_Spider_Mini_Store.acr",
 "__snoID__": 1588233,
 "__type__": "ActorDefinition",
 "__typeHash__": 3085005858,
 "eType": 3,
 "dwFlags": 14680073,
 "dwFlagsEx": 0,
 "snoAppearance": {
  "__raw__": 1633176,
  "__group__": 9,
  "__type__": "DT_SNO",
  "__typeHash__": 2764331143,
  "__targetFileName__": "base/meta/Appearance/s03_construct_spider_mini.app",
  "groupName": "Appearance",
  "name": "s03_construct_spider_mini"
 },
 "arCustomizationAppearances": [],
 "arAppearanceSets": [],
 "arAnimSets": [
  {
   "__raw__": 400104,
   "__group__": 8,
   "__type__": "DT_SNO",
   "__typeHash__": 2764331143,
   "__targetFileName__": "base/meta/AnimSet/IGC_nullset.ans",
   "groupName": "AnimSet",
   "name": "IGC_nullset"
  }
 ],
 "arStoreAnimSets": [],
 "snoAnimTree": null,
 "arActorAppearanceAddOnEntries": [],
 "tAnimTreeOverride": {
  "__type__": "AnimTreeOverride",
  "__typeHash__": 3002505909,
  "ptNodeOverrides": []
 },
 "arSortedEventIndices": [
  0
 ],
 "eVariantType": 0,
 "tDefaultLook": {
  "__type__": "LookLink",
  "__typeHash__": 2394153027,
  "dwLookHash": 0
 },
 "dwDefaultShaderMapOverride": 4294967295,
 "tScaleRange": {
  "rangeValue1": 1.2000000476837158,
  "rangeValue2": 0
 },
 "tScaleLimit": {
  "rangeValue1": 0.8500000238418579,
  "rangeValue2": 0.30000001192092896
 },
 "wcylBounds": {
  "__type__": "AxialCylinder",
  "__typeHash__": 3017070665,
  "wpBase": {
   "x": -0.02500000037252903,
   "y": 0,
   "z": 0
  },
  "wdHeight": 0.20000000298023224,
  "wdRadius": 0.10000000149011612
 },
 "aabbBounds": {
  "__type__": "AABB",
  "__typeHash__": 2408934,
  "wp": {
   "x": 0.05649133026599884,
   "y": -2.9802322387695312e-8,
   "z": 0.13760171830654144
  },
  "wvExt": {
   "x": 0.36084693670272827,
   "y": 0.2776941657066345,
   "z": 0.1374220997095108
  }
 },
 "wsBounds": {
  "__type__": "Sphere",
  "__typeHash__": 3384912071,
  "wpCenter": {
   "x": 0.05649133026599884,
   "y": -2.9802322387695312e-8,
   "z": 0.13760171830654144
  },
  "wdRadius": 1.103271722793579
 },
 "aabbAppearanceBoundingBox": {
  "__type__": "AABB",
  "__typeHash__": 2408934,
  "wp": {
   "x": 0.05649133026599884,
   "y": -2.9802322387695312e-8,
   "z": 0.13760171830654144
  },
  "wvExt": {
   "x": 0.36084693670272827,
   "y": 0.2776941657066345,
   "z": 0.1374220997095108
  }
 },
 "wpLocationPowerSrc": {
  "x": 0,
  "y": 0,
  "z": 1
 },
 "ePickStyle": 0,
 "flAttachmentScaleFactor": 1,
 "eDefaultTeam": 19,
 "eCullingLevel": 0,
 "flFadeCorpseTimeUntilFade": 10,
 "flFadeCorpseTime": 2,
 "aAbsoluteOrientation": 0,
 "flHitFlashPower": 2,
 "flHitFlashMultiplier": 0.75,
 "flOverlayPower": 1,
 "eTopology": 7,
 "ptMsgTriggeredEvents": [
  {
   "__type__": "MsgTriggeredEvent",
   "__typeHash__": 4134809062,
   "dwMsgKey": 1000,
   "ptTriggerEvent": [
    {
     "__type__": "TriggerEventAddEffectGroup",
     "__typeHash__": 1384905369,
     "dwType": 1384905369,
     "tConditions": {
      "__type__": "TriggerConditions",
      "__typeHash__": 888408526,
      "flChance": 1,
      "bMute": false,
      "bMuteExternal": false,
      "tDelay": 0,
      "tImpactVelocityRange": {
       "rangeValue1": 0,
       "rangeValue2": 0
      },
      "tImpactWeightRange": {
       "rangeValue1": 0,
       "rangeValue2": 0
      },
      "eMaterial": 0,
      "dwConditionFlags": 1038,
      "ePlayerCountCondition": 0,
      "ePerformanceBehavior": 0,
      "unk_b41b571": []
     },
     "fGenerated": false,
     "fInCreation": false,
     "dwParentActorID": 4294967295,
     "dwPad": 0,
     "fPlayOnOwner": true,
     "fOverrideScalarValues": false,
     "fOverridePowerEffectSize": false,
     "fOverridePowerEffectIntensity": false,
     "fOverridePowerEffectDuration": false,
     "fOverridePowerEffectLength": false,
     "fOverridePowerEffectWidth": false,
     "fOverridePowerEffectHeight": false,
     "fOverrideHardpoint": false,
     "fOverrideHardpointsTargetType": false,
     "fOverrideEffectGroupID": true,
     "unk_e312e34": 2001,
     "dwActorID": 0,
     "dwID": 0,
     "unk_9758f2e": false,
     "unk_574dd8b": 0,
     "snoEffectGroup": {
      "__raw__": 1710919,
      "__group__": 14,
      "__type__": "DT_SNO",
      "__typeHash__": 2764331143,
      "__targetFileName__": "base/meta/EffectGroup/S03_construct_spider_ambient_lightning.efg",
      "groupName": "EffectGroup",
      "name": "S03_construct_spider_ambient_lightning"
     },
     "tHardpointLinks": [
      {
       "__type__": "HardpointLink",
       "__typeHash__": 3639617719,
       "tInfo": {
        "__type__": "HardpointInfo",
        "__typeHash__": 3639515093,
        "dwHash": 0,
        "dwHashFlag": 0
       }
      },
      {
       "__type__": "HardpointLink",
       "__typeHash__": 3639617719,
       "tInfo": {
        "__type__": "HardpointInfo",
        "__typeHash__": 3639515093,
        "dwHash": 0,
        "dwHashFlag": 0
       }
      }
     ],
     "dwTriggerFlags": 0,
     "dwTriggerFlagsEx": 0,
     "tEffectGroupAttachPointsOverride": [
      {
       "__type__": "EffectGroupAttachPointOverride",
       "__typeHash__": 84508729,
       "tTargetLocatorName": 0,
       "eTargetType": 3,
       "dwAttachedActorID": 0
      },
      {
       "__type__": "EffectGroupAttachPointOverride",
       "__typeHash__": 84508729,
       "tTargetLocatorName": 0,
       "eTargetType": 3,
       "dwAttachedActorID": 0
      }
     ],
     "szSpawnLocatorName": 0,
     "transform": {
      "__type__": "PRTransform",
      "__typeHash__": 2588169118,
      "q": {
       "__type__": "bcQuat",
       "__typeHash__": 3955716320,
       "x": 0,
       "y": 0,
       "z": 0,
       "w": 1
      },
      "wp": {
       "x": 0,
       "y": 0,
       "z": 0
      }
     },
     "tEffectGroupHardpointLink": {
      "__type__": "HardpointLink",
      "__typeHash__": 3639617719,
      "tInfo": {
       "__type__": "HardpointInfo",
       "__typeHash__": 3639515093,
       "dwHash": 0,
       "dwHashFlag": 0
      }
     },
     "snoPowerEffectParam": null,
     "vecScale": {
      "x": 1,
      "y": 1,
      "z": 1
     },
     "vecScalar": {
      "x": 1,
      "y": 1
     },
     "flPowerEffectSizeOverride": 0,
     "flPowerEffectIntensityOverride": 0,
     "flPowerEffectDurationOverride": 0,
     "flPowerEffectLengthOverride": 0,
     "flPowerEffectWidthOverride": 0,
     "flPowerEffectHeightOverride": 0,
     "unk_a633223": {
      "x": -1,
      "y": -1
     },
     "dwUniqueID": 0
    }
   ],
   "tCooldown": 0
  }
 ],
 "ptPhysData": [
  {
   "__type__": "ActorPhysicsData",
   "__typeHash__": 1364074038,
   "snoPhysics": {
    "__raw__": 1879,
    "__group__": 28,
    "__type__": "DT_SNO",
    "__typeHash__": 2764331143,
    "__targetFileName__": "base/meta/Physics/Ragdoll.phy",
    "groupName": "Physics",
    "name": "Ragdoll"
   },
   "snoPartialRagdollPhysics": null,
   "eMaterial": 0,
   "flExplosionFactor": 1,
   "flWindFactor": 1,
   "flPartialRagdollResponsiveness": 0.5,
   "dwExplosionChannel": 0
  }
 ],
 "ptCollData": [],
 "eActorGizmoType": -1,
 "unk_8fbba9b": 0,
 "ptGizmoData": [],
 "ptMonsterData": [],
 "ptCritterData": [],
 "ptPlayerData": [],
 "ptItemData": [],
 "ptCombatData": [],
 "ptDeathData": [],
 "ptEffectData": [],
 "ptProjData": [],
 "ptPropData": [],
 "ptMovingData": [],
 "ptBrainData": [],
 "ptServerData": [],
 "ptUIData": [],
 "ptAIData": [],
 "ptVOData": [
  {
   "__type__": "ActorVOData",
   "__typeHash__": 3142967512,
   "fVOPlaysOnPlayer": false,
   "snoSpeaker": null,
   "snoConversationList": null,
   "unk_94efee3": null
  }
 ],
 "ptNPCData": [
  {
   "__type__": "ActorNPCData",
   "__typeHash__": 3228758260,
   "unk_370e8c2": false,
   "tGeneratedLooks": [],
   "snoNPCComponentSet": null,
   "ptLoadOuts": [],
   "bOverrideObjectNpcLook": true,
   "eSheathPreference": 0
  }
 ],
 "ptSoundTableData": [
  {
   "__type__": "ActorSoundTableData",
   "__typeHash__": 2677649540,
   "szMonsterCategory": 126377840,
   "bOverrideImportanceScore": false,