{
 "__fileName__": "data/base/meta/Actor/vfx_boss_duriel_burrow_right.acr",
 "__snoID__": 341973,
 "__type__": "ActorDefinition",
 "__typeHash__": 3085005858,
 "eType": 3,
 "dwFlags": 14680072,
 "dwFlagsEx": 0,
 "snoAppearance": {
  "value": 341972,
  "group": 9,
  "groupName": "Appearance"
 },
 "arCustomizationAppearances": [],
 "arAnimSets": [],
 "snoAnimTree": {
  "value": -1,
  "group": 67,
  "groupName": "AnimTree"
 },
 "tAnimTreeOverride": {
  "__type__": "AnimTreeOverride",
  "__typeHash__": 3002505909,
  "unk_ae5d61d": []
 },
 "eVariantType": 0,
 "unk_441fd2e": {
  "__type__": "LookLink",
  "__typeHash__": 2394153027,
  "dwLookHash": 0
 },
 "unk_3d234d5": 4294967295,
 "unk_9ae2069": {
  "value": 0,
  "end_value": 1
 },
 "wcylBounds": {
  "__type__": "AxialCylinder",
  "__typeHash__": 3017070665,
  "wpBase": {
   "x": 1.965627670288086,
   "y": -0.8294577598571777,
   "z": -1.7881287336349487
  },
  "wdHeight": 7.718360424041748,
  "wdRadius": 3.5020387172698975
 },
 "aabbBounds": {
  "__type__": "AABB",
  "__typeHash__": 2408934,
  "wp": {
   "x": 1.965627670288086,
   "y": -0.8294577598571777,
   "z": 2.0710513591766357
  },
  "wvExt": {
   "x": 3.4765372276306152,
   "y": 0.8186208605766296,
   "z": 3.859180212020874
  }
 },
 "wsBounds": {
  "__type__": "Sphere",
  "__typeHash__": 3384912071,
  "wpCenter": {
   "x": 1.965627670288086,
   "y": -0.8294577598571777,
   "z": 2.0710513591766357
  },
  "wdRadius": 4.926982879638672
 },
 "unk_5daa275": {
  "__type__": "AABB",
  "__typeHash__": 2408934,
  "wp": {
   "x": 1.965627670288086,
   "y": -0.8294577598571777,
   "z": 2.0710513591766357
  },
  "wvExt": {
   "x": 3.4765372276306152,
   "y": 0.8186208605766296,
   "z": 3.859180212020874
  }
 },
 "wpLocationPowerSrc": {
  "x": 0,
  "y": 0,
  "z": 1
 },
 "ePickStyle": 0,
 "flAttachmentScaleFactor": 1,
 "eDefaultTeam": 0,
 "eCullingLevel": 0,
 "unk_c794c59": 10,
 "unk_99ee15d": 2,
 "aAbsoluteOrientation": 0,
 "unk_3598432": 2,
 "unk_e579f8c": 0.5,
 "unk_9d78021": 1,
 "eTopology": 1,
 "ptMsgTriggeredEvents": [],
 "ptPhysData": [
  {
   "__type__": "ActorPhysicsData",
   "__typeHash__": 1364074038,
   "snoPhysics": {
    "value": -1,
    "group": 28,
    "groupName": "Physics"
   },
   "unk_49cf485": {
    "value": -1,
    "group": 28,
    "groupName": "Physics"
   },
   "eMaterial": 0,
   "flExplosionFactor": 1,
   "flWindFactor": 1,
   "flPartialRagdollResponsiveness": 0.5,
   "unk_fdc1015": 0
  }
 ],
 "ptCollData": [],
 "unk_17acd26": -1,
 "unk_8fbba9b": 0,
 "ptGizmoData": [],
 "ptMonsterData": [],
 "ptCritterData": [],
 "ptPlayerData": [],
 "ptItemData": [],
 "ptCombatData": [],
 "ptDeathData": [],
 "ptEffectData": [],
 "ptProjData": [],
 "ptPropData": [],
 "ptMovingData": [],
 "ptBrainData": [],
 "ptServerData": [],
 "ptUIData": [],
 "ptAIData": [],
 "ptVOData": [],
 "ptNPCData": [
  {
   "__type__": "ActorNPCData",
   "__typeHash__": 3228758260,
   "unk_370e8c2": 0,
   "unk_d1de32b": [],
   "snoNPCComponentSet": {
    "value": -1,
    "group": 2,
    "groupName": "NpcComponentSet"
   },
   "unk_a9187cf": [],
   "unk_4c7112f": 1,
   "unk_1c56441": 0
  }
 ],
 "ptSoundTableData": [],
 "ptMountData": [],
 "ptPostprocessed": "0",
 "snoPrefabAttachment": {
  "value": -1,
  "group": 24,
  "groupName": "MarkerSet"
 },
 "unk_d2b5e35": 1,
 "unk_2607092": 0,
 "unk_79da2a0": 4294967295,
 "unk_261d1df": []
}
