{
 "__fileName__": "base/meta/Actor/vfx_maggot_projectile_glob.acr",
 "__snoID__": 340503,
 "__type__": "ActorDefinition",
 "__typeHash__": 3085005858,
 "eType": 3,
 "dwFlags": 14680072,
 "dwFlagsEx": 0,
 "snoAppearance": {
  "__raw__": 340507,
  "__group__": 9,
  "__type__": "DT_SNO",
  "__typeHash__": 2764331143,
  "__targetFileName__": "base/meta/Appearance/vfx_maggot_projectile_glob.app",
  "groupName": "Appearance",
  "name": "vfx_maggot_projectile_glob"
 },
 "arCustomizationAppearances": [],
 "arAnimSets": [
  {
   "__raw__": 161495,
   "__group__": 8,
   "__type__": "DT_SNO",
   "__typeHash__": 2764331143,
   "__targetFileName__": "base/meta/AnimSet/witch_knockbackPrimary_projectile_spiritHead_mesh.ans",
   "groupName": "AnimSet",
   "name": "witch_knockbackPrimary_projectile_spiritHead_mesh"
  }
 ],
 "unk_ccef364": [],
 "snoAnimTree": null,
 "tAnimTreeOverride": {
  "__type__": "AnimTreeOverride",
  "__typeHash__": 3002505909,
  "ptNodeOverrides": []
 },
 "eVariantType": 0,
 "tDefaultLook": {
  "__type__": "LookLink",
  "__typeHash__": 2394153027,
  "dwLookHash": 0
 },
 "dwDefaultShaderMapOverride": 4294967295,
 "tScaleRange": {
  "rangeValue1": 1,
  "rangeValue2": 0
 },
 "unk_945ec7b": {
  "rangeValue1": 0.8500000238418579,
  "rangeValue2": 0.30000001192092896
 },
 "wcylBounds": {
  "__type__": "AxialCylinder",
  "__typeHash__": 3017070665,
  "wpBase": {
   "x": -0.16226154565811157,
   "y": 0.000002123415470123291,
   "z": -0.12528951466083527
  },
  "wdHeight": 0.2507045269012451,
  "wdRadius": 0.3668517470359802
 },
 "aabbBounds": {
  "__type__": "AABB",
  "__typeHash__": 2408934,
  "wp": {
   "x": -0.16226154565811157,
   "y": 0.000002123415470123291,
   "z": 0.00006274133920669556
  },
  "wvExt": {
   "x": 0.36684924364089966,
   "y": 0.12446533888578415,
   "z": 0.12535226345062256
  }
 },
 "wsBounds": {
  "__type__": "Sphere",
  "__typeHash__": 3384912071,
  "wpCenter": {
   "x": -0.16226154565811157,
   "y": 0.000002123415470123291,
   "z": 0.00006274133920669556
  },
  "wdRadius": 1.0368541479110718
 },
 "aabbAppearanceBoundingBox": {
  "__type__": "AABB",
  "__typeHash__": 2408934,
  "wp": {
   "x": -0.16226154565811157,
   "y": 0.000002123415470123291,
   "z": 0.00006274133920669556
  },
  "wvExt": {
   "x": 0.36684924364089966,
   "y": 0.12446533888578415,
   "z": 0.12535226345062256
  }
 },
 "wpLocationPowerSrc": {
  "x": 0,
  "y": 0,
  "z": 1
 },
 "ePickStyle": 0,
 "flAttachmentScaleFactor": 1,
 "eDefaultTeam": 0,
 "eCullingLevel": 0,
 "flFadeCorpseTimeUntilFade": 10,
 "flFadeCorpseTime": 2,
 "aAbsoluteOrientation": 0,
 "flHitFlashPower": 2,
 "flHitFlashMultiplier": 0.5,
 "flOverlayPower": 1,
 "eTopology": 1,
 "ptMsgTriggeredEvents": [],
 "ptPhysData": [
  {
   "__type__": "ActorPhysicsData",
   "__typeHash__": 1364074038,
   "snoPhysics": null,
   "unk_49cf485": null,
   "eMaterial": 0,
   "flExplosionFactor": 1,
   "flWindFactor": 1,
   "flPartialRagdollResponsiveness": 0.5,
   "unk_fdc1015": 0
  }
 ],
 "ptCollData": [],
 "eActorGizmoType": -1,
 "unk_8fbba9b": 0,
 "ptGizmoData": [],
 "ptMonsterData": [],
 "ptCritterData": [],
 "ptPlayerData": [],
 "ptItemData": [],
 "ptCombatData": [],
 "ptDeathData": [],
 "ptEffectData": [],
 "ptProjData": [],
 "ptPropData": [],
 "ptMovingData": [],
 "ptBrainData": [],
 "ptServerData": [],
 "ptUIData": [],
 "ptAIData": [],
 "ptVOData": [],
 "ptNPCData": [
  {
   "__type__": "ActorNPCData",
   "__typeHash__": 3228758260,
   "unk_370e8c2": false,
   "unk_d1de32b": [],
   "snoNPCComponentSet": null,
   "unk_a9187cf": [],
   "unk_4c7112f": true,
   "unk_1c56441": 0
  }
 ],
 "ptSoundTableData": [],
 "ptMountData": [],
 "ptPostprocessed": "0",
 "snoPrefabAttachment": null,
 "unk_d2b5e35": 1,
 "szPrefabLookOverride": 0,
 "dwPrefabShaderMapOverride": 4294967295,
 "arRTPCOverrides": []
}
