{
 "__fileName__": "data/base/meta/Actor/worldboss_wanderingdeath_pull_wave_v2_projectile.acr",
 "__snoID__": 788520,
 "__type__": "ActorDefinition",
 "__typeHash__": 3085005858,
 "eType": 10,
 "dwFlags": 1080033416,
 "dwFlagsEx": 0,
 "snoAppearance": {
  "value": 977241,
  "group": 9,
  "groupName": "Appearance"
 },
 "arCustomizationAppearances": [],
 "arAnimSets": [
  {
   "value": 977294,
   "group": 8,
   "groupName": "AnimSet"
  }
 ],
 "snoAnimTree": {
  "value": -1,
  "group": 67,
  "groupName": "AnimTree"
 },
 "tAnimTreeOverride": {
  "__type__": "AnimTreeOverride",
  "__typeHash__": 3002505909,
  "unk_ae5d61d": []
 },
 "eVariantType": 0,
 "unk_441fd2e": {
  "__type__": "LookLink",
  "__typeHash__": 2394153027,
  "dwLookHash": 0
 },
 "unk_3d234d5": 4294967295,
 "unk_9ae2069": {
  "value": 0,
  "end_value": 1
 },
 "wcylBounds": {
  "__type__": "AxialCylinder",
  "__typeHash__": 3017070665,
  "wpBase": {
   "x": 0.35768193006515503,
   "y": 0.042929887771606445,
   "z": -0.5086638927459717
  },
  "wdHeight": 2.027496576309204,
  "wdRadius": 3.2042031288146973
 },
 "aabbBounds": {
  "__type__": "AABB",
  "__typeHash__": 2408934,
  "wp": {
   "x": 0.35768193006515503,
   "y": 0.042929887771606445,
   "z": 0.5050843954086304
  },
  "wvExt": {
   "x": 1.2940459251403809,
   "y": 3.114656448364258,
   "z": 1.013748288154602
  }
 },
 "wsBounds": {
  "__type__": "Sphere",
  "__typeHash__": 3384912071,
  "wpCenter": {
   "x": 0.35768193006515503,
   "y": 0.042929887771606445,
   "z": 0.5050843954086304
  },
  "wdRadius": 3.8776841163635254
 },
 "unk_5daa275": {
  "__type__": "AABB",
  "__typeHash__": 2408934,
  "wp": {
   "x": 0.35768193006515503,
   "y": 0.042929887771606445,
   "z": 0.5050843954086304
  },
  "wvExt": {
   "x": 1.2940459251403809,
   "y": 3.114656448364258,
   "z": 1.013748288154602
  }
 },
 "wpLocationPowerSrc": {
  "x": 0,
  "y": 0,
  "z": 1
 },
 "ePickStyle": 0,
 "flAttachmentScaleFactor": 1,
 "eDefaultTeam": 0,
 "eCullingLevel": 0,
 "unk_c794c59": 0.5,
 "unk_99ee15d": 0,
 "aAbsoluteOrientation": 0,
 "unk_3598432": 1,
 "unk_e579f8c": 1,
 "unk_9d78021": 1,
 "eTopology": 1,
 "ptMsgTriggeredEvents": [
  {
   "__type__": "MsgTriggeredEvent",
   "__typeHash__": 4134809062,
   "dwMsgKey": 1000,
   "ptTriggerEvent": [
    {
     "__type__": "Type_528bfa99",
     "__typeHash__": 1384905369,
     "dwType": 1384905369,
     "dwPad": 0,
     "tConditions": {
      "__type__": "TriggerConditions",
      "__typeHash__": 888408526,
      "flChance": 1,
      "bMute": 0,
      "unk_1db3ba0": 0,
      "tDelay": 0,
      "unk_f0d960e": {
       "value": 0,
       "end_value": 0
      },
      "unk_1dcbf67": {
       "value": 0,
       "end_value": 0
      },
      "eMaterial": 0,
      "dwConditionFlags": 1038,
      "unk_817e082": 0,
      "unk_b51df67": 0,
      "dwPad": 0
     },
     "fGenerated": 0,
     "unk_6cba752": 0,
     "unk_e560b0b": 4294967295,
     "unk_85269a4": 1,
     "unk_b9368ac": 0,
     "unk_f50537b": 0,
     "unk_6fd6f47": 0,
     "unk_f22bb26": 0,
     "unk_4102322": 0,
     "unk_9a2c9a0": 0,
     "unk_ab8c139": 0,
     "fOverrideHardpoint": 0,
     "unk_edec5ed": 0,
     "unk_e312e34": 0,
     "dwActorID": 0,
     "dwID": 0,
     "snoEffectGroup": {
      "value": 789818,
      "group": 14,
      "groupName": "EffectGroup"
     },
     "tHardpointLinks": [
      {
       "__type__": "HardpointLink",
       "__typeHash__": 3639617719,
       "tInfo": {
        "__type__": "HardpointInfo",
        "__typeHash__": 3639515093,
        "dwHash": 0,
        "dwHashFlag": 0
       }
      },
      {
       "__type__": "HardpointLink",
       "__typeHash__": 3639617719,
       "tInfo": {
        "__type__": "HardpointInfo",
        "__typeHash__": 3639515093,
        "dwHash": 80066341,
        "dwHashFlag": 0
       }
      }
     ],
     "dwTriggerFlags": 0,
     "unk_a936bd9": 0,
     "unk_b0f4eeb": 0,
     "transform": {
      "__type__": "PRTransform",
      "__typeHash__": 2588169118,
      "q": {
       "__type__": "bcQuat",
       "__typeHash__": 3955716320,
       "x": 0,
       "y": 0,
       "z": 0,
       "w": 1
      },
      "wp": {
       "x": 0,
       "y": 0,
       "z": 0
      }
     },
     "unk_315ce85": {
      "__type__": "HardpointLink",
      "__typeHash__": 3639617719,
      "tInfo": {
       "__type__": "HardpointInfo",
       "__typeHash__": 3639515093,
       "dwHash": 0,
       "dwHashFlag": 0
      }
     },
     "unk_760871b": {
      "value": -1,
      "group": 29,
      "groupName": "Power"
     },
     "vecScale": {
      "x": 1,
      "y": 1,
      "z": 1
     },
     "vecScalar": {
      "x": 1,
      "y": 1
     },
     "unk_30e0427": 0,
     "unk_2130773": 0,
     "unk_1149cd2": 0,
     "unk_10405ce": 0,
     "unk_96134cc": 0,
     "unk_498cae5": 0,
     "dwUniqueID": 0
    }
   ],
   "tCooldown": 0
  },
  {
   "__type__": "MsgTriggeredEvent",
   "__typeHash__": 4134809062,
   "dwMsgKey": 1000,
   "ptTriggerEvent": [
    {
     "__type__": "TriggerEventAddTrail",
     "__typeHash__": 1195077723,
     "dwType": 1195077723,
     "tConditions": {
      "__type__": "TriggerConditions",
      "__typeHash__": 888408526,
      "flChance": 1,
      "bMute": 0,
      "unk_1db3ba0": 0,
      "tDelay": 0,
      "unk_f0d960e": {
       "value": 0,
       "end_value": 0
      },
      "unk_1dcbf67": {
       "value": 0,
       "end_value": 0
      },
      "eMaterial": 0,
      "dwConditionFlags": 1038,
      "unk_817e082": 0,
      "unk_b51df67": 0,
      "dwPad": 0
     },
     "fGenerated": 0,
     "unk_6cba752": 0,
     "unk_e560b0b": 4294967295,
     "tDuration": 0,
     "dwTriggerFlags": 0,
     "unk_a936bd9": 0,
     "tCleanup": {
      "__type__": "TriggerCleanup",
      "__typeHash__": 2029186460,
      "unk_80dc73": 2,
      "unk_f216739": 0,
      "unk_8047af2": 2,
      "unk_4690732": 0,
      "unk_2041ce1": 2,
      "unk_c5ce3af": 0
     },
     "unk_49e9257": -1,
     "unk_5490979": -1,
     "dwPad": 0,
     "dwID": 0,
     "snoTrail": {
      "value": 986483,
      "group": 45,
      "groupName": "Trail"
     },
     "vecScalar": {
      "x": 1,
      "y": 1
     },
     "unk_53ae317": {
      "__type__": "HardpointLink",
      "__typeHash__": 3639617719,
      "tInfo": {
       "__type__": "HardpointInfo",
       "__typeHash__": 3639515093,
       "dwHash": 1460921956,
       "dwHashFlag": 0
      }
     },
     "unk_760871b": {
      "value": -1,
      "group": 29,
      "groupName": "Power"
     },
     "unk_526c582": []
    }
   ],
   "tCooldown": 0
  },
  {
   "__type__": "MsgTriggeredEvent",
   "__typeHash__": 4134809062,
   "dwMsgKey": 1000,
   "ptTriggerEvent": [
    {
     "__type__": "TriggerEventAddTrail",
     "__typeHash__": 1195077723,
     "dwType": 1195077723,
     "tConditions": {
      "__type__": "TriggerConditions",
      "__typeHash__": 888408526,
      "flChance": 0,
      "bMute": 0,
      "unk_1db3ba0": 0,
      "tDelay": 0,
      "unk_f0d960e": {
       "value": 0,
       "end_value": 0
      },
      "unk_1dcbf67": {
       "value": 0,
       "end_value": 0
      },
      "eMaterial": 0,
      "dwConditionFlags": 1038,
      "unk_817e082": 0,
      "unk_b51df67": 0,
      "dwPad": 0
     },
     "fGenerated": 0,
     "unk_6cba752": 0,
     "unk_e560b0b": 4294967295,
     "tDuration": 0,
     "dwTriggerFlags": 0,
     "unk_a936bd9": 0,
     "tCleanup": {
      "__type__": "TriggerCleanup",
      "__typeHash__": 2029186460,
      "unk_80dc73": 1,
      "unk_f216739": 0,
      "unk_8047af2": 0,
      "unk_4690732": 0,
      "unk_2041ce1": 1,
      "unk_c5ce3af": 2
     },
     "unk_49e9257": -1,
     "unk_5490979": -1,
     "dwPad": 0,
     "dwID": 0,
     "snoTrail": {
      "value": 986903,
      "group": 45,
      "groupName": "Trail"
     },
     "vecScalar": {
      "x": 1,
      "y": 1
     },
     "unk_53ae317": {
      "__type__": "HardpointLink",
      "__typeHash__": 3639617719,
      "tInfo": {
       "__type__": "HardpointInfo",