{
 "__fileName__": "data/base/meta/Actor/Zakarum_WoodBracket_02.acr",
 "__snoID__": 1308820,
 "__type__": "ActorDefinition",
 "__typeHash__": 3085005858,
 "eType": 5,
 "dwFlags": 14680072,
 "dwFlagsEx": 0,
 "snoAppearance": {
  "__raw__": 1308821,
  "__group__": 9,
  "__type__": "DT_SNO",
  "__typeHash__": 2764331143,
  "groupName": "Appearance",
  "name": "Zakarum_WoodBracket_02"
 },
 "arCustomizationAppearances": [],
 "arAnimSets": [],
 "snoAnimTree": null,
 "tAnimTreeOverride": {
  "__type__": "AnimTreeOverride",
  "__typeHash__": 3002505909,
  "ptNodeOverrides": []
 },
 "eVariantType": 0,
 "tDefaultLook": {
  "__type__": "LookLink",
  "__typeHash__": 2394153027,
  "dwLookHash": 0
 },
 "unk_3d234d5": 4294967295,
 "unk_9ae2069": {
  "rangeValue1": 1,
  "rangeValue2": 0
 },
 "wcylBounds": {
  "__type__": "AxialCylinder",
  "__typeHash__": 3017070665,
  "wpBase": {
   "x": 0,
   "y": 0,
   "z": 0.10999999940395355
  },
  "wdHeight": 0.2199999988079071,
  "wdRadius": 0.9552486538887024
 },
 "aabbBounds": {
  "__type__": "AABB",
  "__typeHash__": 2408934,
  "wp": {
   "x": 0,
   "y": 0,
   "z": 0.10999999940395355
  },
  "wvExt": {
   "x": 0.949999988079071,
   "y": 0.10000000149011612,
   "z": 0.10999999940395355
  }
 },
 "wsBounds": {
  "__type__": "Sphere",
  "__typeHash__": 3384912071,
  "wpCenter": {
   "x": 0.014228135347366333,
   "y": 0,
   "z": 0.10656340420246124
  },
  "wdRadius": 1.6006649732589722
 },
 "unk_5daa275": {
  "__type__": "AABB",
  "__typeHash__": 2408934,
  "wp": {
   "x": 0.014228105545043945,
   "y": 0,
   "z": 0.10656340420246124
  },
  "wvExt": {
   "x": 0.9222590923309326,
   "y": 0.0625939890742302,
   "z": 0.10799437761306763
  }
 },
 "wpLocationPowerSrc": {
  "x": 0,
  "y": 0,
  "z": 1
 },
 "ePickStyle": 0,
 "flAttachmentScaleFactor": 1,
 "eDefaultTeam": 1,
 "eCullingLevel": 0,
 "unk_c794c59": 10,
 "unk_99ee15d": 2,
 "aAbsoluteOrientation": 0,
 "unk_3598432": 1,
 "unk_e579f8c": 1,
 "unk_9d78021": 1,
 "eTopology": 1,
 "ptMsgTriggeredEvents": [
  {
   "__type__": "MsgTriggeredEvent",
   "__typeHash__": 4134809062,
   "dwMsgKey": 22,
   "ptTriggerEvent": [
    {
     "__type__": "TriggerEventChangeLook",
     "__typeHash__": 3507772913,
     "dwType": 3507772913,
     "dwPad": 0,
     "tConditions": {
      "__type__": "TriggerConditions",
      "__typeHash__": 888408526,
      "flChance": 1,
      "bMute": 0,
      "unk_1db3ba0": 0,
      "tDelay": 0,
      "unk_f0d960e": {
       "rangeValue1": 0,
       "rangeValue2": 0
      },
      "unk_1dcbf67": {
       "rangeValue1": 0,
       "rangeValue2": 0
      },
      "eMaterial": 0,
      "dwConditionFlags": 14,
      "ePlayerCountCondition": 0,
      "unk_b51df67": 0,
      "dwPad": 0
     },
     "fGenerated": 0,
     "unk_6cba752": 0,
     "unk_e560b0b": 4294967295,
     "dwActorID": 0,
     "snoAppearance": null,
     "tLookLink": {
      "__type__": "LookLink",
      "__typeHash__": 2394153027,
      "dwLookHash": 128606857
     },
     "unk_279aa5a": 1
    }
   ],
   "tCooldown": 0
  },
  {
   "__type__": "MsgTriggeredEvent",
   "__typeHash__": 4134809062,
   "dwMsgKey": 17,
   "ptTriggerEvent": [
    {
     "__type__": "TriggerEventSpawnObject",
     "__typeHash__": 2703348374,
     "dwType": 2703348374,
     "dwPad": 0,
     "tConditions": {
      "__type__": "TriggerConditions",
      "__typeHash__": 888408526,
      "flChance": 1,
      "bMute": 0,
      "unk_1db3ba0": 0,
      "tDelay": 0,
      "unk_f0d960e": {
       "rangeValue1": 0,
       "rangeValue2": 0
      },
      "unk_1dcbf67": {
       "rangeValue1": 0,
       "rangeValue2": 0
      },
      "eMaterial": 0,
      "dwConditionFlags": 14,
      "ePlayerCountCondition": 0,
      "unk_b51df67": 0,
      "dwPad": 0
     },
     "fGenerated": 0,
     "unk_6cba752": 0,
     "unk_e560b0b": 4294967295,
     "dwID": 0,
     "snoname": {
      "__raw__": 332572,
      "__group__": 40,
      "__type__": "DT_SNO_NAME",
      "__typeHash__": 3339108615,
      "groupName": "Sound",
      "name": "Play_OBJ_Wood_Generic_Small_Break"
     },
     "tHardpointLinks": [
      {
       "__type__": "HardpointLink",
       "__typeHash__": 3639617719,
       "tInfo": {
        "__type__": "HardpointInfo",
        "__typeHash__": 3639515093,
        "dwHash": 0,
        "dwHashFlag": 0
       }
      },
      {
       "__type__": "HardpointLink",
       "__typeHash__": 3639617719,
       "tInfo": {
        "__type__": "HardpointInfo",
        "__typeHash__": 3639515093,
        "dwHash": 0,
        "dwHashFlag": 0
       }
      }
     ],
     "dwTriggerFlags": 0,
     "unk_a936bd9": 0,
     "fRandomLook": 0,
     "tLookLink": {
      "__type__": "LookLink",
      "__typeHash__": 2394153027,
      "dwLookHash": 0
     },
     "unk_48fd494": 0,
     "unk_6b8bffc": 0,
     "dwSegmentsStep": 0,
     "dwShaderMapOverride": 4294967295,
     "flScale": 1,
     "dwSeed": 0,
     "unk_b0f4eeb": 0,
     "vecScalar": {
      "x": 1,
      "y": 1
     },
     "transform": {
      "__type__": "PRTransform",
      "__typeHash__": 2588169118,
      "q": {
       "__type__": "bcQuat",
       "__typeHash__": 3955716320,
       "x": 0,
       "y": 0,
       "z": 0,
       "w": 1
      },
      "wp": {
       "x": 0,
       "y": 0,
       "z": 0
      }
     },
     "unk_315ce85": {
      "__type__": "HardpointLink",
      "__typeHash__": 3639617719,
      "tInfo": {
       "__type__": "HardpointInfo",
       "__typeHash__": 3639515093,
       "dwHash": 0,
       "dwHashFlag": 0
      }
     },
     "unk_c7fa18a": {
      "rangeValue1": 0,
      "rangeValue2": 0
     },
     "snoPowerEffectParam": null,
     "dwSpawnedActorLife": 0,
     "unk_245c537": {
      "__type__": "Type_f74028c3",
      "__typeHash__": 4148177091,
      "unk_a253b80": {
       "__type__": "Type_9bdeeb8c",
       "__typeHash__": 2615077772,
       "arEquipmentDyes": [
        null,
        null,
        null,
        null
       ],
       "nHairColor": 0,
       "nSkinColor": 0
      },
      "ptComponents": [
       {
        "__type__": "ValidComponent",
        "__typeHash__": 2842269379,
        "tComponent": 0
       },
       {
        "__type__": "ValidComponent",
        "__typeHash__": 2842269379,
        "tComponent": 0
       },
       {
        "__type__": "ValidComponent",
        "__typeHash__": 2842269379,
        "tComponent": 0
       },
       {
        "__type__": "ValidComponent",
        "__typeHash__": 2842269379,
        "tComponent": 0
       }
      ]
     },
     "ptLightInstanceData": []
    }
   ],
   "tCooldown": 0
  },
  {
   "__type__": "MsgTriggeredEvent",
   "__typeHash__": 4134809062,
   "dwMsgKey": 25,
   "ptTriggerEvent": [
    {
     "__type__": "TriggerEventSpawnObject",
     "__typeHash__": 2703348374,
     "dwType": 2703348374,
     "dwPad": 0,
     "tConditions": {
      "__type__": "TriggerConditions",
      "__typeHash__": 888408526,
      "flChance": 1,
      "bMute": 0,
      "unk_1db3ba0": 0,
      "tDelay": 0,
      "unk_f0d960e": {
       "rangeValue1": 0.5,
       "rangeValue2": 9.5
      },
      "unk_1dcbf67": {
       "rangeValue1": 0,
       "rangeValue2": 0
      },
      "eMaterial": 2,
      "dwConditionFlags": 30,
      "ePlayerCountCondition": 0,
      "unk_b51df67": 0,
      "dwPad": 0
     },
     "fGenerated": 0,
     "unk_6cba752": 0,
     "unk_e560b0b": 4294967295,
     "dwID": 0,
     "snoname": {
      "__raw__": 332395,
      "__group__": 40,
      "__type__": "DT_SNO_NAME",
      "__typeHash__": 3339108615,
      "groupName": "Sound",
      "name": "Play_OBJ_IMP_Wood_Generic_Small_Drops"
     },
     "tHardpointLinks": [
      {
       "__type__": "HardpointLink",
       "__typeHash__": 3639617719,
       "tInfo": {
        "__type__": "HardpointInfo",
        "__typeHash__": 3639515093,
        "dwHash": 0,
        "dwHashFlag": 0
       }
      },
      {
       "__type__": "HardpointLink",
       "__typeHash__": 3639617719,
       "tInfo": {
        "__type__": "HardpointInfo",