{
 "__fileName__": "data/base/meta/EyeColor/Blue Dark.eye",
 "__snoID__": 1272346,
 "__type__": "EyeColorDefinition",
 "__typeHash__": 2959453771,
 "unk_509016f": {
  "r": 43,
  "g": 70,
  "b": 89,
  "a": 255
 },
 "nSortOrder": 4,
 "unk_9da2273": [
  1,
  1,
  1,
  1,
  1
 ],
 "unk_d38eaf": {
  "r": 171,
  "g": 201,
  "b": 223,
  "a": 255
 },
 "unk_14411e2": {
  "r": 128,
  "g": 164,
  "b": 190,
  "a": 255
 },
 "flIrisBrightness": 2,
 "flIrisRotation": 45,
 "unk_66d7f27": 0.10000000149011612,
 "unk_4c3856": 0.05000000074505806,
 "unk_ca1b6fd": 1,
 "unk_746a073": 0.6499999761581421,
 "unk_245a457": 0.10499999672174454,
 "unk_17a90ea": 0.75,
 "flPupilSize": 2.700000047683716,
 "unk_ef6e5d4": 0,
 "unk_cde5290": 180,
 "unk_38b2725": 0.8999999761581421,
 "unk_141142a": 0.10000000149011612,
 "unk_1c12aa0": 0,
 "snoEmissiveMask": null
}
