{
 "__fileName__": "base/meta/EyeColor/Crystal.eye",
 "__snoID__": 1272352,
 "__type__": "EyeColorDefinition",
 "__typeHash__": 2959453771,
 "rgbaUIDisplayColor": {
  "r": 222,
  "g": 248,
  "b": 254,
  "a": 255
 },
 "nSortOrder": 10,
 "fUsableByClass": [
  1,
  1,
  1,
  1,
  1
 ],
 "rgbaIrisInner": {
  "r": 255,
  "g": 255,
  "b": 255,
  "a": 255
 },
 "rgbaIrisOuter": {
  "r": 207,
  "g": 207,
  "b": 207,
  "a": 255
 },
 "flIrisBrightness": 2.5,
 "flIrisRotation": 45,
 "flIrisRoughness": 0.20000000298023224,
 "flIrisShadowIntensity": 0.05000000074505806,
 "flIrisEmissiveStrength": 1,
 "flLimbusBlur": 0.8199999928474426,
 "flLimbusBrightness": 0.04699999839067459,
 "flLimbusThickness": 0.8600000143051147,
 "flPupilSize": 2.809999942779541,
 "flScleraRednessAmount": 0.10000000149011612,
 "flScleraRednessRotation": 180,
 "flScleraBrightness": 0.6000000238418579,
 "flScleraRoughness": 0.20000000298023224,
 "flScleraEmissiveStrength": 0,
 "snoEmissiveMask": null
}
