{
 "__fileName__": "data/base/meta/EyeColor/Green Light.eye",
 "__snoID__": 1272358,
 "__type__": "EyeColorDefinition",
 "__typeHash__": 2959453771,
 "unk_509016f": {
  "r": 171,
  "g": 196,
  "b": 136,
  "a": 255
 },
 "nSortOrder": 9,
 "unk_9da2273": [
  1,
  1,
  1,
  1,
  1
 ],
 "unk_d38eaf": {
  "r": 255,
  "g": 253,
  "b": 204,
  "a": 255
 },
 "unk_14411e2": {
  "r": 220,
  "g": 243,
  "b": 187,
  "a": 255
 },
 "flIrisBrightness": 3,
 "flIrisRotation": 45,
 "flIrisRoughness": 0.10000000149011612,
 "flIrisShadowIntensity": 0.05000000074505806,
 "unk_ca1b6fd": 1,
 "flLimbusBlur": 0.6499999761581421,
 "flLimbusBrightness": 0.10499999672174454,
 "flLimbusThickness": 0.75,
 "flPupilSize": 2.700000047683716,
 "unk_ef6e5d4": 0,
 "unk_cde5290": 180,
 "flScleraBrightness": 0.8999999761581421,
 "flScleraRoughness": 0.10000000149011612,
 "unk_1c12aa0": 0,
 "snoEmissiveMask": null
}
