{
 "__fileName__": "data/base/meta/EyeColor/White Incandescent.eye",
 "__snoID__": 1286652,
 "__type__": "EyeColorDefinition",
 "__typeHash__": 2959453771,
 "unk_509016f": {
  "r": 185,
  "g": 204,
  "b": 212,
  "a": 255
 },
 "nSortOrder": 14,
 "unk_9da2273": [
  1,
  0,
  0,
  0,
  0
 ],
 "unk_d38eaf": {
  "r": 255,
  "g": 255,
  "b": 255,
  "a": 255
 },
 "unk_14411e2": {
  "r": 227,
  "g": 227,
  "b": 227,
  "a": 255
 },
 "flIrisBrightness": 3,
 "flIrisRotation": 45,
 "flIrisRoughness": 0.10000000149011612,
 "flIrisShadowIntensity": 0.05000000074505806,
 "unk_ca1b6fd": 1,
 "flLimbusBlur": 0.6499999761581421,
 "flLimbusBrightness": 0.10499999672174454,
 "flLimbusThickness": 0.699999988079071,
 "flPupilSize": 2.5999999046325684,
 "unk_ef6e5d4": 0.30000001192092896,
 "unk_cde5290": 180,
 "flScleraBrightness": 1,
 "flScleraRoughness": 0.10000000149011612,
 "unk_1c12aa0": 0,
 "snoEmissiveMask": {
  "__raw__": 554701,
  "__group__": 44,
  "__type__": "DT_SNO",
  "__typeHash__": 2764331143,
  "groupName": "Texture",
  "name": "base_eyes_Emissive_irisMask"
 }
}
